StartDate,EndDate,Status,Progress,Duration (in seconds),Finished,RecordedDate,ResponseId,DistributionChannel,UserLanguage,Q_RecaptchaScore,Last Seen Flow Element ID,Last Seen Question IDs,haeufigkeit,alter,geschlecht,bundesland,einkommen,bildung,attention_1,spontan,t_spontan_First Click,t_spontan_Last Click,t_spontan_Page Submit,t_spontan_Click Count,bekanntheit_18,bekanntheit_1,bekanntheit_90,bekanntheit_2,bekanntheit_3,bekanntheit_4,bekanntheit_92,bekanntheit_6,bekanntheit_8,bekanntheit_9,bekanntheit_10,bekanntheit_11,bekanntheit_12,bekanntheit_19,bekanntheit_13,bekanntheit_14,bekanntheit_15,bekanntheit_16,bekanntheit_17,bekanntheit_91,bekanntheit_99,betracht_18,betracht_1,betracht_90,betracht_2,betracht_3,betracht_4,betracht_92,betracht_6,betracht_8,betracht_9,betracht_10,betracht_11,betracht_12,betracht_19,betracht_13,betracht_14,betracht_15,betracht_16,betracht_17,betracht_91,betracht_99,kauf_3monate_18,kauf_3monate_1,kauf_3monate_90,kauf_3monate_2,kauf_3monate_3,kauf_3monate_4,kauf_3monate_92,kauf_3monate_6,kauf_3monate_8,kauf_3monate_9,kauf_3monate_10,kauf_3monate_11,kauf_3monate_12,kauf_3monate_19,kauf_3monate_13,kauf_3monate_14,kauf_3monate_15,kauf_3monate_16,kauf_3monate_17,kauf_3monate_91,kauf_3monate_99,t_raster_First Click,t_raster_Last Click,t_raster_Page Submit,t_raster_Click Count,kanal_1,kanal_2,kanal_3,kanal_4,kanal_5,kanal_6,kanal_7,kanal_8,kanal_9,kanal_10,kanal_11,emotion_1,qualität_1,plv_1,zufriedenheit_1,wom_1,bedürfnis,bedeutsam,H1_1,H1_2,H1_3,H1_4,H1_5,H1_6,H1_7,H1_8,H1_9,beschreibung,intention,empfehlung,t_sentiment_First Click,t_sentiment_Last Click,t_sentiment_Page Submit,t_sentiment_Click Count,zucker,Q_RecaptchaStatus,Q_RecaptchaError,Q_BallotBoxStuffing,Q_PrivateBrowserDetected,land,PID
Start Date,End Date,Response Type,Progress,Duration (in seconds),Finished,Recorded Date,Response ID,Distribution Channel,User Language,Q_RecaptchaScore,Last Seen Flow Element ID,Last Seen Question IDs,"Wie oft kaufen Sie Schokoladenriegel, Snackriegel oder ähnliche Süßwaren?",Wie alt sind Sie?,Sie sind...,In welchem Bundesland leben Sie?,Wie hoch ist Ihr monatliches Netto-Haushaltseinkommen?,Höchster Bildungsabschluss,"Diese Frage prüft nur, ob die Fragen aufmerksam gelesen werden. Bitte ziehen Sie den Schieberegler ganz nach rechts auf 100. - Bitte klicken Sie auf den Schieberegler und ziehen Sie ihn ganz nach rechts",Welche Schokoladenriegel-Marken fallen Ihnen spontan ein?,Timing – Erster Klick,Timing – Letzter Klick,Timing – Seite absenden,Timing – Auf Anzahl klicken,Von welchen der folgenden Schokoladen-/Snackmarken haben Sie schon einmal gehört? Mehrfachnennungen sind möglich. - AHEAD,Von welchen der folgenden Schokoladen-/Snackmarken haben Sie schon einmal gehört? Mehrfachnennungen sind möglich. - Balisto,Von welchen der folgenden Schokoladen-/Snackmarken haben Sie schon einmal gehört? Mehrfachnennungen sind möglich. - Barebells,Von welchen der folgenden Schokoladen-/Snackmarken haben Sie schon einmal gehört? Mehrfachnennungen sind möglich. - BE-KIND,Von welchen der folgenden Schokoladen-/Snackmarken haben Sie schon einmal gehört? Mehrfachnennungen sind möglich. - Bounty,Von welchen der folgenden Schokoladen-/Snackmarken haben Sie schon einmal gehört? Mehrfachnennungen sind möglich. - Corny,Von welchen der folgenden Schokoladen-/Snackmarken haben Sie schon einmal gehört? Mehrfachnennungen sind möglich. - Duplo,Von welchen der folgenden Schokoladen-/Snackmarken haben Sie schon einmal gehört? Mehrfachnennungen sind möglich. - Hanuta,Von welchen der folgenden Schokoladen-/Snackmarken haben Sie schon einmal gehört? Mehrfachnennungen sind möglich. - Kinder,Von welchen der folgenden Schokoladen-/Snackmarken haben Sie schon einmal gehört? Mehrfachnennungen sind möglich. - Knoppers,Von welchen der folgenden Schokoladen-/Snackmarken haben Sie schon einmal gehört? Mehrfachnennungen sind möglich. - Manner,Von welchen der folgenden Schokoladen-/Snackmarken haben Sie schon einmal gehört? Mehrfachnennungen sind möglich. - Mars,Von welchen der folgenden Schokoladen-/Snackmarken haben Sie schon einmal gehört? Mehrfachnennungen sind möglich. - Milka,Von welchen der folgenden Schokoladen-/Snackmarken haben Sie schon einmal gehört? Mehrfachnennungen sind möglich. - More Nutrition,Von welchen der folgenden Schokoladen-/Snackmarken haben Sie schon einmal gehört? Mehrfachnennungen sind möglich. - NEOH,Von welchen der folgenden Schokoladen-/Snackmarken haben Sie schon einmal gehört? Mehrfachnennungen sind möglich. - Nicks,Von welchen der folgenden Schokoladen-/Snackmarken haben Sie schon einmal gehört? Mehrfachnennungen sind möglich. - Nucao,Von welchen der folgenden Schokoladen-/Snackmarken haben Sie schon einmal gehört? Mehrfachnennungen sind möglich. - Pick Up!,Von welchen der folgenden Schokoladen-/Snackmarken haben Sie schon einmal gehört? Mehrfachnennungen sind möglich. - Snickers,Von welchen der folgenden Schokoladen-/Snackmarken haben Sie schon einmal gehört? Mehrfachnennungen sind möglich. - Xucker,Von welchen der folgenden Schokoladen-/Snackmarken haben Sie schon einmal gehört? Mehrfachnennungen sind möglich. - KEINE Marke,Welche dieser Schokoladen-/Snackmarken würden Sie beim nächsten Kauf eines Schokoladen- oder Snackriegels in Betracht ziehen? Mehrfachnennungen sind möglich. - AHEAD,Welche dieser Schokoladen-/Snackmarken würden Sie beim nächsten Kauf eines Schokoladen- oder Snackriegels in Betracht ziehen? Mehrfachnennungen sind möglich. - Balisto,Welche dieser Schokoladen-/Snackmarken würden Sie beim nächsten Kauf eines Schokoladen- oder Snackriegels in Betracht ziehen? Mehrfachnennungen sind möglich. - Barebells,Welche dieser Schokoladen-/Snackmarken würden Sie beim nächsten Kauf eines Schokoladen- oder Snackriegels in Betracht ziehen? Mehrfachnennungen sind möglich. - BE-KIND,Welche dieser Schokoladen-/Snackmarken würden Sie beim nächsten Kauf eines Schokoladen- oder Snackriegels in Betracht ziehen? Mehrfachnennungen sind möglich. - Bounty,Welche dieser Schokoladen-/Snackmarken würden Sie beim nächsten Kauf eines Schokoladen- oder Snackriegels in Betracht ziehen? Mehrfachnennungen sind möglich. - Corny,Welche dieser Schokoladen-/Snackmarken würden Sie beim nächsten Kauf eines Schokoladen- oder Snackriegels in Betracht ziehen? Mehrfachnennungen sind möglich. - Duplo,Welche dieser Schokoladen-/Snackmarken würden Sie beim nächsten Kauf eines Schokoladen- oder Snackriegels in Betracht ziehen? Mehrfachnennungen sind möglich. - Hanuta,Welche dieser Schokoladen-/Snackmarken würden Sie beim nächsten Kauf eines Schokoladen- oder Snackriegels in Betracht ziehen? Mehrfachnennungen sind möglich. - Kinder,Welche dieser Schokoladen-/Snackmarken würden Sie beim nächsten Kauf eines Schokoladen- oder Snackriegels in Betracht ziehen? Mehrfachnennungen sind möglich. - Knoppers,Welche dieser Schokoladen-/Snackmarken würden Sie beim nächsten Kauf eines Schokoladen- oder Snackriegels in Betracht ziehen? Mehrfachnennungen sind möglich. - Manner,Welche dieser Schokoladen-/Snackmarken würden Sie beim nächsten Kauf eines Schokoladen- oder Snackriegels in Betracht ziehen? Mehrfachnennungen sind möglich. - Mars,Welche dieser Schokoladen-/Snackmarken würden Sie beim nächsten Kauf eines Schokoladen- oder Snackriegels in Betracht ziehen? Mehrfachnennungen sind möglich. - Milka,Welche dieser Schokoladen-/Snackmarken würden Sie beim nächsten Kauf eines Schokoladen- oder Snackriegels in Betracht ziehen? Mehrfachnennungen sind möglich. - More Nutrition,Welche dieser Schokoladen-/Snackmarken würden Sie beim nächsten Kauf eines Schokoladen- oder Snackriegels in Betracht ziehen? Mehrfachnennungen sind möglich. - NEOH,Welche dieser Schokoladen-/Snackmarken würden Sie beim nächsten Kauf eines Schokoladen- oder Snackriegels in Betracht ziehen? Mehrfachnennungen sind möglich. - Nicks,Welche dieser Schokoladen-/Snackmarken würden Sie beim nächsten Kauf eines Schokoladen- oder Snackriegels in Betracht ziehen? Mehrfachnennungen sind möglich. - Nucao,Welche dieser Schokoladen-/Snackmarken würden Sie beim nächsten Kauf eines Schokoladen- oder Snackriegels in Betracht ziehen? Mehrfachnennungen sind möglich. - Pick Up!,Welche dieser Schokoladen-/Snackmarken würden Sie beim nächsten Kauf eines Schokoladen- oder Snackriegels in Betracht ziehen? Mehrfachnennungen sind möglich. - Snickers,Welche dieser Schokoladen-/Snackmarken würden Sie beim nächsten Kauf eines Schokoladen- oder Snackriegels in Betracht ziehen? Mehrfachnennungen sind möglich. - Xucker,Welche dieser Schokoladen-/Snackmarken würden Sie beim nächsten Kauf eines Schokoladen- oder Snackriegels in Betracht ziehen? Mehrfachnennungen sind möglich. - KEINE Marke,Welche dieser Schokoladen-/Snackmarken haben Sie in den letzten 3 Monaten gekauft? Mehrfachnennungen sind möglich. - AHEAD,Welche dieser Schokoladen-/Snackmarken haben Sie in den letzten 3 Monaten gekauft? Mehrfachnennungen sind möglich. - Balisto,Welche dieser Schokoladen-/Snackmarken haben Sie in den letzten 3 Monaten gekauft? Mehrfachnennungen sind möglich. - Barebells,Welche dieser Schokoladen-/Snackmarken haben Sie in den letzten 3 Monaten gekauft? Mehrfachnennungen sind möglich. - BE-KIND,Welche dieser Schokoladen-/Snackmarken haben Sie in den letzten 3 Monaten gekauft? Mehrfachnennungen sind möglich. - Bounty,Welche dieser Schokoladen-/Snackmarken haben Sie in den letzten 3 Monaten gekauft? Mehrfachnennungen sind möglich. - Corny,Welche dieser Schokoladen-/Snackmarken haben Sie in den letzten 3 Monaten gekauft? Mehrfachnennungen sind möglich. - Duplo,Welche dieser Schokoladen-/Snackmarken haben Sie in den letzten 3 Monaten gekauft? Mehrfachnennungen sind möglich. - Hanuta,Welche dieser Schokoladen-/Snackmarken haben Sie in den letzten 3 Monaten gekauft? Mehrfachnennungen sind möglich. - Kinder,Welche dieser Schokoladen-/Snackmarken haben Sie in den letzten 3 Monaten gekauft? Mehrfachnennungen sind möglich. - Knoppers,Welche dieser Schokoladen-/Snackmarken haben Sie in den letzten 3 Monaten gekauft? Mehrfachnennungen sind möglich. - Manner,Welche dieser Schokoladen-/Snackmarken haben Sie in den letzten 3 Monaten gekauft? Mehrfachnennungen sind möglich. - Mars,Welche dieser Schokoladen-/Snackmarken haben Sie in den letzten 3 Monaten gekauft? Mehrfachnennungen sind möglich. - Milka,Welche dieser Schokoladen-/Snackmarken haben Sie in den letzten 3 Monaten gekauft? Mehrfachnennungen sind möglich. - More Nutrition,Welche dieser Schokoladen-/Snackmarken haben Sie in den letzten 3 Monaten gekauft? Mehrfachnennungen sind möglich. - NEOH,Welche dieser Schokoladen-/Snackmarken haben Sie in den letzten 3 Monaten gekauft? Mehrfachnennungen sind möglich. - Nicks,Welche dieser Schokoladen-/Snackmarken haben Sie in den letzten 3 Monaten gekauft? Mehrfachnennungen sind möglich. - Nucao,Welche dieser Schokoladen-/Snackmarken haben Sie in den letzten 3 Monaten gekauft? Mehrfachnennungen sind möglich. - Pick Up!,Welche dieser Schokoladen-/Snackmarken haben Sie in den letzten 3 Monaten gekauft? Mehrfachnennungen sind möglich. - Snickers,Welche dieser Schokoladen-/Snackmarken haben Sie in den letzten 3 Monaten gekauft? Mehrfachnennungen sind möglich. - Xucker,Welche dieser Schokoladen-/Snackmarken haben Sie in den letzten 3 Monaten gekauft? Mehrfachnennungen sind möglich. - KEINE Marke,Timing – Erster Klick,Timing – Letzter Klick,Timing – Seite absenden,Timing – Auf Anzahl klicken,In welchen der folgenden Kanäle haben Sie im letzten Monat von NEOH gehört oder NEOH gesehen? Mehrfachnennungen sind möglich. - TV-Werbung,In welchen der folgenden Kanäle haben Sie im letzten Monat von NEOH gehört oder NEOH gesehen? Mehrfachnennungen sind möglich. - Printwerbung (Zeitungen/Zeitschriften),In welchen der folgenden Kanäle haben Sie im letzten Monat von NEOH gehört oder NEOH gesehen? Mehrfachnennungen sind möglich. - Werbung auf Websites,In welchen der folgenden Kanäle haben Sie im letzten Monat von NEOH gehört oder NEOH gesehen? Mehrfachnennungen sind möglich. - Instagram/Facebook,In welchen der folgenden Kanäle haben Sie im letzten Monat von NEOH gehört oder NEOH gesehen? Mehrfachnennungen sind möglich. - YouTube,In welchen der folgenden Kanäle haben Sie im letzten Monat von NEOH gehört oder NEOH gesehen? Mehrfachnennungen sind möglich. - TikTok,In welchen der folgenden Kanäle haben Sie im letzten Monat von NEOH gehört oder NEOH gesehen? Mehrfachnennungen sind möglich. - Influencer-/Content-Creator-Empfehlungen,"In welchen der folgenden Kanäle haben Sie im letzten Monat von NEOH gehört oder NEOH gesehen? Mehrfachnennungen sind möglich. - Supermarkt (Regal, Display)","In welchen der folgenden Kanäle haben Sie im letzten Monat von NEOH gehört oder NEOH gesehen? Mehrfachnennungen sind möglich. - Mundpropaganda (Freunde, Familie, Kollegen)","In welchen der folgenden Kanäle haben Sie im letzten Monat von NEOH gehört oder NEOH gesehen? Mehrfachnennungen sind möglich. - Außenwerbung (Plakate, öffentlicher Nahverkehr)",In welchen der folgenden Kanäle haben Sie im letzten Monat von NEOH gehört oder NEOH gesehen? Mehrfachnennungen sind möglich. - In keinem dieser Kanäle,Haben Sie ein allgemein positives oder negatives Gefühl gegenüber NEOH? - Bitte klicken Sie auf den Schieberegler und ziehen Sie die Maus links oder rechts,Steht NEOH für gute oder schlechte Qualität? - Bitte klicken Sie auf den Schieberegler und ziehen Sie die Maus links oder rechts,Bietet NEOH ein gutes oder schlechtes Preis-Leistungs-Verhältnis? - Bitte klicken Sie auf den Schieberegler und ziehen Sie die Maus links oder rechts,"Wenn Sie NEOH gekauft und konsumiert haben, sind Sie zufrieden oder unzufrieden? - Bitte klicken Sie auf den Schieberegler und ziehen Sie die Maus links oder rechts",Haben Sie in den letzten zwei Wochen etwas Positives oder Negatives über NEOH gehört? - Bitte klicken Sie auf den Schieberegler und ziehen Sie die Maus links oder rechts,"Inwieweit erfüllt NEOH Ihre Bedürfnisse bei Schokoladen-/Snackriegeln? (0 = Gar nicht, 10 = Vollständig)","Wie persönlich bedeutsam ist NEOH für Sie? (0 = Gar nicht, 10 = Äußerst bedeutsam)","Sie haben angegeben, dass Sie NEOH in Betracht ziehen würden, aber kürzlich nicht gekauft haben. Welche der folgenden Gründe treffen zu? Mehrfachnennungen möglich. - Zu teuer","Sie haben angegeben, dass Sie NEOH in Betracht ziehen würden, aber kürzlich nicht gekauft haben. Welche der folgenden Gründe treffen zu? Mehrfachnennungen möglich. - Nicht in meinem bevorzugten Geschäft erhältlich","Sie haben angegeben, dass Sie NEOH in Betracht ziehen würden, aber kürzlich nicht gekauft haben. Welche der folgenden Gründe treffen zu? Mehrfachnennungen möglich. - Sehe ich nie im Regal","Sie haben angegeben, dass Sie NEOH in Betracht ziehen würden, aber kürzlich nicht gekauft haben. Welche der folgenden Gründe treffen zu? Mehrfachnennungen möglich. - Begrenzte Geschmacksauswahl","Sie haben angegeben, dass Sie NEOH in Betracht ziehen würden, aber kürzlich nicht gekauft haben. Welche der folgenden Gründe treffen zu? Mehrfachnennungen möglich. - Nicht in der gewünschten Packungsgröße erhältlich","Sie haben angegeben, dass Sie NEOH in Betracht ziehen würden, aber kürzlich nicht gekauft haben. Welche der folgenden Gründe treffen zu? Mehrfachnennungen möglich. - Nie im Angebot","Sie haben angegeben, dass Sie NEOH in Betracht ziehen würden, aber kürzlich nicht gekauft haben. Welche der folgenden Gründe treffen zu? Mehrfachnennungen möglich. - Meine Familie/mein Haushalt bevorzugt sie nicht","Sie haben angegeben, dass Sie NEOH in Betracht ziehen würden, aber kürzlich nicht gekauft haben. Welche der folgenden Gründe treffen zu? Mehrfachnennungen möglich. - Ich weiß nicht genug darüber","Sie haben angegeben, dass Sie NEOH in Betracht ziehen würden, aber kürzlich nicht gekauft haben. Welche der folgenden Gründe treffen zu? Mehrfachnennungen möglich. - Sonstiges",Wie würden Sie NEOH einem Freund beschreiben?,"Wie wahrscheinlich ist es, dass Sie NEOH im nächsten Monat kaufen?","Wie wahrscheinlich ist es, dass Sie NEOH einem Freund empfehlen? (0 = gar nicht, 10 = sehr wahrscheinlich)",Timing – Erster Klick,Timing – Letzter Klick,Timing – Seite absenden,Timing – Auf Anzahl klicken,"Wie wichtig ist es Ihnen, Zucker in Ihrer Ernährung zu reduzieren?",Q_RecaptchaStatus,Q_RecaptchaError,Q_BallotBoxStuffing,Q_PrivateBrowserDetected,land,PID
"{""ImportId"":""startDate"",""timeZone"":""Europe/Berlin""}","{""ImportId"":""endDate"",""timeZone"":""Europe/Berlin""}","{""ImportId"":""status""}","{""ImportId"":""progress""}","{""ImportId"":""duration""}","{""ImportId"":""finished""}","{""ImportId"":""recordedDate"",""timeZone"":""Europe/Berlin""}","{""ImportId"":""_recordId""}","{""ImportId"":""distributionChannel""}","{""ImportId"":""userLanguage""}","{""ImportId"":""Q_RecaptchaScore""}","{""ImportId"":""LastSeenFlowID""}","{""ImportId"":""LastSeenQuestions""}","{""ImportId"":""QID2""}","{""ImportId"":""QID3""}","{""ImportId"":""QID4""}","{""ImportId"":""QID5""}","{""ImportId"":""QID35""}","{""ImportId"":""QID36""}","{""ImportId"":""QID47_1""}","{""ImportId"":""QID6_TEXT""}","{""ImportId"":""QID48_FIRST_CLICK""}","{""ImportId"":""QID48_LAST_CLICK""}","{""ImportId"":""QID48_PAGE_SUBMIT""}","{""ImportId"":""QID48_CLICK_COUNT""}","{""ImportId"":""QID7"",""choiceId"":""18""}","{""ImportId"":""QID7"",""choiceId"":""1""}","{""ImportId"":""QID7"",""choiceId"":""90""}","{""ImportId"":""QID7"",""choiceId"":""2""}","{""ImportId"":""QID7"",""choiceId"":""3""}","{""ImportId"":""QID7"",""choiceId"":""4""}","{""ImportId"":""QID7"",""choiceId"":""92""}","{""ImportId"":""QID7"",""choiceId"":""6""}","{""ImportId"":""QID7"",""choiceId"":""8""}","{""ImportId"":""QID7"",""choiceId"":""9""}","{""ImportId"":""QID7"",""choiceId"":""10""}","{""ImportId"":""QID7"",""choiceId"":""11""}","{""ImportId"":""QID7"",""choiceId"":""12""}","{""ImportId"":""QID7"",""choiceId"":""19""}","{""ImportId"":""QID7"",""choiceId"":""13""}","{""ImportId"":""QID7"",""choiceId"":""14""}","{""ImportId"":""QID7"",""choiceId"":""15""}","{""ImportId"":""QID7"",""choiceId"":""16""}","{""ImportId"":""QID7"",""choiceId"":""17""}","{""ImportId"":""QID7"",""choiceId"":""91""}","{""ImportId"":""QID7"",""choiceId"":""99""}","{""ImportId"":""QID45"",""choiceId"":""18""}","{""ImportId"":""QID45"",""choiceId"":""1""}","{""ImportId"":""QID45"",""choiceId"":""90""}","{""ImportId"":""QID45"",""choiceId"":""2""}","{""ImportId"":""QID45"",""choiceId"":""3""}","{""ImportId"":""QID45"",""choiceId"":""4""}","{""ImportId"":""QID45"",""choiceId"":""92""}","{""ImportId"":""QID45"",""choiceId"":""6""}","{""ImportId"":""QID45"",""choiceId"":""8""}","{""ImportId"":""QID45"",""choiceId"":""9""}","{""ImportId"":""QID45"",""choiceId"":""10""}","{""ImportId"":""QID45"",""choiceId"":""11""}","{""ImportId"":""QID45"",""choiceId"":""12""}","{""ImportId"":""QID45"",""choiceId"":""19""}","{""ImportId"":""QID45"",""choiceId"":""13""}","{""ImportId"":""QID45"",""choiceId"":""14""}","{""ImportId"":""QID45"",""choiceId"":""15""}","{""ImportId"":""QID45"",""choiceId"":""16""}","{""ImportId"":""QID45"",""choiceId"":""17""}","{""ImportId"":""QID45"",""choiceId"":""91""}","{""ImportId"":""QID45"",""choiceId"":""99""}","{""ImportId"":""QID46"",""choiceId"":""18""}","{""ImportId"":""QID46"",""choiceId"":""1""}","{""ImportId"":""QID46"",""choiceId"":""90""}","{""ImportId"":""QID46"",""choiceId"":""2""}","{""ImportId"":""QID46"",""choiceId"":""3""}","{""ImportId"":""QID46"",""choiceId"":""4""}","{""ImportId"":""QID46"",""choiceId"":""92""}","{""ImportId"":""QID46"",""choiceId"":""6""}","{""ImportId"":""QID46"",""choiceId"":""8""}","{""ImportId"":""QID46"",""choiceId"":""9""}","{""ImportId"":""QID46"",""choiceId"":""10""}","{""ImportId"":""QID46"",""choiceId"":""11""}","{""ImportId"":""QID46"",""choiceId"":""12""}","{""ImportId"":""QID46"",""choiceId"":""19""}","{""ImportId"":""QID46"",""choiceId"":""13""}","{""ImportId"":""QID46"",""choiceId"":""14""}","{""ImportId"":""QID46"",""choiceId"":""15""}","{""ImportId"":""QID46"",""choiceId"":""16""}","{""ImportId"":""QID46"",""choiceId"":""17""}","{""ImportId"":""QID46"",""choiceId"":""91""}","{""ImportId"":""QID46"",""choiceId"":""99""}","{""ImportId"":""QID49_FIRST_CLICK""}","{""ImportId"":""QID49_LAST_CLICK""}","{""ImportId"":""QID49_PAGE_SUBMIT""}","{""ImportId"":""QID49_CLICK_COUNT""}","{""ImportId"":""QID10"",""choiceId"":""1""}","{""ImportId"":""QID10"",""choiceId"":""2""}","{""ImportId"":""QID10"",""choiceId"":""3""}","{""ImportId"":""QID10"",""choiceId"":""4""}","{""ImportId"":""QID10"",""choiceId"":""5""}","{""ImportId"":""QID10"",""choiceId"":""6""}","{""ImportId"":""QID10"",""choiceId"":""7""}","{""ImportId"":""QID10"",""choiceId"":""8""}","{""ImportId"":""QID10"",""choiceId"":""9""}","{""ImportId"":""QID10"",""choiceId"":""10""}","{""ImportId"":""QID10"",""choiceId"":""11""}","{""ImportId"":""QID12_1""}","{""ImportId"":""QID13_1""}","{""ImportId"":""QID38_1""}","{""ImportId"":""QID39_1""}","{""ImportId"":""QID22_1""}","{""ImportId"":""QID26""}","{""ImportId"":""QID44""}","{""ImportId"":""QID29"",""choiceId"":""1""}","{""ImportId"":""QID29"",""choiceId"":""2""}","{""ImportId"":""QID29"",""choiceId"":""3""}","{""ImportId"":""QID29"",""choiceId"":""4""}","{""ImportId"":""QID29"",""choiceId"":""5""}","{""ImportId"":""QID29"",""choiceId"":""6""}","{""ImportId"":""QID29"",""choiceId"":""7""}","{""ImportId"":""QID29"",""choiceId"":""8""}","{""ImportId"":""QID29"",""choiceId"":""9""}","{""ImportId"":""QID31_TEXT""}","{""ImportId"":""QID33""}","{""ImportId"":""QID34""}","{""ImportId"":""QID50_FIRST_CLICK""}","{""ImportId"":""QID50_LAST_CLICK""}","{""ImportId"":""QID50_PAGE_SUBMIT""}","{""ImportId"":""QID50_CLICK_COUNT""}","{""ImportId"":""QID37""}","{""ImportId"":""Q_RecaptchaStatus""}","{""ImportId"":""Q_RecaptchaError""}","{""ImportId"":""Q_BallotBoxStuffing""}","{""ImportId"":""Q_PrivateBrowserDetected""}","{""ImportId"":""land""}","{""ImportId"":""PID""}"
2026-09-25 14:20:27,2026-09-25 14:20:57,0,100,29,1,2026-09-25 14:20:57,R_2DREqcgYFX0vOkp,anonymous,DE,1,FL_EOS_ID,,2,3,1,8,4,7,100,zhhh,1.662,1.662,3.478,1,,,,1,,,,,,,,,,,,,,,,,,,,,,,,,,,1,,,,,,,,,,,,,1,,,,,,,,,,,,,,,,,,,,1.048,4.67,5.471,3,,,,,,,,,,,,,,,,,,,,,,,,,,,,,,,,,,,3,complete,,,,DE,1___c74e6a721328b487bc890d2ad27b6577_QYFQHENY
2026-09-25 14:22:08,2026-09-25 14:24:07,0,100,119,1,2026-09-25 14:24:08,R_2kR5nFIzjqF7uAp,anonymous,DE,1,FL_EOS_ID,,3,3,1,8,4,9,-86,j,96.057,96.057,97.173,1,,,,,1,,,,,,,,,,,,,,,,,,,,,,,,,,,,,,,,,1,,,,,,,,,,,,,,,,,,1,,,,,,,,0.705,2.927,4.265,4,,,,,,,,,,,,,,,,,,,,,,,,,,,,,,,,,,,3,complete,,,,DE,1___98e2d3414d5e7fc451799dedf6c04627_QYFQHENY
2026-09-25 15:06:18,2026-09-25 15:06:34,0,100,15,1,2026-09-25 15:06:34,R_8UCjWlOzVvl2K7n,anonymous,DE,1,FL_38,,3,4,2,8,4,8,24,,,,,,,,,,,,,,,,,,,,,,,,,,,,,,,,,,,,,,,,,,,,,,,,,,,,,,,,,,,,,,,,,,,,,,,,,,,,,,,,,,,,,,,,,,,,,,,,,,,,,,,,,,,,complete,,,,DE,
2026-09-25 15:12:51,2026-09-25 15:13:11,0,100,19,1,2026-09-25 15:13:11,R_2fqjxMQw3TLycfu,anonymous,DE,1,FL_38,,1,3,2,1,3,,46,,,,,,,,,,,,,,,,,,,,,,,,,,,,,,,,,,,,,,,,,,,,,,,,,,,,,,,,,,,,,,,,,,,,,,,,,,,,,,,,,,,,,,,,,,,,,,,,,,,,,,,,,,,,complete,,,,DE,1___67ac4970b46bc1af453c766004e504f3_QYFQHENY
2026-09-25 15:13:33,2026-09-25 15:14:00,0,100,26,1,2026-09-25 15:14:00,R_2hfGavPePfWiyKA,anonymous,DE,1,FL_38,,1,2,2,9,3,4,36,,,,,,,,,,,,,,,,,,,,,,,,,,,,,,,,,,,,,,,,,,,,,,,,,,,,,,,,,,,,,,,,,,,,,,,,,,,,,,,,,,,,,,,,,,,,,,,,,,,,,,,,,,,,complete,,,,DE,1___7a053dcba4ecf2064e163e1a80d7213b_QYFQHENY
2026-09-25 15:12:43,2026-09-25 15:14:34,0,100,110,1,2026-09-25 15:14:35,R_8pJ8Ldk7vgehPtT,anonymous,DE,0.30000001192092896,FL_EOS_ID,,3,6,2,7,3,4,100,"Mars, milkyway sniccers,bounti",1.495,1.495,21.981,1,,1,,,1,1,1,1,1,1,1,1,1,,,,,1,1,,,,,,,,,1,,1,,,1,1,,,,,,,,,,,,,,,,,1,,,1,1,,,,,,,,,2.771,42.898,43.566,33,,,,,,,,,,,,,,,,,,,,,,,,,,,,,,,,,,,4,complete,,,true,DE,1___7eb4b9c04930b03d42e98037e504c32b_QYFQHENY
2026-09-25 15:13:00,2026-09-25 15:14:48,0,100,107,1,2026-09-25 15:14:48,R_2EMUgtPThTuZO6w,anonymous,DE,0.30000001192092896,FL_EOS_ID,,1,4,2,9,3,1,100,"Milka,Kinder",2.277,11.163,11.6,2,,1,1,,1,1,1,1,1,1,1,1,1,,,1,,1,1,1,,,,,,,1,1,,1,1,,1,1,,,,,,,,,,,,,,,,,,1,,1,1,,,,,,,,,1.307,53.878,55.1,35,,,,,,,,,,,,,,,,,,,,,,,,,,,,,,,,,,,5,complete,,,,DE,1___e5c7c05c5be08c84977d27739e5224c9_QYFQHENY
2026-09-25 15:13:20,2026-09-25 15:15:19,0,100,119,1,2026-09-25 15:15:19,R_2ILQ0fkIFUzAuZ0,anonymous,DE,0.6000000238418579,FL_EOS_ID,,4,6,2,2,3,7,100,lindt milka,2.209,2.209,23.141,1,,,1,,1,1,1,1,1,1,1,1,1,,,,,,1,,,,,,,,1,1,,,,1,1,,,,,,,1,,,,,,,,1,1,,,,,,,,,,,,1,,,4.61,44.749,47.525,20,,,,,,,,,,,,,,,,,,,,,,,,,,,,,,,,,,,5,complete,,,,DE,1___8c7329e05728eb5ed4a419eebb1a73dd_QYFQHENY
2026-09-25 15:15:00,2026-09-25 15:15:30,0,100,30,1,2026-09-25 15:15:31,R_8PsFyF94MQrfaht,anonymous,DE,0.30000001192092896,FL_38,,2,4,2,7,5,5,33,,,,,,,,,,,,,,,,,,,,,,,,,,,,,,,,,,,,,,,,,,,,,,,,,,,,,,,,,,,,,,,,,,,,,,,,,,,,,,,,,,,,,,,,,,,,,,,,,,,,,,,,,,,,complete,,,true,DE,1___6c1c0b4168fcebe05a967d223ab7fb51_QYFQHENY
2026-09-25 15:14:08,2026-09-25 15:15:46,0,100,97,1,2026-09-25 15:15:46,R_8khxeVabSGYIpHJ,anonymous,DE,0,FL_EOS_ID,,3,5,2,9,2,4,100,Ritter Sport,1.668,1.668,9.898,1,,,,,1,,1,1,1,1,,1,1,,,,,,1,,,,,,,,,1,1,,1,,,,,,,,,1,,,,,,,,,1,,,,,,,,,,,,1,,,3.305,42.684,43.288,28,,,,,,,,,,,,,,,,,,,,,,,,,,,,,,,,,,,5,complete,,,true,DE,1___e6c80202c2d2fceaade47472d7b20ca9_QYFQHENY
2026-09-25 15:15:10,2026-09-25 15:15:50,0,100,39,1,2026-09-25 15:15:51,R_84oqaFq0t35o7VQ,anonymous,DE,0.30000001192092896,FL_38,,3,3,2,3,4,7,58,,,,,,,,,,,,,,,,,,,,,,,,,,,,,,,,,,,,,,,,,,,,,,,,,,,,,,,,,,,,,,,,,,,,,,,,,,,,,,,,,,,,,,,,,,,,,,,,,,,,,,,,,,,,complete,,,,DE,1___8350050f77da2f75734a8a18d350f0f2_QYFQHENY
2026-09-25 15:14:00,2026-09-25 15:15:59,0,100,119,1,2026-09-25 15:16:00,R_8y8wO9r1IyaKXoV,anonymous,DE,0.4000000059604645,FL_EOS_ID,,5,4,1,7,2,2,100,Snickers und Mars Milky Way,2.663,2.663,21.101,1,,1,,,1,1,1,1,1,1,,1,1,,,,,1,1,,,,1,,,1,1,1,1,1,1,,1,1,,,,,1,1,,,,,,,,,,1,1,1,,1,,,,,,,1,,,3.772,42.775,43.509,35,,,,,,,,,,,,,,,,,,,,,,,,,,,,,,,,,,,2,complete,,,,DE,1___9e80bb75cc9829f892e497fa4beb44d8_QYFQHENY
2026-09-25 15:15:11,2026-09-25 15:16:11,0,100,59,1,2026-09-25 15:16:11,R_2IYvginELBtMzcT,anonymous,DE,1,FL_38,,2,4,2,3,4,5,29,,,,,,,,,,,,,,,,,,,,,,,,,,,,,,,,,,,,,,,,,,,,,,,,,,,,,,,,,,,,,,,,,,,,,,,,,,,,,,,,,,,,,,,,,,,,,,,,,,,,,,,,,,,,complete,,,,DE,1___b9e43bc6ce198ed683d9ded614c29c3e_QYFQHENY
2026-09-25 15:15:53,2026-09-25 15:16:24,0,100,31,1,2026-09-25 15:16:25,R_8uOO4NzGQIThtPm,anonymous,DE,0.30000001192092896,FL_38,,2,3,2,6,1,2,0,,,,,,,,,,,,,,,,,,,,,,,,,,,,,,,,,,,,,,,,,,,,,,,,,,,,,,,,,,,,,,,,,,,,,,,,,,,,,,,,,,,,,,,,,,,,,,,,,,,,,,,,,,,,complete,,,,DE,1___d35ba68e7513176ada39eeac7db5f6bd_QYFQHENY
2026-09-25 15:13:53,2026-09-25 15:16:36,0,100,163,1,2026-09-25 15:16:37,R_8ta2KOI7ISpOfaL,anonymous,DE,0.30000001192092896,FL_EOS_ID,,1,5,2,1,4,4,100,"kitkat ",3.922,3.922,17.389,1,,,,,1,,1,1,,1,,1,1,,,1,,,1,,,,,,,1,,1,1,,,,1,1,,,,,,1,,,,,,,,,1,,,1,,,1,,,,,,1,,,2.931,55.724,56.513,28,,,,,,,,,,,,,,,,,,,,,,,,,,,,,,,,,,,5,complete,,,true,DE,1___de58498fb9359716c42be40a0a98af3f_QYFQHENY
2026-09-25 15:16:10,2026-09-25 15:16:41,0,100,30,1,2026-09-25 15:16:41,R_8lLXvGylEvoRxzH,anonymous,DE,1,FL_38,,3,3,1,7,2,3,65,,,,,,,,,,,,,,,,,,,,,,,,,,,,,,,,,,,,,,,,,,,,,,,,,,,,,,,,,,,,,,,,,,,,,,,,,,,,,,,,,,,,,,,,,,,,,,,,,,,,,,,,,,,,complete,,,,DE,1___e418d9abe38d7775454066ea530bacc5_QYFQHENY
2026-09-25 15:14:52,2026-09-25 15:16:54,0,100,122,1,2026-09-25 15:16:55,R_8rrdpSRSnmoGkml,anonymous,DE,1,FL_EOS_ID,,6,5,1,9,3,4,100,snickers,1.88,9.295,10.178,2,,1,,,1,1,1,1,1,1,1,1,1,,,,,1,1,,,,,,,1,,1,1,1,1,,1,,,,,,1,1,,,,,,,,,,,,,,,,,,,,,,,1,4.1,42.492,43.519,21,,,,,,,,,,,,,,,,,,,,,,,,,,,,,,,,,,,5,complete,,,,DE,1___944bc1497ccfc2d60be93c7f641812bb_QYFQHENY
2026-09-25 15:15:38,2026-09-25 15:17:29,0,100,110,1,2026-09-25 15:17:29,R_8pG91Nb1cNo51ob,anonymous,DE,1,FL_EOS_ID,,3,3,1,1,3,3,100,Mars,3.775,9.231,10.282,2,,,,,1,,,1,,1,,1,,,,,,,1,,,,,,,,,,1,,1,,1,,,,,,,1,,,,,,,,,,1,,1,,,,,,,,,,,,4,54.631,55.42,20,,,,,,,,,,,,,,,,,,,,,,,,,,,,,,,,,,,4,complete,,,,DE,1___0882236a555ca5ee846e10697c802c3f_QYFQHENY
2026-09-25 15:16:34,2026-09-25 15:17:34,0,100,60,1,2026-09-25 15:17:35,R_2D7tjpxeaasG5l7,anonymous,DE,1,FL_EOS_ID,,1,2,1,3,3,5,100,Twix,1.424,6.689,7.301,2,,1,,,,,1,,,,,1,,,,,,,,,,,,,,,1,,,,,,,,,,,,,,,,,1,,,,,,,,,,,,,,,,,,,,1.326,16.316,17.4,20,,,,,,,,,,,,,,,,,,,,,,,,,,,,,,,,,,,3,complete,,,,DE,1___0938355fccad4e74a5d914976d38f855_QYFQHENY
2026-09-25 15:13:04,2026-09-25 15:17:45,0,100,280,1,2026-09-25 15:17:45,R_20M9cAw6XGHxUOw,anonymous,DE,1,FL_EOS_ID,,5,4,1,2,5,7,100,Eigenmarken,1.467,1.467,9.565,1,,,,,1,,1,1,,,,1,,,,,,,,,,,,,,,,,,,,,,,,,,,,,,1,,,,,,,,,,,,,,,,,,,,,1,5.272,23.857,25.17,7,,,,,,,,,,,,,,,,,,,,,,,,,,,,,,,,,,,3,complete,,,,DE,1___ad294be2aac5d6c828c0755a5a37be27_QYFQHENY
2026-09-25 15:16:14,2026-09-25 15:17:51,0,100,96,1,2026-09-25 15:17:51,R_8fZrw86UuS3zugs,anonymous,DE,1,FL_38,,7,6,1,8,3,4,10,,,,,,,,,,,,,,,,,,,,,,,,,,,,,,,,,,,,,,,,,,,,,,,,,,,,,,,,,,,,,,,,,,,,,,,,,,,,,,,,,,,,,,,,,,,,,,,,,,,,,,,,,,,,complete,,,true,DE,1___1cb43900de30013f1fd794afe9862cdb_QYFQHENY
2026-09-25 15:15:39,2026-09-25 15:17:57,0,100,138,1,2026-09-25 15:17:57,R_8KuLKxCvxkfDT1W,anonymous,DE,1,FL_EOS_ID,,3,5,1,7,1,4,100,Mars Twix,5.356,15.544,16.265,2,,1,,,1,1,1,1,1,1,,1,1,,,,,,1,,,,,,,,1,,1,,,,,1,,,,,,,,,,,,,,1,,,,1,,,,,,,,,,,,3.573,50.38,51.226,37,,,,,,,,,,,,,,,,,,,,,,,,,,,,,,,,,,,2,complete,,,,DE,1___47e44acffc8731a4ddc47ff0a12cdcda_QYFQHENY
2026-09-25 15:16:32,2026-09-25 15:18:04,0,100,91,1,2026-09-25 15:18:04,R_8K74mSNJyA2ruC2,anonymous,DE,1,FL_EOS_ID,,2,3,2,2,2,4,100,"Milka
",1.783,5.245,6.066,2,,1,,,1,1,1,1,1,1,,1,1,1,,,,1,1,,,,1,,,1,1,1,1,1,1,,,1,1,,,,1,1,,,,,,,,1,,1,1,1,,1,1,1,,,,,,,,2.384,44.63,46.202,48,,,,,,,,,,,,,,,,,,,,,,,,,,,,,,,,,,,3,complete,,,true,DE,1___5a46176c864f8bb9479948b81e67daa5_QYFQHENY
2026-09-25 15:17:55,2026-09-25 15:18:19,0,100,23,1,2026-09-25 15:18:19,R_80wkT8zpMuGAEw1,anonymous,DE,1,FL_38,,3,2,2,1,3,5,47,,,,,,,,,,,,,,,,,,,,,,,,,,,,,,,,,,,,,,,,,,,,,,,,,,,,,,,,,,,,,,,,,,,,,,,,,,,,,,,,,,,,,,,,,,,,,,,,,,,,,,,,,,,,complete,,,,DE,1___48b87e4f34c5ea855dbf02218540b8d5_QYFQHENY
2026-09-25 15:13:46,2026-09-25 15:18:24,0,100,278,1,2026-09-25 15:18:24,R_2I5kiy06WIUgHFd,anonymous,DE,1,FL_EOS_ID,,4,6,2,8,5,7,100,"Kinderriegel, Kinder Schokolade, Balisto",2.534,26.576,27.64,3,,1,,,1,1,1,1,1,1,1,1,1,,,,,1,1,,,,,,,,,1,1,1,1,,1,1,,,,,1,,,,,,,,,,1,1,1,1,1,,1,,,,,1,,,,6.009,57.959,59.165,39,,,,,,,,,,,,,,,,,,,,,,,,,,,,,,,,,,,5,complete,,,,DE,1___20d9347ded6eeeb779a763db2b18aee5_QYFQHENY
2026-09-25 15:16:06,2026-09-25 15:18:25,0,100,138,1,2026-09-25 15:18:26,R_2n9ky1w2hq7Vtou,anonymous,DE,0,FL_EOS_ID,,3,5,1,6,6,3,100,Mars,2.161,2.161,8.335,1,,1,,,1,,1,,1,1,,1,1,,,1,,,1,,,,1,,,1,,1,,,,,1,,,,,,,,,,,,,,1,1,1,,,,,1,,,,,,,1,,,2.154,54.816,55.975,30,,,,,,,,,,,,,,,,,,,,,,,,,,,,,,,,,,,2,complete,,,true,DE,1___0795c4f48cc501fd5451c2254d22f9de_QYFQHENY
2026-09-25 15:15:28,2026-09-25 15:18:36,0,100,187,1,2026-09-25 15:18:36,R_2FghFcHtaDGASxx,anonymous,DE,0.10000000149011612,FL_EOS_ID,,3,5,1,1,4,7,100,"Milka ",52.137,57.334,57.933,2,,1,,,1,1,1,1,1,1,,1,1,,,,,,1,,,,,,,,1,,,,,,1,1,,,,,,,,,,,,,,,,,,,,,1,,,,,,,,,2.185,26.604,27.3,20,,,,,,,,,,,,,,,,,,,,,,,,,,,,,,,,,,,2,complete,,,,DE,1___2581c6d7f05c18499031036b4e6bad7a_QYFQHENY
2026-09-25 15:17:23,2026-09-25 15:18:38,0,100,74,1,2026-09-25 15:18:38,R_2e2PmO1YLABNlMe,anonymous,DE,0.8999999761581421,FL_EOS_ID,,3,3,1,1,5,6,100,"Mars, Snickers, Twix",1.255,1.255,9.961,1,,1,,,1,1,1,1,,1,1,1,1,,,,,1,1,,,,,,,,,1,1,,1,,1,1,,,,,1,1,,,,,,,,1,1,,,1,,1,,,,,,1,,,,2.568,34.198,34.849,25,,,,,,,,,,,,,,,,,,,,,,,,,,,,,,,,,,,1,complete,,,,DE,1___1fe0404b647febb8fcbf5c956c4b4ec3_QYFQHENY
2026-09-25 15:13:38,2026-09-25 15:18:51,0,100,312,1,2026-09-25 15:18:51,R_8b14J2lbLR6GClf,anonymous,DE,1,FL_EOS_ID,,3,6,2,6,4,4,100,"Duplo, Kinder Bueno, Kitkat, Mars, Snickers, Hanuta,",1.895,1.895,100.93,1,,1,,,1,1,1,1,1,1,1,1,1,,,,,1,1,,,,,,,1,,1,1,,,,,,,,,,1,,,,,,,,1,,,1,1,,,,,,,,,1,1,,,6.239,47.588,48.498,21,,,,,,,,,,,,,,,,,,,,,,,,,,,,,,,,,,,3,complete,,,,DE,1___91338a477175681ea62ee9946ffbaf0f_QYFQHENY
2026-09-25 15:16:24,2026-09-25 15:19:04,0,100,159,1,2026-09-25 15:19:04,R_8R7UBCv7R3EEVdu,anonymous,DE,0.30000001192092896,FL_EOS_ID,,4,2,1,2,4,5,100,"Snickers, Mars, Bounty, Kinder, Milka",2.49,2.49,33.844,1,,1,1,,1,1,1,1,1,1,,1,1,1,,,,1,1,,,,,1,,,,,,,,,,,1,,,,,1,,,,,,,,,,,1,,,,1,,,,,,1,,,6.606,64.214,64.751,36,,,,,,,,,,,,,,,,,,,,,,,,,,,,,,,,,,,2,complete,,,,DE,1___a1d07daedad78067da4136f16d4d1c89_QYFQHENY
2026-09-25 15:15:58,2026-09-25 15:20:38,0,100,279,1,2026-09-25 15:20:38,R_8eet2osKBr4dKKb,anonymous,DE,1,FL_EOS_ID,,5,5,2,7,1,2,100,Toblerone milkyway,24.354,24.354,41.377,1,,1,,,1,,1,1,1,1,,1,1,,,1,,1,1,,,,,,,,,,1,,,,,,,,,,,,,,,,,,,,,,,,,,,,,,,,,,1,8.871,42.684,43.781,22,,,,,,,,,,,,,,,,,,,,,,,,,,,,,,,,,,,4,complete,,,,DE,1___45df015b33fa0074b81c50ead9dcaa4f_QYFQHENY
2026-09-25 15:18:20,2026-09-25 15:20:47,0,100,146,1,2026-09-25 15:20:48,R_8y3UU1NHJSc89Jn,anonymous,DE,1,FL_EOS_ID,,5,6,1,1,4,2,100,"Mars,Snickers",3.242,3.242,18.868,1,,,,,1,,1,,1,,,1,1,,,,,,1,,,,,,,,,1,,1,1,,,1,,,,,,,,,,,,,,,1,1,1,,,1,1,,,,,,,,,4.2,57.074,58.885,15,,,,,,,,,,,,,,,,,,,,,,,,,,,,,,,,,,,4,complete,,,,DE,1___bf38d55aa80f457b779a4b701ced30e4_QYFQHENY
2026-09-25 15:16:06,2026-09-25 15:22:44,0,100,397,1,2026-09-25 15:22:44,R_8LqKBae4MLMz3Hz,anonymous,DE,0.8999999761581421,FL_EOS_ID,,3,3,2,7,6,6,100,"Milka, Nutella, Snickers ",14.478,47.7,59.128,2,,1,1,,1,,,,1,,,1,1,,,,,,1,,,,,,,1,,,,,,,1,1,,,,,,1,,,,,,,1,,,,1,,,1,1,,,,,,1,,,7.87,101.849,104.237,34,,,,,,,,,,,,,,,,,,,,,,,,,,,,,,,,,,,4,complete,,,,DE,1___b47f5739781efbd514ac43d1ea0bce18_QYFQHENY
2026-09-25 15:23:56,2026-09-25 15:24:36,0,100,39,1,2026-09-25 15:24:37,R_2QKM919kH3OUc21,anonymous,DE,1,FL_EOS_ID,,3,2,1,2,5,5,100,Milka snickers,0.772,0.772,4.316,1,,,,,,,,,1,,,,1,,,,,,1,,,,,,,,,,,,,1,,,,,,,,,,,,1,,,,,,,,,,,,,1,,,,1,,,0.755,12.355,13.003,16,,,,,,,,,,,,,,,,,,,,,,,,,,,,,,,,,,,3,complete,,,,DE,1___68d1586950aea689eb09fbdfe4069980_QYFQHENY
2026-09-25 15:24:06,2026-09-25 15:25:17,0,100,71,1,2026-09-25 15:25:17,R_8zbHcskzdLJlPPe,anonymous,DE,0.30000001192092896,FL_EOS_ID,,4,3,1,9,6,6,100,Milka,1.064,1.064,6.183,1,,,,,,1,,,,,,,1,,,,,,,,,1,,,,,,,1,,,,,1,,,,,,,,,,,,,,,,,,,,,1,,,,,,1,1,,1.592,8.44,9.001,17,,,,,,,,,,,,,,,,,,,,,,,,,,,,,,,,,,,5,complete,,,,DE,1___7ff4e4f157bbccf3870d00407f5984e4_QYFQHENY
2026-09-25 15:24:23,2026-09-25 15:25:23,0,100,60,1,2026-09-25 15:25:24,R_8UWXEMdreoH3NlL,anonymous,DE,0.800000011920929,FL_EOS_ID,,5,2,1,7,4,3,100,"Kinder ",1.43,1.43,4.66,1,,,,,1,1,1,1,1,1,1,1,1,1,,,1,1,1,,,,,,,,,,,1,,,,,,,,,,1,,,,,,,1,,,,1,,,,,,,,,,,,,0.862,22.738,23.549,26,,,,,,,,,,,,,,,,,,,,,,,,,,,,,,,,,,,5,complete,,,,DE,1___d9e2b1281be89c9ed56b86994f1e26ba_QYFQHENY
2026-09-25 15:24:15,2026-09-25 15:25:37,0,100,82,1,2026-09-25 15:25:38,R_2azCfniRGe23Mi1,anonymous,DE,1,FL_EOS_ID,,6,2,2,6,3,7,100,"Snickers kitkat Mars Duplo ",1.417,11.833,12.491,3,,1,,,1,,1,1,,,,1,1,1,,,,1,1,,,,1,,,,,,,,1,,,,,,,,,1,,,1,,,,,,,,,,,,,1,,,,1,,,,2.695,30.01,30.516,27,,,,,,,,,,,,,,,,,,,,,,,,,,,,,,,,,,,5,complete,,,,DE,1___7636ff2f45897ddad4db7dacdcf0068a_QYFQHENY
2026-09-25 15:22:48,2026-09-25 15:26:11,0,100,202,1,2026-09-25 15:26:11,R_8ONqtp5ZTcl7la9,anonymous,DE,0.30000001192092896,FL_EOS_ID,,3,4,1,4,2,5,100,"Snickers, Mars, Duplo, Twix, Kinder Riegel",2.668,41.475,51.582,7,,1,,1,1,1,1,1,1,1,,1,1,,,1,1,1,1,,,,1,,1,,1,1,1,1,1,,1,1,,,,,1,,,,,,,,,,1,,1,,,1,,,,,,,1,,,7.602,78.73,79.668,37,,,,,,,,,,,,,,,,,,,,,,,,,,,,,,,,,,,3,complete,,,,DE,1___018ae1609e49d210ca826c76d8477085_QYFQHENY
2026-09-25 15:24:15,2026-09-25 15:26:27,0,100,131,1,2026-09-25 15:26:27,R_2v2CqSJ9KmQLxgi,anonymous,DE,0,FL_EOS_ID,,2,2,1,9,3,5,100,Twix Kinder Bueno snickers kitkat mars bounty Milka,0.946,44.814,45.171,5,,1,,,1,1,1,1,1,1,,1,1,1,,,,1,1,,,,1,,,1,1,1,1,1,1,,1,1,,,,,1,1,,,,,,,,,1,1,,,,,,,,,,1,,,,1.421,39.123,39.6,36,,,,,,,,,,,,,,,,,,,,,,,,,,,,,,,,,,,4,complete,,,,DE,1___aa2c7716c5baddb82555ef605034033d_QYFQHENY
2026-09-25 15:23:58,2026-09-25 15:26:29,0,100,150,1,2026-09-25 15:26:29,R_2jfByDBUDxk6KfG,anonymous,DE,0.8999999761581421,FL_EOS_ID,,7,4,2,1,2,4,100,"Twix ",2.401,2.401,11.843,1,,1,,,1,1,,,1,1,,1,1,,,,,1,1,,,,,,,,,,,,,,,,,,,,,,,1,,,,,,,,,,,,,,,,,,,,,1,39.801,59.29,59.939,17,,,,,,,,,,,,,,,,,,,,,,,,,,,,,,,,,,,5,complete,,,,DE,1___207ae240488a5216c875fb8327dccd28_QYFQHENY
2026-09-25 15:27:51,2026-09-25 15:28:18,0,100,26,1,2026-09-25 15:28:18,R_8IMeSk7migveqsc,anonymous,DE,0.30000001192092896,FL_38,,2,4,2,7,1,2,64,,,,,,,,,,,,,,,,,,,,,,,,,,,,,,,,,,,,,,,,,,,,,,,,,,,,,,,,,,,,,,,,,,,,,,,,,,,,,,,,,,,,,,,,,,,,,,,,,,,,,,,,,,,,complete,,,,DE,1___3aad1f6cbcf7d8c655292c3156fcef69_QYFQHENY
2026-09-25 15:27:56,2026-09-25 15:28:21,0,100,24,1,2026-09-25 15:28:21,R_8rag6mh0wUoy0Ol,anonymous,DE,1,FL_38,,2,2,1,2,3,3,39,,,,,,,,,,,,,,,,,,,,,,,,,,,,,,,,,,,,,,,,,,,,,,,,,,,,,,,,,,,,,,,,,,,,,,,,,,,,,,,,,,,,,,,,,,,,,,,,,,,,,,,,,,,,complete,,,,DE,1___0dc3fccdad81faaa062ce57f26c745c5_QYFQHENY
2026-09-25 15:24:33,2026-09-25 15:28:35,0,100,242,1,2026-09-25 15:28:36,R_2zA2eLMKgLnfiMH,anonymous,DE,0.30000001192092896,FL_EOS_ID,,4,4,2,7,4,3,100,"Lindt
Knoppers
Ferrero
",2.102,20.754,21.355,3,,1,,,1,1,1,1,1,1,1,1,1,,,,,1,1,,,,1,,,1,1,1,1,1,1,1,1,1,,,,,1,1,,,,,,,1,,1,,1,1,,,,,,,,,,,,2.2,120.238,121.166,76,,,,,,,,,,,,,,,,,,,,,,,,,,,,,,,,,,,3,complete,,,,DE,1___1ad9d1de1fcc6ff5c25c1d2122694f09_QYFQHENY
2026-09-25 15:27:46,2026-09-25 15:28:57,0,100,71,1,2026-09-25 15:28:58,R_8pW6Aybh9VVSpn0,anonymous,DE,0.30000001192092896,FL_EOS_ID,,5,2,2,3,1,6,100,"Mars, snickers, kinderschokolade",0.858,11.345,11.894,2,,1,,,1,1,1,1,1,1,,1,1,,,1,,1,1,,,,1,,,1,1,1,1,1,1,,1,1,,,1,,1,1,,,,,,,,,,,1,,,,1,,,,,,,,,1.102,26.055,26.401,35,,,,,,,,,,,,,,,,,,,,,,,,,,,,,,,,,,,5,complete,,,,DE,1___2d6aab87ad98fd609916ba1909afc1d6_QYFQHENY
2026-09-25 15:27:39,2026-09-25 15:29:33,0,100,114,1,2026-09-25 15:29:34,R_2ne2l5bCmZhAOti,anonymous,DE,1,FL_EOS_ID,,3,4,2,7,5,5,100,"Snickers Mars ",2.635,13.969,14.569,2,,1,,,1,1,1,1,1,1,1,1,1,1,,,,1,1,,,,1,,,1,1,1,1,1,1,,1,1,,,,,1,1,,,,,,,,1,1,,,1,,,1,,,,,1,1,,,2.401,49.224,49.884,39,,,,,,,,,,,,,,,,,,,,,,,,,,,,,,,,,,,5,complete,,,,DE,1___5d7510e5a5ad48fe84045d8bc3c413cb_QYFQHENY
2026-09-25 15:28:22,2026-09-25 15:30:11,0,100,108,1,2026-09-25 15:30:12,R_2S2E0z9eqpEGFKl,anonymous,DE,1,FL_EOS_ID,,2,4,2,1,3,2,100,"Milka
Ritter Sport
Shoghetten
Eigenmarken",1.992,21.735,22.777,2,,1,1,,1,1,1,1,1,1,,1,1,1,,1,,1,1,,,,1,,,1,1,1,1,1,1,,,1,1,,,,1,1,,,,,,,,,,,1,1,,,1,,,,,,,,,1.202,49.095,49.685,38,,,,,,,,,,,,,,,,,,,,,,,,,,,,,,,,,,,1,complete,,,,DE,1___b8c819513668fd43036d9b06c62fc903_QYFQHENY
2026-09-25 15:31:04,2026-09-25 15:32:21,0,100,76,1,2026-09-25 15:32:21,R_8f25Qu94i5OTKaa,anonymous,DE,1,FL_38,,2,6,1,9,4,3,-96,,,,,,,,,,,,,,,,,,,,,,,,,,,,,,,,,,,,,,,,,,,,,,,,,,,,,,,,,,,,,,,,,,,,,,,,,,,,,,,,,,,,,,,,,,,,,,,,,,,,,,,,,,,,complete,,,,DE,1___d18d5fbcddbeda320874e24852e53eeb_QYFQHENY
2026-09-25 15:32:54,2026-09-25 15:33:50,0,100,55,1,2026-09-25 15:33:50,R_2tzIR76FNx6OdtL,anonymous,DE,0.30000001192092896,FL_EOS_ID,,4,2,1,6,3,5,100,Milka,1.703,2.545,5.378,2,1,,1,1,1,1,1,1,1,1,1,1,1,,,,,,,,,,,,,,,,,,1,,,,,1,1,,1,,,,,,1,1,,,,,,,1,,1,,,,,,,,,1.218,15.277,15.931,32,,,,,,,,,,,,,,,,,,,,,,,,,,,,,,,,,,,2,complete,,,,DE,1___80c84761e4a14acebde73476aa326648_QYFQHENY
2026-09-25 15:32:46,2026-09-25 15:34:54,0,100,128,1,2026-09-25 15:34:54,R_2vcEaFlyWpAJTyd,anonymous,DE,0.8999999761581421,FL_EOS_ID,,2,6,1,2,4,4,100,"Milka, Mars,Sarotti,Ritter",2.501,2.501,25.445,1,,1,,,1,1,1,1,,1,1,1,1,,,,,,1,,,,,,,1,,1,1,1,1,1,1,1,,,,,,1,,,,,,,1,,,,,1,,1,1,,,,,,,,,2.193,47.543,49.195,23,,,,,,,,,,,,,,,,,,,,,,,,,,,,,,,,,,,1,complete,,,,DE,1___32d5ef46570f38303ff7c1f30ea9709d_QYFQHENY
2026-09-25 15:32:55,2026-09-25 15:34:58,0,100,123,1,2026-09-25 15:34:59,R_8EWN0eVJXc3vkDU,anonymous,DE,0.800000011920929,FL_EOS_ID,,2,2,2,6,2,6,100,"Snickers ",1.025,7.647,9.258,2,,1,1,,1,1,1,1,1,1,,1,1,1,1,,,1,1,1,,,,,,,,,,1,1,,,,,,,,,1,,,,,,,,,,,1,,,,,,,,,,1,,,1.33,31.021,31.502,31,,,,,,,,,,,1,1,0,-24,0,-1,4,0,,,,,,,,,,Ich glaube es ist eine Alternative zu normalen Riegeln,1,0,2.884,21.355,22.116,9,4,complete,,,,DE,1___6367e31be17518743af420db4cca46cc_QYFQHENY
2026-09-25 15:33:21,2026-09-25 15:35:01,0,100,100,1,2026-09-25 15:35:02,R_8Vge0EmU44mCRxv,anonymous,DE,0,FL_EOS_ID,,3,2,2,3,7,3,100,"Kinderscholade Milka Oreo  Mars Snickers ",2.002,2.002,23.323,1,,,,,,,1,1,1,1,,1,1,,,,,,,,,,,,,,,,1,1,,,,1,,,1,,1,,,,,,,,,,,,,,,,1,,,1,,1,1,,,0.164,30.438,31.356,37,,,,,,,,,,,,,,,,,,,,,,,,,,,,,,,,,,,3,complete,,,,DE,1___7f2eac6b2aa3047515c63259964ed83a_QYFQHENY
2026-09-25 15:33:07,2026-09-25 15:35:14,0,100,126,1,2026-09-25 15:35:14,R_2dGDSXHkNoobfKh,anonymous,DE,0.30000001192092896,FL_EOS_ID,,3,2,2,6,4,4,100,Kinder,1.301,6.119,6.876,3,,1,,,1,,1,1,1,1,,1,1,1,,,,1,1,,,,,,,,,,1,1,1,,,,,,,,1,,,,,,,,,,,,1,,,1,,,,,,1,1,,,7.924,72.496,73.521,27,,,,,,,,,,,,,,,,,,,,,,,,,,,,,,,,,,,5,complete,,,,DE,1___5e067995512fc8a19f71f27d79642695_QYFQHENY
2026-09-25 15:38:08,2026-09-25 15:40:17,0,100,128,1,2026-09-25 15:40:18,R_2h3FTIFO5iGUGWd,anonymous,DE,1,FL_EOS_ID,,4,6,2,4,4,6,100,"lindt , milka",3.862,10.496,19.856,2,,,,,,,1,1,1,,,1,1,,,,,,,,,,,,,1,,1,,,,,1,,,,,,,,,,,,,,1,,1,,,,,,,,,,,,,,,4.541,50.934,52.189,10,,,,,,,,,,,,,,,,,,,,,,,,,,,,,,,,,,,4,complete,,,,DE,1___aa9187bad5011344d54aad399d773534_QYFQHENY
2026-09-25 15:38:31,2026-09-25 15:41:06,0,100,155,1,2026-09-25 15:41:07,R_2ouL4bMf3e5ek3T,anonymous,DE,0.800000011920929,FL_EOS_ID,,3,3,1,3,6,7,100,"Snickers, Mars, Twix",3.476,3.476,23.88,1,,1,,,1,,1,1,1,1,,1,1,,,,,1,1,,,,1,,,1,,,,,,,,,,,,,,1,,,,1,,,1,,,,,,,,,,,,,,1,,,1.665,75.387,76.757,66,,,,,,,,,,,,,,,,,,,,,,,,,,,,,,,,,,,3,complete,,,,DE,1___922d81f32fa9aa431a80829e3f22ef24_QYFQHENY
2026-09-25 15:42:05,2026-09-25 15:44:54,0,100,169,1,2026-09-25 15:44:55,R_2whtZT9wdw4P9kL,anonymous,DE,0.30000001192092896,FL_EOS_ID,,4,4,2,2,7,4,100,"Milka 
Rittersport
Toblerone",2.6,2.6,25.239,1,,1,,,1,1,1,1,1,1,1,1,1,,,,,1,1,,,,1,,,,1,1,1,1,1,1,,1,,,,,1,1,,,,,,,,,1,,,,,,1,,,,,,1,,,5.8,82.863,83.723,39,,,,,,,,,,,,,,,,,,,,,,,,,,,,,,,,,,,3,complete,,,,DE,1___2322e0086510877d34a085e8ce1e40c0_QYFQHENY
2026-09-25 15:42:49,2026-09-25 15:45:14,0,100,144,1,2026-09-25 15:45:14,R_2EmvyRXBPbrJps9,anonymous,DE,0.30000001192092896,FL_EOS_ID,,4,4,2,1,5,7,100,"Kinderriegel, Duplo, Kitkat",1.988,20.628,21.002,2,,,,,1,,1,1,1,1,,1,1,,,,,1,1,,,,,,,1,,1,1,1,1,,,1,,,,,1,,,,,,,,,,1,,1,1,,,,,,,,,,,,3.493,62.293,63.011,37,,,,,,,,,,,,,,,,,,,,,,,,,,,,,,,,,,,5,complete,,,,DE,1___fbc1ec5cf61cc5f8c0658aa24470314d_QYFQHENY
2026-09-25 16:14:04,2026-09-25 16:16:45,0,100,161,1,2026-09-25 16:16:45,R_8AMq0eg6p1gyXDP,anonymous,DE,0.8999999761581421,FL_EOS_ID,,2,3,1,5,2,9,100,snikers,3.355,3.355,16.176,1,,1,,,,1,,,,,,,1,,1,1,,1,,,,,,1,,,,,,,,1,,,,,,,,,,,,,,1,1,,,,,,1,,,,,,,,,,,7.796,17.892,18.887,12,1,,1,,,,,,,,,100,100,100,100,100,5,5,,,,,,,,,,++++,6,8,2.722,12.674,13.626,3,3,complete,,,,DE,1___7ae520dbcc79194189c63b884133f686_QYFQHENY
2026-09-25 16:22:03,2026-09-25 16:24:24,0,100,140,1,2026-09-25 16:24:25,R_84JtiTTqYYLTy1z,anonymous,DE,1,FL_EOS_ID,,6,6,1,7,3,4,100,"Keine ",3.5,3.5,9.833,1,,,,,,,1,,1,1,,,1,,,,,,1,,,,,,,,,,,,,,,1,,,,,,,,,,,,,,,,,,,,,,,,,,,,,1,7.953,32.912,35.181,7,,,,,,,,,,,,,,,,,,,,,,,,,,,,,,,,,,,2,complete,,,,DE,1___3a1439517e66a781aa4f931d6a8243a8_QYFQHENY
2026-09-25 16:23:54,2026-09-25 16:26:21,0,100,146,1,2026-09-25 16:26:22,R_85KTlAtZQiMJK0h,anonymous,DE,0.8999999761581421,FL_EOS_ID,,4,6,1,9,3,4,100,twix  snikers  mars  milkyway,2.008,2.008,32.2,1,,1,,,1,1,1,1,1,1,1,1,1,,,,,1,1,,,,1,,,1,,1,1,,,1,,,,,,,,1,,,,1,,,,,1,1,,,1,,,,,,,,,,,3.032,53.907,57.43,22,,,,,,,,,,,,,,,,,,,,,,,,,,,,,,,,,,,3,complete,,,,DE,1___ec04b35c1ab55f73cd100af314165faf_QYFQHENY
2026-09-25 16:25:52,2026-09-25 16:27:56,0,100,124,1,2026-09-25 16:27:57,R_8oC8h7bnn614GaY,anonymous,DE,0.30000001192092896,FL_EOS_ID,,2,3,1,7,5,7,100,"Mars
Snickers 
Bounty ",1.983,1.983,11.824,1,,1,,,1,,1,1,,1,,,,,,,,,1,,,,,,,,,,,,1,,,,,,,,,,,,,,,,,,,1,1,1,,1,1,,,,,,1,,,6.1,60.815,61.59,22,,,,,,,,,,,,,,,,,,,,,,,,,,,,,,,,,,,3,complete,,,true,DE,1___a2e9990fd156b7d3863a02584bdf8a04_QYFQHENY
2026-09-25 16:39:05,2026-09-25 16:43:04,0,100,239,1,2026-09-25 16:43:05,R_2C78Ys7f5ENPe8T,anonymous,DE,1,FL_EOS_ID,,4,4,2,1,4,2,100,snickers,19.303,19.303,56.522,1,,1,1,1,,1,,1,1,1,1,1,1,,,,,1,1,,,,1,,1,1,1,1,1,1,1,1,1,1,,,,,1,1,,,,,,,,,,1,,1,,,,,,,,,,,,5.678,86.998,90.901,27,,,,,,,,,,,,,,,,,,,,,,,,,,,,,,,,,,,4,complete,,,,DE,1___bd7cfb07cdaa2696f86149b9e81c070f_QYFQHENY
2026-09-25 17:21:26,2026-09-25 17:25:15,0,100,228,1,2026-09-25 17:25:15,R_8v3bFfMiNZtzAYD,anonymous,DE,1,FL_EOS_ID,,3,2,1,3,7,5,100,"snickers, mars Twix, kinder, Yogurette ",35.85,35.85,78.604,1,,1,,,1,1,1,1,1,1,,1,1,,,,,1,1,,,,1,,,1,1,,,1,1,,1,1,,,,,,1,,,,1,,,1,1,,,1,1,,1,1,,,,,,,,,8.759,67.821,70.624,26,,,,,,,,,,,,,,,,,,,,,,,,,,,,,,,,,,,2,complete,,,,DE,1___cb8f34d5314f6f041cf6bc85f634120c_QYFQHENY
2026-09-25 17:34:00,2026-09-25 17:35:55,0,100,115,1,2026-09-25 17:35:56,R_8S6xAr6E0a21AWi,anonymous,DE,1,FL_EOS_ID,,3,6,2,2,5,4,100,"Snickers Mars knoppers Milka ",2.001,2.001,21.339,1,1,,,1,,1,,,,,,1,1,,,,,,1,,,,1,,,,1,,,,,,,,,,,1,,1,1,,,1,,,1,1,,,,,,,,1,,1,,1,,,,16.787,39.372,40.28,25,,,,,,,,,,,,,,,,,,,,,,,,,,,,,,,,,,,5,complete,,,true,DE,1___d82851a7b43623be4858e4b0fc688613_QYFQHENY
2026-09-25 17:56:17,2026-09-25 17:58:41,0,100,143,1,2026-09-25 17:58:41,R_20It12raSD2blGy,anonymous,DE,1,FL_EOS_ID,,6,6,1,1,4,4,100,Kit-Kat,15.408,15.408,46.05,1,,,,,1,,1,1,1,1,,1,1,,,,,,1,,,,,,,1,,1,,1,,,1,,,,,,,1,,,,,,,,,,,,,,,,,,,,,,,1,4.357,43.976,45.156,24,,,,,,,,,,,,,,,,,,,,,,,,,,,,,,,,,,,4,complete,,,,DE,1___fedb31ed9e0bab785601a5b0454d690c_QYFQHENY
2026-09-25 18:11:28,2026-09-25 18:15:07,0,100,219,1,2026-09-25 18:15:07,R_8SFHpDFzVThS21r,anonymous,DE,1,FL_EOS_ID,,3,6,1,1,7,5,100,"Lindt,Milka,Ritter Sport",3.763,28.4,29.452,2,,1,,,,,1,1,,1,,1,1,,,,,1,1,,,,,,,,,1,,,1,,,1,,,,,,,,,,,,,,,1,1,,1,,,1,,,,,,,,,5.441,70.94,72.554,30,,,,,,,,,,,,,,,,,,,,,,,,,,,,,,,,,,,4,complete,,,true,DE,1___5367471386c48fe29943eb8456410d56_QYFQHENY
2026-09-25 19:21:18,2026-09-25 19:23:44,0,100,145,1,2026-09-25 19:23:45,R_2wZHXFZ2iQfdEPv,anonymous,DE,0.8999999761581421,FL_EOS_ID,,3,5,1,4,5,7,100,"Ritter Sport
Alpia
",2.055,13.819,39.118,3,,1,,,1,1,1,1,,,1,1,1,,,1,,1,,,,,1,,,,,,1,,,,,,,,,,1,,,,,1,,,,,,,,,,,1,,,,,1,,,,7.817,48.025,50.901,16,,,,,,,,,,,,,,,,,,,,,,,,,,,,,,,,,,,3,complete,,,,DE,1___6e6e3a9770a6e0cffa630aee5b091aa6_QYFQHENY
2026-09-25 19:22:12,2026-09-25 19:25:00,0,100,167,1,2026-09-25 19:25:00,R_8PAWSKG7SeI4SaN,anonymous,DE,1,FL_EOS_ID,,6,6,2,6,4,5,100,"Lindt, Schokette, Sprengel, Milka, Feodora",3.367,12.94,49.196,3,,1,,,1,1,1,1,1,1,,1,1,,,,,,1,,,,,,,,,,,,,,,,,,,,,,,1,,,,,,,,,,,,,,,,,,,,,1,3.881,29.45,31.399,12,,,,,,,,,,,,,,,,,,,,,,,,,,,,,,,,,,,4,complete,,,,DE,1___6479a9333b1bf42e66f354353c94b563_QYFQHENY
2026-09-25 19:26:03,2026-09-25 19:39:41,0,100,818,1,2026-09-25 19:39:42,R_8EkM0WPCexrqrkt,anonymous,DE,1,FL_EOS_ID,,6,5,1,7,3,4,100,Duplo,1.299,1.299,8.278,1,,1,,,1,1,1,1,1,1,1,1,1,,,,,1,1,,,,,,,1,1,1,1,1,,,1,1,,,,,1,1,,,,,,,,,,,,,,,,,,,,,,,1,2.247,38.024,39.044,23,,,,,,,,,,,,,,,,,,,,,,,,,,,,,,,,,,,2,complete,,,,DE,1___3aba21f29fa735a1b4eabc8628b0a1e4_QYFQHENY
2026-09-25 19:51:28,2026-09-25 19:53:12,0,100,104,1,2026-09-25 19:53:13,R_8pKy5kZ44eMFZe5,anonymous,DE,1,FL_EOS_ID,,3,6,1,9,4,4,100,Mars,3.351,3.351,9.537,1,,1,,,1,1,1,1,1,1,,1,1,,,,,,1,,,,,,,1,,,1,,,,1,,,,,,,,,,,,,,,,,,,,,,,,,,,,,,1,3.924,38.412,39.801,14,,,,,,,,,,,,,,,,,,,,,,,,,,,,,,,,,,,3,complete,,,,DE,1___b4f42cc745bf4266e2f68de5105bcd4b_QYFQHENY
2026-09-25 20:28:14,2026-09-25 20:29:43,0,100,89,1,2026-09-25 20:29:44,R_2MekdpC3QlyxguB,anonymous,DE,0.800000011920929,FL_EOS_ID,,6,6,1,4,2,7,100,keine,1.802,1.802,7.968,1,,,,,,1,,1,,1,,,,,,,,,,,,,,,,,1,,,,,,,,,,,,,,,,,,,,,,,,,,,,,,,,,,,,1,4.46,30.107,31.058,5,,,,,,,,,,,,,,,,,,,,,,,,,,,,,,,,,,,2,complete,,,true,DE,1___cabefdaa123a1d2cd264d0ee58e2191f_QYFQHENY
2026-09-25 20:37:35,2026-09-25 20:41:17,0,100,221,1,2026-09-25 20:41:17,R_8SvEqXE2ItaPIoi,anonymous,DE,,FL_EOS_ID,,5,6,2,9,2,4,100,"Duplo ",8.286,8.286,26.387,1,,1,,,1,1,1,1,1,1,1,1,1,,,,,1,1,,,,,,,,,1,,,,,,,,,,,,,,,,,,,,,1,1,,,,,,,,,,,,,,7.487,65.937,67.758,18,,,,,,,,,,,,,,,,,,,,,,,,,,,,,,,,,,,5,error,Timed out,,,DE,1___c1e333ba220b267961986bc797305159_QYFQHENY
2026-09-25 20:47:29,2026-09-25 20:50:40,0,100,191,1,2026-09-25 20:50:41,R_8xjYGbaZjWybm25,anonymous,DE,1,FL_EOS_ID,,4,6,1,4,3,4,100,"Stickern , Twix",4.293,15.094,27.664,2,,,,,1,,1,1,,1,,1,,,,,,,1,,,,,,,1,,,,,,,,,,,,,,1,,,,,,,,,,,,,,,,,,,,,1,,,12.917,57.132,60.372,9,,,,,,,,,,,,,,,,,,,,,,,,,,,,,,,,,,,4,complete,,,,DE,1___78174501620ea2999930a28bdb1841b9_QYFQHENY
2026-09-25 21:05:50,2026-09-25 21:07:57,0,100,126,1,2026-09-25 21:07:57,R_2f7Lgu2d7MdMa0g,anonymous,DE,1,FL_EOS_ID,,2,5,1,7,5,4,100,"Mars, Lion, Kitkat, Milky Way, Twix",1.92,1.92,24.53,1,,1,,,1,1,1,1,1,1,1,1,1,,,,,1,1,,,,1,,,1,1,1,1,1,1,,1,,,,,,1,1,,,,1,,,1,,1,,,1,,,,,,,,1,1,,,2.091,39.41,40.601,28,,,,,,,,,,,,,,,,,,,,,,,,,,,,,,,,,,,4,complete,,,,DE,1___8b4b142cd36d8f53afb6a3d61d6048ce_QYFQHENY
2026-09-25 21:51:16,2026-09-25 21:53:39,0,100,143,1,2026-09-25 21:53:39,R_2Ok9ryaEzDBoPwL,anonymous,DE,1,FL_EOS_ID,,5,6,2,1,5,4,100,"KitKat Mars Snickers Duplo Lion ",2.001,32.586,33.426,2,,1,,,1,1,1,1,1,1,1,1,1,,,,,1,1,,,,1,,,1,,1,1,,1,,1,,,,,,,1,,,,,,,,,,,,1,,,,,,,,,1,,,2.1,44.123,44.851,31,,,,,,,,,,,,,,,,,,,,,,,,,,,,,,,,,,,5,complete,,,,DE,1___f6b0c4a798c25b77468580616064ddc7_QYFQHENY
2026-09-25 22:02:29,2026-09-25 22:04:21,0,100,112,1,2026-09-25 22:04:22,R_8vf71Fze5FaqyBN,anonymous,DE,1,FL_EOS_ID,,2,5,1,1,3,4,100,"Bounty
Snickers
Duplo
Mars
Twix
",1.215,1.215,15.378,1,,1,,1,1,1,1,1,1,1,1,1,1,,,,,1,1,,,,1,,1,1,1,1,1,1,1,1,1,1,,,,,1,1,,,,,,,1,1,,1,1,,,,1,,,,,1,1,,,2.328,57.214,59.149,37,,,,,,,,,,,,,,,,,,,,,,,,,,,,,,,,,,,4,complete,,,,DE,1___5e59cef019ebc8ab722fdaea8de3c2e9_QYFQHENY
2026-09-25 22:18:42,2026-09-25 22:21:06,0,100,144,1,2026-09-25 22:21:07,R_836JE03VlOpLJ9D,anonymous,DE,1,FL_EOS_ID,,6,2,2,3,5,4,100,"Bounty, snickers, twix , Milka ",2.942,2.942,29.308,1,,1,,,1,1,1,1,1,1,1,1,1,,,,,1,1,,,,,,,,,1,,1,,,,,,,,,1,,,,,,,,,,,,,1,,,1,,,,,1,,,,5.248,51.59,52.543,27,,,,,,,,,,,,,,,,,,,,,,,,,,,,,,,,,,,2,complete,,,,DE,1___67b4b3ac84d0f19d56b33d6bebd5f8e4_QYFQHENY
2026-09-25 22:16:45,2026-09-25 22:21:12,0,100,267,1,2026-09-25 22:21:13,R_8ZIyYBJLucrcuXK,anonymous,DE,1,FL_EOS_ID,,3,6,1,3,4,4,100,"milka, knoppers, snickers, mars, oreo, lion, kitkat, merci",3.075,3.075,67.253,1,,1,,1,1,1,1,1,1,1,1,1,1,1,,,,1,1,,,,1,,,,1,1,1,,1,1,,1,,,,,,,,,,1,,,,1,1,1,,1,,,1,,,,,,,,,3.879,80.548,88.011,27,,,,,,,,,,,,,,,,,,,,,,,,,,,,,,,,,,,2,complete,,,,DE,1___37241da52cef8657bacb0b86e3c0d79a_QYFQHENY
2026-09-25 23:41:12,2026-09-25 23:41:39,0,100,26,1,2026-09-25 23:41:39,R_2ewr6mYio7EgSl5,anonymous,DE,1,FL_38,,5,4,2,1,2,4,29,,,,,,,,,,,,,,,,,,,,,,,,,,,,,,,,,,,,,,,,,,,,,,,,,,,,,,,,,,,,,,,,,,,,,,,,,,,,,,,,,,,,,,,,,,,,,,,,,,,,,,,,,,,,complete,,,,DE,1___a11b77217986b1c00c6636f26e0efc09_QYFQHENY
2026-09-26 00:39:55,2026-09-26 00:41:38,0,100,103,1,2026-09-26 00:41:39,R_8QNTnzaIYG6sOHL,anonymous,DE,1,FL_EOS_ID,,5,6,1,9,3,4,100,"gut und günstig, Mars, Snickers",8.459,8.459,30.5,1,,1,,,1,1,1,1,1,1,1,1,1,,,,,1,1,,,,,,,,,,,,,,,,,,,,,,,1,,,,,,,,,,,,,,,,,,,,,1,2.643,24.984,25.822,14,,,,,,,,,,,,,,,,,,,,,,,,,,,,,,,,,,,1,complete,,,,DE,1___65ef83016a39365fbf6df2e219fcba24_QYFQHENY
2026-09-26 00:56:34,2026-09-26 01:08:48,0,100,734,1,2026-09-26 01:08:49,R_8qF6318Sgrvm8Cg,anonymous,DE,1,FL_EOS_ID,,5,6,2,7,3,7,100,"kite kat, snickers, toblerone, mars, twix ,bounty",7.078,557.244,563.206,5,,1,,,1,1,1,1,1,1,,1,1,,,,,1,1,,,,1,,,1,,1,,,1,,1,,,,,,,1,,,,,,,1,,1,,,,,1,,,,,,,1,,,5.602,62.07,64.397,21,,,,,,,,,,,,,,,,,,,,,,,,,,,,,,,,,,,5,complete,,,,DE,1___c23bbd76028e8ed4781da445bd5f6712_QYFQHENY
2026-09-26 04:38:56,2026-09-26 04:40:09,0,100,72,1,2026-09-26 04:40:09,R_8LCl5OZMl4L4cew,anonymous,DE,1,FL_38,,4,4,2,7,6,4,1,,,,,,,,,,,,,,,,,,,,,,,,,,,,,,,,,,,,,,,,,,,,,,,,,,,,,,,,,,,,,,,,,,,,,,,,,,,,,,,,,,,,,,,,,,,,,,,,,,,,,,,,,,,,complete,,,,DE,1___19b25471b2c6367280d66debb6e673d6_QYFQHENY
2026-09-26 04:39:58,2026-09-26 04:43:31,0,100,212,1,2026-09-26 04:43:31,R_8OMUvbCQ4WUpFv3,anonymous,DE,1,FL_EOS_ID,,4,5,1,7,1,3,100,"Hausmarke, Ritter Sport ",6.193,24.826,27.1,2,,1,,,1,1,1,1,1,1,,1,1,,,,,1,1,,,,1,,,1,1,1,1,1,1,,1,1,,,1,,,1,,,,,,,,,,,,,,,,,,,,,,,1,14.226,92.635,94.068,33,,,,,,,,,,,,,,,,,,,,,,,,,,,,,,,,,,,1,complete,,,,DE,1___3b50ae4e9489c84954cb3b964b7925d6_QYFQHENY
2026-09-26 05:31:47,2026-09-26 05:34:11,0,100,143,1,2026-09-26 05:34:11,R_8tdyhscm7qFPEat,anonymous,DE,,FL_EOS_ID,,1,2,2,3,6,7,100,"Deluxe ",2.103,17.201,17.702,2,,,,,1,,,,,,,1,,,,1,1,,1,,,,,,,,,1,,,1,,,,,,,1,,,,,,,,,,,,,,1,,,1,,1,,,,,,,5.076,35.075,35.684,21,,,,,,,,,,,,,,,,,,,,,,,,,,,,,,,,,,,3,error,timeout,,,DE,1___c3b53f8e1efca6b9a607f85e19362bb3_QYFQHENY
2026-09-26 06:26:23,2026-09-26 06:35:10,0,100,527,1,2026-09-26 06:35:11,R_2k0if2osJ8RRUbL,anonymous,DE,1,FL_EOS_ID,,3,6,1,6,3,5,100,"Mars,Snickers,Kinder,Bounty,Toblerone,Milky Way,Duplo,Balisto",10.501,90.12,304.677,2,,1,,,1,1,1,1,1,1,,1,1,,,,,,1,,,,,,,1,1,,,,,,1,1,,,,,,1,,,,,,,1,,,,,,,1,1,,,,,,1,,,11.467,107.491,111.461,19,,,,,,,,,,,,,,,,,,,,,,,,,,,,,,,,,,,3,complete,,,,DE,1___f9c4ee4e9878069ba10ccc5d28ad7bf6_QYFQHENY
2026-09-26 08:15:06,2026-09-26 08:17:08,0,100,122,1,2026-09-26 08:17:08,R_8shQdF9PhsAIipF,anonymous,DE,1,FL_EOS_ID,,2,6,2,2,3,4,100,"Duplo, Snickers, Twix, Mars, Hanuta, Knoppers",1.52,1.52,34.987,1,,1,,,1,1,1,1,1,1,,1,1,,,,,1,1,,,,,,,,,1,1,1,1,,1,1,,,,,,1,,,,,,,,,1,1,1,1,,,,,,,,,1,,,2.538,43.557,44.238,25,,,,,,,,,,,,,,,,,,,,,,,,,,,,,,,,,,,3,complete,,,true,DE,1___0a5b29a316ecd95c594ceea80ce65a34_QYFQHENY
2026-09-26 08:33:03,2026-09-26 08:41:46,0,100,523,1,2026-09-26 08:41:47,R_2wxhH7RegLNJHOh,anonymous,DE,1,FL_EOS_ID,,4,4,1,4,2,4,100,"knoppers
hanuta
mars
snickers
",57.928,57.928,83.339,1,,1,,,1,1,1,1,1,1,,1,1,,,,,1,1,,,,,,,,,,1,1,1,,,,,,,,,,,,,,,,,,,,,,,,,,,,,,,,1,56.151,94.376,95.861,15,,,,,,,,,,,,,,,,,,,,,,,,,,,,,,,,,,,1,complete,,,,DE,1___7b15ae0c81e46b652dddd5bcb07f5fcf_QYFQHENY
2026-09-26 08:53:12,2026-09-26 08:55:10,0,100,117,1,2026-09-26 08:55:10,R_2BXEdXvrLclQEQN,anonymous,DE,1,FL_EOS_ID,,6,6,1,6,1,4,100,keiner,2.688,2.688,11.521,1,,1,,,,1,1,1,,,,1,1,,,,,,1,,,,,,,,,,,,,,,,,,,,,,,1,,,,,,,,,,,,,,,,,,,,,1,2.982,23.39,25.323,10,,,,,,,,,,,,,,,,,,,,,,,,,,,,,,,,,,,5,complete,,,true,DE,1___01d02b7dddcb70918f27b7cf7da6c941_QYFQHENY
2026-09-26 09:02:11,2026-09-26 09:03:26,0,100,74,1,2026-09-26 09:03:26,R_8hAkjWXQFyHtxCx,anonymous,DE,1,FL_EOS_ID,,4,6,2,2,2,3,100,kinder,1.526,1.526,5.705,1,,,,,,,1,1,1,,,1,,,,,,,,,,,,,,,,,,1,,,,,,,,,,,,,,,,,,,,,1,,,,,,,,,,,,,2.446,20.438,21.212,6,,,,,,,,,,,,,,,,,,,,,,,,,,,,,,,,,,,3,complete,,,true,DE,1___2a1204be3bd1f4dc2e8a8cb6bb4c609c_QYFQHENY
2026-09-26 09:01:34,2026-09-26 09:04:41,0,100,186,1,2026-09-26 09:04:41,R_2ikg2zJc9o4TlOB,anonymous,DE,1,FL_EOS_ID,,4,6,1,9,4,7,100,"Mars, Twix, Bounty, Snickers",3.23,3.23,29.176,1,,1,,,1,1,1,1,1,1,1,1,1,,,,,1,1,,,,,,,1,,,,,1,,,,,,,,,1,,,,,,,1,,,1,,1,,,,,,,,,1,,,4.175,65.064,67.443,21,,,,,,,,,,,,,,,,,,,,,,,,,,,,,,,,,,,4,complete,,,,DE,1___636592435e4e1089b8c7875abb2126e7_QYFQHENY
2026-09-26 09:20:00,2026-09-26 09:22:02,0,100,121,1,2026-09-26 09:22:03,R_2gB0vD0M4EMC0CU,anonymous,DE,1,FL_EOS_ID,,4,6,1,9,3,4,100,"Mars , snickers , celebration , After eight , Lindt ",1.755,1.755,32.558,1,,1,,,1,1,1,1,,1,1,1,,,,,,1,1,,,,,,,,,1,,,,,1,,,,,,1,1,,,,,,,,,1,,,,,1,,,,,,1,1,,,3.361,43.972,44.874,24,,,,,,,,,,,,,,,,,,,,,,,,,,,,,,,,,,,5,complete,,,,DE,1___e20c42e561cbb745ba5e1a0b40485646_QYFQHENY
2026-09-26 10:57:12,2026-09-26 10:59:37,0,100,144,1,2026-09-26 10:59:37,R_2OMLkNRNkZWgLoI,anonymous,DE,1,FL_EOS_ID,,4,5,1,2,6,5,100,"Keine ",2,5.883,7.902,2,,1,,,1,1,1,1,1,1,1,1,,,,,,1,1,,,,1,,,1,1,1,1,,,1,1,1,,,,,,1,,,,1,,,,,1,1,,,1,1,1,,,,,,1,,,7.501,91.985,92.886,43,,,,,,,,,,,,,,,,,,,,,,,,,,,,,,,,,,,5,complete,,,,DE,1___e2ba355c3dc2318441285abce9317e13_QYFQHENY
2026-09-26 10:55:03,2026-09-26 11:04:34,0,100,570,1,2026-09-26 11:04:34,R_8K9zmmerZWsTdIq,anonymous,DE,1,FL_EOS_ID,,1,2,2,5,2,7,100,Mars,71.757,71.757,75.068,1,,,,,,1,1,,,1,,1,,,,,,,1,,,,,,,,,1,,,,,,,,,,,,1,,,,,,,,,1,,,1,,1,,,,,,,1,,,57.884,86.903,88.632,13,,,,,,,,,,,,,,,,,,,,,,,,,,,,,,,,,,,3,complete,,,,DE,1___30f27307992fe7bf9a607fef748142b2_QYFQHENY
2026-09-26 11:04:32,2026-09-26 11:07:13,0,100,161,1,2026-09-26 11:07:14,R_2jW8fDC9SOr8pBn,anonymous,DE,0.8999999761581421,FL_EOS_ID,,4,6,1,9,3,3,100,"Mars, Tublo, Ritter Sport ",2.141,38.081,38.702,2,,1,,,1,1,1,1,1,1,,1,1,,,,,1,1,,,,,,,,,1,,1,,,,1,,,,,,,,,,,,,,,,,1,,,,,,,,,,,,,4.511,50.149,51.268,33,,,,,,,,,,,,,,,,,,,,,,,,,,,,,,,,,,,5,complete,,,,DE,1___2113fb1fcd277d127ccda8f43b3eb716_QYFQHENY
2026-09-26 11:44:02,2026-09-26 11:47:13,0,100,190,1,2026-09-26 11:47:13,R_8QE5h9zZwSS6oKJ,anonymous,DE,1,FL_EOS_ID,,3,6,1,9,5,7,100,"Milka ",5.601,5.601,14.083,1,,1,,,,1,1,1,1,1,,1,1,,,,,1,1,,,,1,,,1,1,1,1,,1,,1,1,,,,,1,1,,,,1,,,,,,,,1,,,1,,,,,,1,,,8.801,74.266,75.763,30,,,,,,,,,,,,,,,,,,,,,,,,,,,,,,,,,,,5,complete,,,,DE,1___102dc39b6cd22a99df5b5eff248c2abf_QYFQHENY
2026-09-26 12:25:29,2026-09-26 12:29:04,0,100,215,1,2026-09-26 12:29:05,R_8Gn7M9Gvkjz1t3H,anonymous,DE,1,FL_EOS_ID,,5,6,2,6,4,4,100,Duplo Kinder bounty mars,1.301,21.216,21.796,2,,1,,,1,1,,1,1,1,1,1,,,,,,1,1,,,,1,,,,1,1,,1,,,1,,,,,,,1,,,,,,,,,,,,,,,,,,,,,1,,,1.774,48.392,49.247,28,,,,,,,,,,,,,,,,,,,,,,,,,,,,,,,,,,,3,complete,,,true,DE,1___3cd38fa4213f56ba8dabde5a7bb796d4_QYFQHENY
2026-09-26 12:43:39,2026-09-26 12:45:16,0,100,96,1,2026-09-26 12:45:17,R_8MMpIrGt2Sk0Fxy,anonymous,DE,1,FL_EOS_ID,,6,6,1,3,1,6,100,"Twix, Raider, Nuts",1.272,1.272,14.64,1,,,,,,,,,,,1,1,1,,,,,,,,,,,,,,,,,,,,,1,,,,,,,,,,,,,,,,,,,,,,,,,,,,,1,5.041,19.69,20.9,5,,,,,,,,,,,,,,,,,,,,,,,,,,,,,,,,,,,5,complete,,,,DE,1___a8f26499702351bb5db9c710e729da05_QYFQHENY
2026-09-26 12:45:28,2026-09-26 12:49:02,0,100,214,1,2026-09-26 12:49:03,R_84CMC20hR0SgQuc,anonymous,DE,1,FL_EOS_ID,,2,6,2,7,2,3,100,"Bounty, Mars, Kit Kat, Snickers, Twixx",3.7,3.7,54.42,1,,1,,,1,,1,1,1,1,1,1,1,,,,,,1,,,,,,,1,,,1,,1,1,,,,,,,,,,,,,,,,,,1,,1,,,1,,,,,,,,,5.846,75.275,78.719,26,,,,,,,,,,,,,,,,,,,,,,,,,,,,,,,,,,,4,complete,,,,DE,1___478bfe881c57a7cc824509654084ad74_QYFQHENY
2026-09-26 13:12:04,2026-09-26 13:13:39,0,100,95,1,2026-09-26 13:13:40,R_8HB3EstcWvwQpGf,anonymous,DE,1,FL_EOS_ID,,6,6,2,2,7,7,100,Mars,1.939,1.939,11.225,1,,,,,1,1,1,1,,,1,1,1,,,,,,1,,,,,,,1,,1,1,,,,,,,,,,,,,,,,,,,,,,,,,,,,,,,,,,1,4.247,36.639,38.37,12,,,,,,,,,,,,,,,,,,,,,,,,,,,,,,,,,,,1,complete,,,,DE,1___4532943827da954913fd090e34d8334e_QYFQHENY
2026-09-26 13:19:24,2026-09-26 13:21:10,0,100,105,1,2026-09-26 13:21:10,R_8CriYa3DUQw5dDz,anonymous,DE,1,FL_EOS_ID,,5,6,2,9,2,4,100,"Hanuta ",1.497,8.865,17.888,2,,,,,,,1,1,,1,,1,,,,,,1,1,,,,,,,,,,1,,1,,,,,,,,,,,,,,,,,,,,,1,,,,,,,,,,,,2.91,37.111,37.937,14,,,,,,,,,,,,,,,,,,,,,,,,,,,,,,,,,,,4,complete,,,,DE,1___ebf8b26cf2c2ce1ad3bc82ebc2eacd0a_QYFQHENY
2026-09-26 13:23:17,2026-09-26 13:25:31,0,100,134,1,2026-09-26 13:25:32,R_80a4XNiwavZkjmN,anonymous,DE,1,FL_EOS_ID,,5,6,1,1,6,8,100,"Toblerone, Cadbury, Ritter, Hachez,Lindt, Gubor",1.758,28.863,46.431,3,,1,,,1,1,1,1,1,1,1,1,1,,,,,,1,,,,,,,,1,,1,,,1,,,,,,,,,,,,,,,,,,,,,,,,,,,,,,,1,2.621,40.662,42.172,15,,,,,,,,,,,,,,,,,,,,,,,,,,,,,,,,,,,4,complete,,,,DE,1___d54a2606d5468195282e11c256c08584_QYFQHENY
2026-09-26 13:34:45,2026-09-26 13:35:16,0,100,31,1,2026-09-26 13:35:16,R_2UH1faNGwZYvIMF,anonymous,DE,1,FL_38,,7,6,2,4,1,5,73,,,,,,,,,,,,,,,,,,,,,,,,,,,,,,,,,,,,,,,,,,,,,,,,,,,,,,,,,,,,,,,,,,,,,,,,,,,,,,,,,,,,,,,,,,,,,,,,,,,,,,,,,,,,complete,,,true,DE,1___54235d489bc1b58a30e4b57f6ddbc014_QYFQHENY
2026-09-26 13:49:51,2026-09-26 13:51:26,0,100,95,1,2026-09-26 13:51:27,R_2OSU3PLEQ05JR7w,anonymous,DE,1,FL_EOS_ID,,4,4,1,2,4,4,100,"Mars Snickers ",0.934,0.934,13.944,1,,1,,1,1,1,1,1,1,1,,1,,,,,,1,1,,,,1,,,,1,1,1,1,1,,1,,,,,,,1,,,,,,,,,,,1,,,1,,,,,,,1,,,4.217,36.517,37.836,27,,,,,,,,,,,,,,,,,,,,,,,,,,,,,,,,,,,3,complete,,,,DE,1___e204722229e98151613affeda940dfec_QYFQHENY
2026-09-26 13:51:48,2026-09-26 13:59:20,0,100,451,1,2026-09-26 13:59:20,R_2hm3Mw2iDSMlZcN,anonymous,DE,1,FL_38,,5,5,2,3,2,4,50,,,,,,,,,,,,,,,,,,,,,,,,,,,,,,,,,,,,,,,,,,,,,,,,,,,,,,,,,,,,,,,,,,,,,,,,,,,,,,,,,,,,,,,,,,,,,,,,,,,,,,,,,,,,complete,,,,DE,1___5b7db2d2e98ec22bd9049770c91f2f86_QYFQHENY
2026-09-26 14:33:52,2026-09-26 14:35:39,0,100,107,1,2026-09-26 14:35:40,R_8mtbhF1NRZZEjjb,anonymous,DE,1,FL_EOS_ID,,4,6,1,9,2,2,100,Mars,2.291,2.291,8.117,1,,1,,,1,,1,1,1,1,1,1,1,,,,,1,1,,,,1,,,,,1,1,,1,1,1,1,,,,,,1,,,,,,,,,1,1,,1,1,,,,,,,,,,,3.617,57.384,59.395,25,,,,,,,,,,,,,,,,,,,,,,,,,,,,,,,,,,,5,complete,,,,DE,1___e3d1206bfbfcd574f4619fc35ba21f90_QYFQHENY
2026-09-26 14:41:21,2026-09-26 14:44:45,0,100,204,1,2026-09-26 14:44:45,R_2uV5brTaoctNKxp,anonymous,DE,1,FL_EOS_ID,,6,6,2,2,3,5,100,Mars,8.652,8.652,25.555,1,,1,,,1,,1,1,,1,1,1,1,,,,,,1,,,,,,,1,,,1,,,,1,1,,,,,,1,,,,,,,,,,,,,,1,1,,,,,,1,,,5.165,80.493,81.498,23,,,,,,,,,,,,,,,,,,,,,,,,,,,,,,,,,,,5,complete,,,,DE,1___6fc2332ad587e9b43fbe8ebef6349515_QYFQHENY
2026-09-26 14:55:41,2026-09-26 14:58:17,0,100,156,1,2026-09-26 14:58:18,R_2l9XrvLfn1zQyqt,anonymous,DE,1,FL_EOS_ID,,4,5,2,1,2,3,100,"Mars, Snickers, Twix, Bounty, Balisto, Merci, Kinder Schokolade ",3.643,3.643,40.598,1,,1,,,1,1,1,1,1,1,1,1,1,,,,,1,1,,,,1,,,1,,1,,1,1,,1,1,,,,,,,,,,,,,,,,,,1,,1,1,,,,,,1,,,3.89,64.792,65.89,31,,,,,,,,,,,,,,,,,,,,,,,,,,,,,,,,,,,1,complete,,,,DE,1___2bf56349480a69fa57c10a1fcdf5ec0d_QYFQHENY
2026-09-26 14:55:20,2026-09-26 14:58:42,0,100,201,1,2026-09-26 14:58:43,R_8xgX1rsvqc7T8lP,anonymous,DE,1,FL_EOS_ID,,4,5,1,9,4,4,100,milka,2.94,2.94,10.055,1,,1,,,1,1,1,1,1,1,,1,1,,,,,1,1,,,,,,,1,1,1,1,,1,,,,,,,,1,1,,,,1,,,,,1,1,,1,,,1,,,,,1,1,,,3.314,80.784,83.702,25,,,,,,,,,,,,,,,,,,,,,,,,,,,,,,,,,,,5,complete,,,true,DE,1___1be9df1fe2e5c6b7e24b90c8c8af7c82_QYFQHENY
2026-09-26 15:14:56,2026-09-26 15:15:44,0,100,47,1,2026-09-26 15:15:46,R_8isQQv0iS8NEQWF,anonymous,DE,1,FL_EOS_ID,,3,4,2,1,3,4,100,"Kinder, duplo",1.083,1.083,5.93,1,,,,,,,1,1,1,,,,,,,,,,1,,,,,,,,,1,1,1,,,,,,,,,,,,,,,,,,,1,1,1,,,,,,,,,,,,,1.531,18.08,18.487,15,,,,,,,,,,,,,,,,,,,,,,,,,,,,,,,,,,,5,complete,,,,DE,1___faae74c6f19192637377133b27eef351_QYFQHENY
2026-09-26 16:53:51,2026-09-26 16:56:44,0,100,173,1,2026-09-26 16:56:44,R_8CNWMwPI9SZIR5F,anonymous,DE,1,FL_EOS_ID,,6,6,1,7,3,7,100,Mars,4.713,4.713,12.714,1,,,,,,,1,1,,1,,1,1,,,,,,1,,,,,,,,,,,,,,1,,,,,,,,,,,,,,,,,,,,,,,,,,,,,,1,6.038,52.968,54.054,12,,,,,,,,,,,,,,,,,,,,,,,,,,,,,,,,,,,5,complete,,,,DE,1___15da1a23de679ac116161be0e7c8165b_QYFQHENY
2026-09-26 17:04:27,2026-09-26 17:16:20,0,100,713,1,2026-09-26 17:16:21,R_2F5uW3LSNmKeUgo,anonymous,DE,1,FL_EOS_ID,,6,5,2,2,2,5,100,"Snickers, Mars",6.762,23.261,24.122,2,,,,,,,,,,,,,,,,,,,,,1,,,,,,,,,,,,,,,,,,,,,1,,,,,,,,,,,,,,,,,,,,,1,11.586,219.892,220.9,21,,,,,,,,,,,,,,,,,,,,,,,,,,,,,,,,,,,5,complete,,,,DE,1___33510963c80b9c55178b967cb032f6d7_QYFQHENY
2026-09-26 17:18:18,2026-09-26 17:20:15,0,100,117,1,2026-09-26 17:20:25,R_8091rPxffDoNpn7,anonymous,DE,1,FL_EOS_ID,,4,6,1,2,3,7,100,keine,3.196,3.196,9.102,1,,,,,,,1,1,,1,,,1,,,,,,,,,,,,,,,1,1,,1,,,1,,,,,,,,,,,,,,,,1,,,,,1,,,,,,,,,10.01,57.449,60.086,10,,,,,,,,,,,,,,,,,,,,,,,,,,,,,,,,,,,4,complete,,,,DE,1___b29322da2a08a1c249fea40ef4f0506c_QYFQHENY
2026-09-26 17:25:36,2026-09-26 17:28:32,0,100,175,1,2026-09-26 17:28:32,R_2fzWHHKhLABWelj,anonymous,DE,1,FL_EOS_ID,,4,6,1,7,4,6,100,toblerone,5.31,5.31,16.321,1,,1,,,1,,1,1,,1,1,1,1,,,,,,1,,,,1,,,1,,,1,,1,1,,1,,,,,,1,,,,,,,1,,,1,,1,,1,,,,,,,,,,4.944,58.471,60.307,20,,,,,,,,,,,,,,,,,,,,,,,,,,,,,,,,,,,4,complete,,,,DE,1___517fe86ff2d8843bd6e245c718c3aa90_QYFQHENY
2026-09-26 19:05:03,2026-09-26 19:07:18,0,100,134,1,2026-09-26 19:07:18,R_8oasStPvY9A9nsB,anonymous,DE,1,FL_EOS_ID,,6,6,2,2,6,3,100,Milky way,3.606,3.646,16.147,2,,1,,,1,1,,1,1,1,,1,1,,,,,,1,,,,,,,,,,,,,,,,,,,,,,,1,,,,,,,,,,,,,,,,,,,,,1,6.144,44.329,46.4,21,,,,,,,,,,,,,,,,,,,,,,,,,,,,,,,,,,,5,complete,,,,DE,1___83c3d69bc3602e8ca57f186dbda4772c_QYFQHENY
2026-09-26 20:20:17,2026-09-26 20:24:01,0,100,224,1,2026-09-26 20:24:02,R_8oz2HRX0fGh5kJX,anonymous,DE,1,FL_EOS_ID,,3,6,2,7,2,7,100,"Milka, Bounty, Stickern, ",7.214,36.81,57,3,,,,,1,,1,1,,,1,,1,,,,,,1,,,,,,,1,,1,,,,1,,1,,,,,,,,,,,,,1,,1,,,,1,,1,,,,,,,,,7.3,75.411,76.69,27,,,,,,,,,,,,,,,,,,,,,,,,,,,,,,,,,,,3,complete,,,true,DE,1___9aa9e07041b939ab45efc99fa8b264a4_QYFQHENY
2026-09-26 20:29:08,2026-09-26 20:32:06,0,100,178,1,2026-09-26 20:32:07,R_8Iag7KsFjGxTKyO,anonymous,DE,1,FL_EOS_ID,,3,5,1,5,4,4,100,"Mars
Kinderriegel 
Twix
Snickers",3.477,35.568,39.434,2,,1,,,1,1,1,1,1,1,,1,1,,,,,1,1,,,,1,,,1,1,1,1,1,1,,1,1,,,,,1,1,,,,,,,,,1,,1,1,,,1,,,,,,1,,,8.607,70.622,73.072,36,,,,,,,,,,,,,,,,,,,,,,,,,,,,,,,,,,,4,complete,,,,DE,1___953b65e4407f970a45d6bd29d1cde2de_QYFQHENY
2026-09-26 20:50:02,2026-09-26 20:52:20,0,100,138,1,2026-09-26 20:52:21,R_2ElD0CGUgGSPGYg,anonymous,DE,1,FL_EOS_ID,,4,6,2,7,3,6,100,"seidenbacher,kinder snickers",2.394,2.394,29.143,1,,1,1,,1,1,1,1,1,1,1,1,1,,,1,,1,1,,,,1,,,1,1,1,1,,1,1,1,1,,,1,,,1,,,,1,,,,1,,,,,,1,,,,,,1,,,,3.124,60.261,62.615,29,,,,,,,,,,,,,,,,,,,,,,,,,,,,,,,,,,,5,complete,,,,DE,1___326f752559726402c16302968ebbe8f0_QYFQHENY
2026-09-26 21:10:27,2026-09-26 21:12:46,0,100,138,1,2026-09-26 21:12:46,R_21RaTgsE1FwDQJ3,anonymous,DE,1,FL_EOS_ID,,3,5,2,7,6,7,100,"Milka, Nussini, Twix, Snickers, Bounty, Duplo, Kinderriegel",1.341,1.341,25.89,1,1,1,1,1,1,1,1,1,1,1,1,1,1,1,,,1,1,1,,,1,1,1,1,1,1,1,1,1,1,1,1,1,1,,,1,1,1,,,,1,1,,,1,1,1,1,,,,1,,,,,1,1,,,1.967,56.187,57.043,50,,,,,,,,,,,,,,,,,,,,,,,,,,,,,,,,,,,3,complete,,,,DE,1___030af9741c80bddb3aef289a8623c7a0_QYFQHENY
2026-09-26 21:22:27,2026-09-26 21:24:45,0,100,138,1,2026-09-26 21:24:46,R_8TSJfORIEZc6q9r,anonymous,DE,1,FL_EOS_ID,,4,6,1,7,3,4,100,Mars,2.008,16.479,17.491,2,,1,,,1,1,1,1,,1,1,1,1,,,,,,1,,,,1,,,,,1,1,,1,1,1,1,,,,,,1,,,,,,,,,,,1,,,1,1,,,,,,1,,,4.447,58.581,59.2,30,,,,,,,,,,,,,,,,,,,,,,,,,,,,,,,,,,,1,complete,,,,DE,1___e98189ef9c96a68e7eed95952a36348c_QYFQHENY
2026-09-26 21:23:46,2026-09-26 21:28:08,0,100,261,1,2026-09-26 21:28:08,R_2jkEzqCrFOib09H,anonymous,DE,1,FL_EOS_ID,,5,6,2,7,3,4,100,Kinderriegel Duplo Snickers Mars Milka,2.384,56.741,58.995,4,,1,,,1,1,1,1,1,1,,1,1,,,,,1,1,,,,,,,,,1,,1,1,,,,,,,,,,,,,,,,,,1,,,1,,,,,,,,,,,,21.163,98.118,102.659,21,,,,,,,,,,,,,,,,,,,,,,,,,,,,,,,,,,,4,complete,,,,DE,1___9a9edcbce1a2ce655c74aaa5e26b1ed8_QYFQHENY
2026-09-26 22:31:50,2026-09-26 22:56:53,0,100,1503,1,2026-09-26 22:56:54,R_2m3LaBinuKkF7dS,anonymous,DE,1,FL_EOS_ID,,2,5,2,9,5,5,100,Duplo,1.708,5.572,6.002,2,,1,,,1,1,1,1,1,1,1,1,1,,,,,1,1,,,,1,,,,1,1,1,,,,,1,,,,,,1,,,,1,,,,,1,1,,,,,1,,,,,,1,,,330.554,374.088,375.129,30,,,,,,,,,,,,,,,,,,,,,,,,,,,,,,,,,,,3,complete,,,,DE,1___247f5592ec693bd5bdc128211598f14a_QYFQHENY
2026-09-26 23:14:43,2026-09-26 23:18:06,0,100,203,1,2026-09-26 23:18:06,R_2QMkWBFgVmd5pDt,anonymous,DE,1,FL_EOS_ID,,4,5,1,9,2,5,100,mars duplo kinder,1.917,2.026,18.43,2,,1,,,1,1,1,1,1,1,,1,1,,,,,,1,,,,,,,1,,1,,,,,1,,,,,,,,,,,,,,,,1,,,,,,,,,,,,,,,6.117,42.494,49.43,17,,,,,,,,,,,,,,,,,,,,,,,,,,,,,,,,,,,5,complete,,,,DE,1___39e5a05e594ba339573db1cc922e2f4f_QYFQHENY
2026-09-27 00:22:02,2026-09-27 00:23:54,0,100,111,1,2026-09-27 00:23:54,R_8Sf5u4pyG8fQpUd,anonymous,DE,1,FL_EOS_ID,,3,5,2,3,6,4,100,"Bounty, twix,snickers",1.498,26.991,27.863,2,,1,,1,1,1,1,1,1,1,1,1,1,,,,,1,1,,,,1,,1,1,1,1,1,1,1,1,,1,,,,,1,,,,,,,,,,,,,1,,,1,,,,,1,1,,,2.786,46.347,47.49,40,,,,,,,,,,,,,,,,,,,,,,,,,,,,,,,,,,,4,complete,,,true,DE,1___e2501db5de7aa2a4e7919164f807f89d_QYFQHENY
2026-09-27 07:20:48,2026-09-27 07:23:45,0,100,176,1,2026-09-27 07:23:45,R_2UVhijt0eiHrDas,anonymous,DE,1,FL_EOS_ID,,1,5,2,9,6,4,100,Kinder,2.188,2.188,9.13,1,,1,,,1,1,1,1,1,1,1,1,1,1,,,,1,1,,,,,,,1,1,1,1,1,1,1,1,1,1,,,,1,1,,,,,,,1,1,1,1,1,1,,1,1,,,,,1,,,,4.33,102.515,104.791,38,,,,,,,,,,,,,,,,,,,,,,,,,,,,,,,,,,,5,complete,,,,DE,1___b3bc3b0c8aaadc2dd608164a7b0d4aec_QYFQHENY
2026-09-27 07:49:30,2026-09-27 07:52:30,0,100,179,1,2026-09-27 07:52:30,R_820iBZ5LXRnJVqO,anonymous,DE,1,FL_EOS_ID,,4,6,1,6,2,2,100,Ritter Sport,5.415,5.415,25.992,1,,1,,,1,1,1,1,1,1,1,1,1,,,,,1,1,,,,,,,1,,,1,,,,,,,,,,,,,,,,,,1,,,,,,,,,,,,,,,,,6.682,66.939,70.893,15,,,,,,,,,,,,,,,,,,,,,,,,,,,,,,,,,,,3,complete,,,,DE,1___f0e1b7234bb079fefa269b10b546c2c0_QYFQHENY
2026-09-27 07:55:58,2026-09-27 07:58:09,0,100,130,1,2026-09-27 07:58:09,R_2ATPPXXFQHFLlqG,anonymous,DE,1,FL_EOS_ID,,2,5,1,9,3,7,100,milla lindt kinder,1.005,1.005,11.161,1,,,,,1,,,1,1,,,,1,,,,,1,,,,,,,,1,,,,1,,1,,,,,1,,,,,,,,,,,,,1,,1,,,,,,,,,1,,,1.664,26.193,26.991,21,,,,,,,,,,,,,,,,,,,,,,,,,,,,,,,,,,,3,complete,,,,DE,1___14761e5286f7eb6574d6801054ff7bfa_QYFQHENY
2026-09-27 08:16:11,2026-09-27 08:18:49,0,100,158,1,2026-09-27 08:18:50,R_8v65Pf5vJjqoLmS,anonymous,DE,1,FL_EOS_ID,,2,6,1,2,7,4,100,"Suchard, Milka, ",2.296,2.296,21.059,1,,1,,,1,1,1,1,1,1,1,1,1,,,,,1,1,,,,,,,1,,1,1,,,,,1,,,,,,,,,,,,,1,,1,,1,,,,1,,,,,,,,,3.688,68.399,69.205,23,,,,,,,,,,,,,,,,,,,,,,,,,,,,,,,,,,,3,complete,,,,DE,1___611551f2739ae9367f71e71e71701e8e_QYFQHENY
2026-09-27 09:16:17,2026-09-27 09:16:56,0,100,39,1,2026-09-27 09:16:57,R_2WC0DpcWaUJq2Ok,anonymous,DE,1,FL_38,,3,6,1,9,6,7,43,,,,,,,,,,,,,,,,,,,,,,,,,,,,,,,,,,,,,,,,,,,,,,,,,,,,,,,,,,,,,,,,,,,,,,,,,,,,,,,,,,,,,,,,,,,,,,,,,,,,,,,,,,,,complete,,,,DE,1___fa7bce393caec7c9c095290c55e49434_QYFQHENY
2026-09-27 10:01:59,2026-09-27 10:03:40,0,100,101,1,2026-09-27 10:03:41,R_82tw4hYUTV5e4lX,anonymous,DE,1,FL_EOS_ID,,4,6,2,8,3,4,100,"Milka ",1.98,6.015,6.87,2,,1,,,1,,1,1,1,1,,1,1,,,,,,,,,,,,,,,,,1,,,,1,,,,,,,,,,,,,,,,,,,,,1,,,,,,,,,4.536,48.24,48.953,20,,,,,,,,,,,,,,,,,,,,,,,,,,,,,,,,,,,3,complete,,,,DE,1___16cca711da6d0473a97e6930b3f9c84c_QYFQHENY
2026-09-27 10:22:34,2026-09-27 10:28:47,0,100,372,1,2026-09-27 10:28:47,R_8GcUBir6ZCYcpXO,anonymous,DE,1,FL_EOS_ID,,3,6,1,4,3,4,100,Bounty,6.776,6.776,114.918,1,,1,,,1,,1,1,1,1,1,1,1,,,,,1,1,,,,,,,1,,,1,,1,1,,,,,,,1,,,,,,,,,,,,,,,,,,,,,,,,1,16.897,133.953,136.536,17,,,,,,,,,,,,,,,,,,,,,,,,,,,,,,,,,,,1,complete,,,,DE,1___fb733a1d6ddbf6ca002dc993cdc2b40d_QYFQHENY
2026-09-27 10:27:36,2026-09-27 10:30:36,0,100,180,1,2026-09-27 10:30:36,R_8UW6zFQowa8QCCi,anonymous,DE,1,FL_EOS_ID,,5,5,2,7,7,4,100,"Peanuts, Snickers, Mars",4.409,4.409,21.594,1,,1,,,1,1,1,1,1,1,,1,1,,,,,1,1,,,,,,,,,1,,,,,1,,,,,,,1,,,,,,,,,1,,,,,1,,,,,,,1,,,4.592,63.628,64.601,46,,,,,,,,,,,,,,,,,,,,,,,,,,,,,,,,,,,4,complete,,,,DE,1___bc0fb47bf6edbc9587907a9ad18670e6_QYFQHENY
2026-09-27 10:43:45,2026-09-27 10:45:31,0,100,106,1,2026-09-27 10:45:32,R_2ViHiUsk2H4e5aN,anonymous,DE,1,FL_EOS_ID,,3,6,1,1,4,3,100,Mars,2.002,6.22,7.202,2,,1,,,1,1,1,,1,,,1,1,,,,,,1,,,,,,,,,1,1,,,,1,1,,,,,,,,,,,,,,,1,,,,,1,,,,,,,,,,2.853,34.319,38.75,26,,,,,,,,,,,,,,,,,,,,,,,,,,,,,,,,,,,4,complete,,,true,DE,1___adf24f38c000e85b59613514d3ae212e_QYFQHENY
2026-09-27 11:04:28,2026-09-27 11:06:42,0,100,134,1,2026-09-27 11:06:43,R_8OuJ6ofcLJd3Y4p,anonymous,DE,1,FL_EOS_ID,,2,6,2,7,3,7,100,"Corny,Twix,Raider,mars",1.601,1.601,21.501,1,1,1,,,1,1,1,1,1,1,1,1,1,,,,,,1,,,,1,,,1,1,1,1,,1,1,1,,,,,,1,1,,,,1,,,,1,1,1,,,1,,,,,,,1,1,,,3.369,71.803,73.38,39,,,,,,,,,,,,,,,,,,,,,,,,,,,,,,,,,,,4,complete,,,,DE,1___b622cd009fdb355943529f4b71e1490d_QYFQHENY
2026-09-27 11:16:30,2026-09-27 11:18:46,0,100,136,1,2026-09-27 11:18:46,R_8pW13jiFmYBXZE5,anonymous,DE,1,FL_EOS_ID,,3,3,1,7,3,5,100,mars kit kat bounty balisto,3.282,3.282,43.222,1,,1,,,1,1,1,1,1,1,,1,1,,,,,1,1,,,,1,,,,,1,,1,,,1,1,,,,,1,1,,,,1,,,,,1,,1,,,1,,,,,,,1,,,3.149,44.226,47.235,23,,,,,,,,,,,,,,,,,,,,,,,,,,,,,,,,,,,3,complete,,,,DE,1___36b676f2337ee506dd95b9d9c093ef58_QYFQHENY
2026-09-27 11:59:51,2026-09-27 12:01:31,0,100,100,1,2026-09-27 12:01:32,R_2SBpwj0JymEpXMY,anonymous,DE,1,FL_EOS_ID,,4,6,1,2,6,4,100,Hanuta,1.542,1.542,9.518,1,1,1,,1,1,1,1,1,1,1,,1,1,,,,,1,1,,,,,,,,1,1,1,,,,,,,,,,,,,,,,,,,1,,,,,,,,,,,,,,,,2.747,38.164,39.165,19,,,,,,,,,,,,,,,,,,,,,,,,,,,,,,,,,,,3,complete,,,,DE,1___e0dbd23c4a3cb5e352574ed6ee9812f6_QYFQHENY
2026-09-27 12:05:33,2026-09-27 12:08:06,0,100,152,1,2026-09-27 12:08:06,R_8TGhf316LbImZpk,anonymous,DE,1,FL_EOS_ID,,2,6,1,9,4,4,100,"Kinder Schokolade, Mars, Bounty, ",1.813,1.813,33.626,1,,1,,,1,1,1,1,1,1,1,1,1,,,,,1,1,,,,,,,1,,1,,1,,,,1,,,,,,,,,,,,,1,,1,,1,,,,,,,,,,,,,4.309,53.736,56.603,19,,,,,,,,,,,,,,,,,,,,,,,,,,,,,,,,,,,5,complete,,,,DE,1___52c6bb3609cadb0cc493ae6836ab7cd0_QYFQHENY
2026-09-27 12:59:15,2026-09-27 13:01:51,0,100,156,1,2026-09-27 13:01:52,R_8Knh9CbdWPbpFTz,anonymous,DE,1,FL_38,,2,3,1,6,3,6,-97,,,,,,,,,,,,,,,,,,,,,,,,,,,,,,,,,,,,,,,,,,,,,,,,,,,,,,,,,,,,,,,,,,,,,,,,,,,,,,,,,,,,,,,,,,,,,,,,,,,,,,,,,,,,complete,,,,DE,1___0c4d3e46d18e48d42259580c99e02037_QYFQHENY
2026-09-27 13:15:42,2026-09-27 13:19:09,0,100,206,1,2026-09-27 13:19:09,R_2Iz01ERnV5DlJuX,anonymous,DE,1,FL_EOS_ID,,4,3,1,9,2,2,100,Milka,2.201,5.793,6.241,2,,,,,,,,,,1,,,1,,,,,,1,,,,,,,,,,,,,,,1,,,,,,1,,,,,,,,,,1,,1,,,,,,,,,1,,,6.587,40.977,41.425,18,,,,,,,,,,,,,,,,,,,,,,,,,,,,,,,,,,,4,complete,,,,DE,1___fcc36d913c3b07d6f8f54ee49cdacae8_QYFQHENY
2026-09-27 13:18:55,2026-09-27 13:21:37,0,100,161,1,2026-09-27 13:21:37,R_8lsYN3gplXOMnSL,anonymous,DE,1,FL_EOS_ID,,4,6,1,2,4,3,100,"Milka,Ritter Sport, lindt",3.347,3.347,40.201,1,,1,,,1,1,,1,1,1,1,1,1,,,,,1,1,,,,,,,1,,1,1,1,,,1,1,,,,,,,,,,,,,,,1,1,1,,,,1,,,,,,,,,7.197,60.424,61.397,26,,,,,,,,,,,,,,,,,,,,,,,,,,,,,,,,,,,3,complete,,,,DE,1___e338a4adda06f068cff68ff88e5b7610_QYFQHENY
2026-09-27 14:33:11,2026-09-27 14:35:40,0,100,148,1,2026-09-27 14:35:40,R_8hXRpZW6yV1DJtV,anonymous,DE,1,FL_EOS_ID,,3,5,2,1,7,4,100,"Sniker Mars ",5.082,27.85,28.988,5,,1,,,1,1,1,1,1,1,,1,1,,,,,1,1,,,,1,,,1,1,1,1,1,1,,1,1,,,,,,1,,,,1,,,,1,,,1,1,,,,,,,,,1,,,5.027,53.008,54.181,33,,,,,,,,,,,,,,,,,,,,,,,,,,,,,,,,,,,4,complete,,,,DE,1___c1f1b30a4a217786ccc19929bc101764_QYFQHENY
2026-09-27 15:42:37,2026-09-27 15:48:33,0,100,356,1,2026-09-27 15:48:34,R_83e88IADzxQaBcl,anonymous,DE,1,FL_EOS_ID,,6,6,1,8,3,4,100,keine,3.471,3.471,22.058,1,,1,,,1,,1,1,1,1,,1,1,,,,,,1,,,,,,,,,1,1,,,,,,,,,,,,,,,,,,,,,,,,,,,,,,,,,,1,13.128,180.212,182.1,15,,,,,,,,,,,,,,,,,,,,,,,,,,,,,,,,,,,3,complete,,,true,DE,1___b74c491939c40919135dabb55b3b23c6_QYFQHENY
2026-09-27 16:19:35,2026-09-27 16:22:41,0,100,185,1,2026-09-27 16:22:41,R_2zO4DyOzo9Stt9D,anonymous,DE,1,FL_EOS_ID,,3,6,2,8,4,4,100,"Snickers, Powerbar, Nestle Nuts, Kinderriegel, Celebrations",3.615,77.391,85.079,2,,,,1,1,1,1,1,1,,,1,,,,,,,1,,,,,,,,,,,1,,,,,,,,,,,,,,,,,,,,,1,,,,,,,,,,,,,3.138,37.874,42.299,10,,,,,,,,,,,,,,,,,,,,,,,,,,,,,,,,,,,5,complete,,,true,DE,1___7e8c8b6c1f1a0b219698f56e2eb26a59_QYFQHENY
2026-09-27 16:45:15,2026-09-27 16:50:05,0,100,289,1,2026-09-27 16:50:05,R_2p5y0Qfx5VTFIy4,anonymous,DE,1,FL_EOS_ID,,3,6,2,2,4,4,100,"Duplo, Kinderschokolad3, Snickers, Nuts, Mars, Milka Way, Kitkat, ",3.944,67.175,68.287,2,1,1,,,1,1,1,1,1,1,1,1,1,1,1,1,,1,1,,,,,,,,,,1,1,1,1,1,,,,,,1,1,,,1,,,,,,1,1,1,,,1,,,,,,,1,,,3.11,77.67,78.662,41,,,,,,,,,,,1,42,56,18,60,-2,9,8,,,,,,,,,,"Leckerer Schokoriegel, ökoAnbau, tut gutes",6,7,5.514,47.981,48.5,15,3,complete,,,,DE,1___ad52394a35476de2fb511e391911b064_QYFQHENY
2026-09-27 17:19:21,2026-09-27 17:20:12,0,100,50,1,2026-09-27 17:20:12,R_8veYziHSRwOsqbf,anonymous,DE,1,FL_38,,4,5,2,9,1,4,55,,,,,,,,,,,,,,,,,,,,,,,,,,,,,,,,,,,,,,,,,,,,,,,,,,,,,,,,,,,,,,,,,,,,,,,,,,,,,,,,,,,,,,,,,,,,,,,,,,,,,,,,,,,,complete,,,true,DE,1___1c39ccc36decabfb34cf685d6694b16c_QYFQHENY
2026-09-27 18:02:21,2026-09-27 18:06:01,0,100,219,1,2026-09-27 18:06:01,R_2N3rCROE9VtSkDp,anonymous,DE,1,FL_EOS_ID,,2,3,1,7,2,3,100,"Milka, Snickers, Mars, Kinder, KitKat, Twix, Bounty, Milky Way, Ferrero und viele ander mehr!",4.494,4.494,111.552,1,,1,,,1,1,1,1,1,1,,1,1,1,,1,,1,1,,,1,1,1,1,1,1,1,1,1,1,1,1,1,1,1,1,1,1,1,1,,1,1,,,1,1,1,1,1,1,,1,1,,,1,,1,1,,,3.173,56.545,61.292,50,,,,,,,,,,,,,,,,,,,,,,,,,,,,,,,,,,,5,complete,,,,DE,1___43cbe3afa5f167bf5688494cfa511d27_QYFQHENY
2026-09-27 18:27:56,2026-09-27 18:29:43,0,100,106,1,2026-09-27 18:29:43,R_8AeYLiwbX5USzHX,anonymous,DE,1,FL_EOS_ID,,4,5,2,2,6,7,100,"mars, twix",3.445,3.445,20.575,1,,1,,,1,,,1,,,,1,,,,,,,1,,,,,,,,,1,,,,,,,,,,,,,,,,,,,1,,1,1,,,,,,,,,,,,,,3.679,26.375,28.5,9,,,,,,,,,,,,,,,,,,,,,,,,,,,,,,,,,,,5,complete,,,,DE,1___b698ef01f14d4f4f0f6a8cbe382e89e0_QYFQHENY
2026-09-27 18:46:13,2026-09-27 18:55:30,0,100,556,1,2026-09-27 18:55:31,R_2dGzpyvihCUVaZm,anonymous,DE,1,FL_EOS_ID,,4,6,1,8,3,4,100,"Viba, Goldhelm, Ritter Sport, Milka, Trumpf, Kinderschokolade, ",5.026,185.401,238.318,4,,1,,,1,1,1,1,,1,,1,1,,,,,,1,,,,,,,,,,,,,,,,,,,,,,,1,,,,,,,,,,,,,1,,,,,,,,,8.018,53.327,60.073,11,,,,,,,,,,,,,,,,,,,,,,,,,,,,,,,,,,,3,complete,,,true,DE,1___ebcffb856b551ca7f12a200484833dab_QYFQHENY
2026-09-27 19:46:43,2026-09-27 19:50:34,0,100,230,1,2026-09-27 19:50:34,R_2U9o2CTiDmW5nBE,anonymous,DE,0.8999999761581421,FL_EOS_ID,,6,5,2,9,5,7,100,"Mars
Bounty
Duplo
Snickers
Twix
Kitkat
Kinderriegel
Happy hippo
",2.542,110.373,114.705,6,,1,,,1,,1,1,1,1,,1,1,,,,,1,1,,,,,,,1,,,,,,,,,,,,,1,1,,,,,,,,,,,1,,,,,,,,,,,,,5.012,37.253,39.145,20,,,,,,,,,,,,,,,,,,,,,,,,,,,,,,,,,,,5,complete,,,,DE,1___05ecebbac914f73685028c5eca1b339b_QYFQHENY
2026-09-27 20:03:11,2026-09-27 20:05:04,0,100,112,1,2026-09-27 20:05:05,R_8FewlgH0cwBB1cM,anonymous,DE,1,FL_EOS_ID,,4,6,2,2,3,5,100,"mars, milky way, raider",2.308,2.308,15.579,1,,1,,,1,1,1,1,1,1,1,1,1,,,,,,1,,,,1,,,,,,,1,,,1,1,,,,,,1,,,,,,,,,,,1,,,1,1,,,,,,,,,5.345,51.914,53.393,24,,,,,,,,,,,,,,,,,,,,,,,,,,,,,,,,,,,3,complete,,,,DE,1___270ba48b1f62e644a4d9a4d82a35381d_QYFQHENY
2026-09-27 21:10:19,2026-09-27 21:16:18,0,100,359,1,2026-09-27 21:16:19,R_8tEUyqxOUyGyRaf,anonymous,DE,1,FL_EOS_ID,,3,6,1,2,3,7,100,"Duplo, Mars, Snickers, Kitkat, Balisto",9.005,9.005,173.454,1,,1,,,1,1,1,1,1,1,1,1,1,,,,,1,1,,,,,,,,,1,1,,,,,,,,,,,,,,,,,,,,1,,,,,,,,,,,,,,,3.939,70.281,88.301,15,,,,,,,,,,,,,,,,,,,,,,,,,,,,,,,,,,,3,complete,,,,DE,1___2c48d7820df268608a5df6f502f06a0f_QYFQHENY
2026-09-27 21:22:24,2026-09-27 21:26:37,0,100,253,1,2026-09-27 21:26:38,R_8VDssUTwPRFZpTO,anonymous,DE,0.8999999761581421,FL_EOS_ID,,3,6,2,6,7,7,100,"mars, snickers",2.627,2.627,23.142,1,,1,,,1,1,1,1,1,1,,1,1,,,,,1,1,,,,1,,,1,,1,1,1,1,,,1,,,,,,1,,,,1,,,,,,1,,1,,,,,,,,,1,,,6.414,59.289,60.4,23,,,,,,,,,,,,,,,,,,,,,,,,,,,,,,,,,,,4,complete,,,,DE,1___1c3bd24cc8ccf3f3c4509b4d4d71ca8f_QYFQHENY
2026-09-28 05:57:03,2026-09-28 05:57:29,0,100,26,1,2026-09-28 05:57:29,R_2KORFu4TEJFSMn1,anonymous,DE,0.8999999761581421,FL_38,,2,4,1,2,6,5,3,,,,,,,,,,,,,,,,,,,,,,,,,,,,,,,,,,,,,,,,,,,,,,,,,,,,,,,,,,,,,,,,,,,,,,,,,,,,,,,,,,,,,,,,,,,,,,,,,,,,,,,,,,,,complete,,,,DE,1___5f48cdb9bb338e5a80c183f5c9f47ca6_QYFQHENY
2026-09-28 07:44:08,2026-09-28 07:47:21,0,100,192,1,2026-09-28 07:47:21,R_2AfcEVhynEJ0ek1,anonymous,DE,1,FL_EOS_ID,,2,4,1,7,5,4,100,"hanuta, snickers, mars, reno, lion, ",3.397,3.397,46.778,1,,1,,,1,1,1,1,1,1,1,1,1,,,,,1,1,,,,,,,,,1,1,,1,,1,,,,,,1,1,,,,1,,,1,,,1,,,,1,,,,,,1,1,,,4.834,74.173,76.187,30,,,,,,,,,,,,,,,,,,,,,,,,,,,,,,,,,,,1,complete,,,,DE,1___58c8ab3cd77a9030ed2a680d0f35faff_QYFQHENY
2026-09-28 08:18:39,2026-09-28 08:20:16,0,100,97,1,2026-09-28 08:20:17,R_2iQD0k87TP9SDEn,anonymous,DE,0.8999999761581421,FL_EOS_ID,,6,6,2,1,7,4,100,Milka kitkat,1.815,11.024,11.3,2,,1,,,1,1,1,1,,1,1,1,1,,,1,,1,1,,,,,,,,,,,,,,,,,,,,,,,1,,,,,,,,,,,,,,,,,,,,,1,1.957,33.795,34.599,31,,,,,,,,,,,,,,,,,,,,,,,,,,,,,,,,,,,5,complete,,,,DE,1___dcb283179655cb3fa3e40b49003802d1_QYFQHENY
2026-09-27 19:31:25,2026-09-28 10:17:53,0,100,53188,1,2026-09-28 10:17:54,R_8BGs5uEPAvBsodb,anonymous,DE,1,FL_EOS_ID,,3,5,2,2,5,7,100,"kinderriegel, twix",1.4,1.4,10.166,1,,1,,,1,,1,1,1,1,1,1,1,,,,,1,1,,,,,,,,,1,1,1,1,1,1,1,,,,,,,,,,,,,,,1,1,1,,,1,1,,,,,,,,,2.978,37.037,40.169,23,,,,,,,,,,,,,,,,,,,,,,,,,,,,,,,,,,,5,complete,,,,DE,1___61c22a3dad979ed6e8d14cdc4de6fa58_QYFQHENY
2026-09-28 10:44:34,2026-09-28 10:45:38,0,100,64,1,2026-09-28 10:45:39,R_8ouny7BRCgx3v3u,anonymous,DE,1,FL_EOS_ID,,1,3,1,8,3,4,100,"Milka ",1.1,1.1,4.713,1,,1,,,1,1,1,1,1,1,1,1,1,1,,1,,1,1,,,,,,,1,1,,,,1,,1,,,1,1,1,,1,1,,,,,,1,,,,,1,1,,,1,,,1,1,,1,,1.301,19.07,19.262,43,,,,,,,,,,,,,,,,,,,,,,,,,,,,,,,,,,,5,complete,,,,DE,1___38ecc9f63687518a422a000beea0ef65_QYFQHENY
2026-09-28 11:14:51,2026-09-28 11:18:22,0,100,211,1,2026-09-28 11:18:23,R_8soULqchw9h9BIy,anonymous,DE,1,FL_EOS_ID,,5,4,1,8,3,5,100,"Hanuta, Knoppas, Milka, Lindt",1.502,19.223,20.153,2,,1,,,1,1,1,1,1,1,,1,1,,,,,1,1,,,,,,,,,1,1,,1,,,,,,,,1,,,,,,,,,,,1,,1,,,,,,,,,,,,2.341,40.062,40.835,31,,,,,,,,,,,,,,,,,,,,,,,,,,,,,,,,,,,2,complete,,,,DE,1___f26ec6354a73d19eb2fd96135b22136d_QYFQHENY
2026-09-28 11:17:05,2026-09-28 11:20:08,0,100,182,1,2026-09-28 11:20:09,R_8ps325qoGCMR7mp,anonymous,DE,1,FL_EOS_ID,,4,5,2,9,5,4,100,"Mars,Snickers,Kinder,Lion,Bounty,Dublo",3.731,3.731,40.197,1,,1,,1,1,1,1,1,1,1,1,1,1,,,,,1,1,,,,1,,,1,1,1,1,1,1,1,1,,,,,,1,1,,,,,,,,1,1,,,1,,1,,,,,,1,1,,,5.362,54.222,56.065,30,,,,,,,,,,,,,,,,,,,,,,,,,,,,,,,,,,,5,complete,,,,DE,1___2a6e2556f66b7337e7f3a2153be80707_QYFQHENY
2026-09-28 11:29:05,2026-09-28 11:31:17,0,100,132,1,2026-09-28 11:31:18,R_2I9TU7wHFPvofT5,anonymous,DE,1,FL_EOS_ID,,6,6,2,1,2,5,100,"Rittersüort
Milka",4.617,4.617,17.504,1,,1,,,,1,1,1,1,1,,1,1,,,,,,1,,,,,,,,,,,1,1,,1,,,,,,,,,,,,,,,,,,,,,,,,,,,,,,1,2.709,30.256,31.097,22,,,,,,,,,,,,,,,,,,,,,,,,,,,,,,,,,,,4,complete,,,,DE,1___28308d4b375e161fe71b6c52c3daa659_QYFQHENY
2026-09-28 11:53:53,2026-09-28 11:56:07,0,100,134,1,2026-09-28 11:56:07,R_2npb54DAMFpCtZD,anonymous,DE,0.8999999761581421,FL_EOS_ID,,5,6,2,1,1,4,100,"Duplo, Giotto, Mars, Milky Way, Snickers, Twix, Bounty, Celebrations",1.638,1.638,48.684,1,,1,,,1,1,1,1,1,1,1,1,1,,,,,1,1,,,,,,,,,,,,,,,,,,,,,,,1,,,,,,,,,,,,,,,,,,,,,1,6.283,30.411,31.3,14,,,,,,,,,,,,,,,,,,,,,,,,,,,,,,,,,,,5,complete,,,,DE,1___de4a26612d99772c5a435d758ea11fd2_QYFQHENY
2026-09-28 12:02:35,2026-09-28 12:04:41,0,100,125,1,2026-09-28 12:04:42,R_8YbRGT9Zv27poUf,anonymous,DE,1,FL_EOS_ID,,5,6,1,9,6,4,100,"Mars
Lion
Twix",1.401,1.401,20.28,1,,1,,,1,1,1,1,1,1,1,1,1,,,,,1,1,,,,,,,,,1,1,,,1,,,,,,,1,,,,,,,,,,1,1,,,1,,,,,,,1,,,,2.939,43.02,43.819,20,,,,,,,,,,,,,,,,,,,,,,,,,,,,,,,,,,,3,complete,,,,DE,1___ab2b79ced95c7bba543769fef45061d2_QYFQHENY
2026-09-28 13:12:47,2026-09-28 13:15:10,0,100,142,1,2026-09-28 13:15:10,R_22lSV9RqDZMyP9W,anonymous,DE,1,FL_EOS_ID,,6,5,2,2,3,4,100,"Sarotti Milka Moser Rot ",2.863,24.581,28.161,2,,1,,1,1,1,1,1,1,1,1,1,1,,,,,1,1,,,,,,1,,,,,,,,,,,,,,,,,,,,,,,,,,,,,,,,,,,,,,1,3.203,35.067,35.957,20,,,,,,,,,,,,,,,,,,,,,,,,,,,,,,,,,,,1,complete,,,,DE,1___c025d5b731c095ea2803afff6bc274e5_QYFQHENY
2026-09-28 13:16:16,2026-09-28 13:17:16,0,100,59,1,2026-09-28 13:17:17,R_2pLgxS0AHgK344M,anonymous,DE,1,FL_EOS_ID,,4,5,1,1,2,7,100,"Duplo ",1.186,1.186,8.235,1,,,,,1,,1,,,,,,,,,,,,,,,,,,,1,,1,,,,,,,,,,,,,,,,,,,,,1,,,,,,,,,,,,,,,4.126,18.989,19.796,10,,,,,,,,,,,,,,,,,,,,,,,,,,,,,,,,,,,4,complete,,,,DE,1___f393375efbf1aed9b268d16269833b5f_QYFQHENY
2026-09-28 14:39:31,2026-09-28 14:42:30,0,100,179,1,2026-09-28 14:42:31,R_8QEKmez71eOVocN,anonymous,DE,0.8999999761581421,FL_EOS_ID,,4,6,2,2,3,4,100,"Mars, Bounty, Kitkat, Snickers",2.34,2.34,38.035,1,,1,,,1,1,1,1,1,1,1,1,1,,,,,1,1,,,,,,,1,1,,1,,,,1,,,,,,,1,,,,,,,1,,,1,,,,,,,,,,,1,,,7.498,74.8,76.952,20,,,,,,,,,,,,,,,,,,,,,,,,,,,,,,,,,,,5,complete,,,true,DE,1___02d69606dfa21bba8ddacb57e28aabf9_QYFQHENY
2026-09-28 15:26:25,2026-09-28 15:29:17,0,100,172,1,2026-09-28 15:29:18,R_8I4NC5DEJo3jfXM,anonymous,DE,0.5,FL_EOS_ID,,3,6,1,6,2,5,100,"nuts, mars, duplp. kinder schokolade",1.871,1.871,37.664,1,,1,,,1,1,1,1,1,1,1,1,1,,,,,1,1,,,,,,,1,,,1,,1,,,1,,,,,,,,,,,,,,,,,,1,,,1,,,,,,,,,3.82,46.609,51.177,18,,,,,,,,,,,,,,,,,,,,,,,,,,,,,,,,,,,1,complete,,,,DE,1___82c1a1a6a0ec4e4c4a0dd4abcd30b359_QYFQHENY
2026-09-28 15:30:12,2026-09-28 15:31:55,0,100,103,1,2026-09-28 15:31:55,R_8TegtFq6pYR9oHf,anonymous,DE,1,FL_EOS_ID,,7,6,2,9,1,4,100,keine,3.491,13.782,17.202,3,,,,,1,,1,1,,1,,1,,,,,,,1,,,,,,,,,,,,,,,,,,,,,,,1,,,,,,,,,,,,,,,,,,,,,1,6.763,31.018,32.017,8,,,,,,,,,,,,,,,,,,,,,,,,,,,,,,,,,,,2,complete,,,,DE,1___c6450c46c10bf8732ef7e400be47a62e_QYFQHENY
2026-09-28 15:33:27,2026-09-28 15:33:57,0,100,29,1,2026-09-28 15:33:57,R_87atXqj38oOyK4B,anonymous,DE,,FL_38,,1,2,2,3,6,3,80,,,,,,,,,,,,,,,,,,,,,,,,,,,,,,,,,,,,,,,,,,,,,,,,,,,,,,,,,,,,,,,,,,,,,,,,,,,,,,,,,,,,,,,,,,,,,,,,,,,,,,,,,,,,error,timeout,,,DE,1___ddd8c85351469aa27b5af942c55e05e8_QYFQHENY
2026-09-28 15:33:58,2026-09-28 15:36:27,0,100,149,1,2026-09-28 15:36:28,R_2dc1WLsobKOPKP7,anonymous,DE,1,FL_EOS_ID,,6,6,1,7,7,7,100,Keine,2.81,2.81,8.035,1,,,,,,,,,,,,,,,,,,,,,1,,,,,,,,,,,,,,,,,,,,,1,,,,,,,,,,,,,,,,,,,,,1,12.087,25.457,26.401,7,,,,,,,,,,,,,,,,,,,,,,,,,,,,,,,,,,,5,complete,,,,DE,1___a7b91d48fe0a44ce58af78c9a0b4955b_QYFQHENY
2026-09-28 15:38:36,2026-09-28 15:39:58,0,100,82,1,2026-09-28 15:39:59,R_8yX0u6UP7jfPfBT,anonymous,DE,1,FL_EOS_ID,,4,6,2,1,5,4,100,"Kinder
Duplo",1.439,1.439,9.76,1,,1,,,1,,1,1,1,1,1,1,1,,,,,,1,,,,,,,1,,,1,,,,,,,,,,,1,,,,,,,1,,,,,,,,,,,,,,,,,2.425,31.106,31.706,21,,,,,,,,,,,,,,,,,,,,,,,,,,,,,,,,,,,5,complete,,,,DE,1___4d9c2e1c8a8cd6ae84c50c4afaf056f5_QYFQHENY
2026-09-28 16:04:39,2026-09-28 16:07:05,0,100,146,1,2026-09-28 16:07:06,R_2IQ8kdi1sqxwMxt,anonymous,DE,1,FL_EOS_ID,,4,4,2,3,5,4,100,"kitkat, mars, milky way, twix, bounty",1.804,1.804,18.148,1,,1,,,1,1,1,1,1,1,1,1,1,,,,,1,1,,,,,,,1,,1,1,1,1,,1,,,,,,,,,,,,,,,,,1,1,,,,,,,,,,,,,1.838,31.419,32.358,20,,,,,,,,,,,,,,,,,,,,,,,,,,,,,,,,,,,5,complete,,,,DE,1___5b53099b841fda09229ab9d07248ea58_QYFQHENY
2026-09-28 16:10:56,2026-09-28 16:15:01,0,100,244,1,2026-09-28 16:15:02,R_2Tn37iIGRs9nF8g,anonymous,DE,1,FL_EOS_ID,,5,6,2,9,2,4,100,"Mars Snickers Milky Way Duplo Merci ",2.492,2.492,27.243,1,,1,,,1,1,1,1,1,1,1,1,1,,,,,1,1,,,,,,,,,1,1,,,1,1,1,,,,,1,1,,,,,,,,,,,,,1,1,1,,,,,,,,,43.419,99.55,101.501,26,,,,,,,,,,,,,,,,,,,,,,,,,,,,,,,,,,,5,complete,,,,DE,1___429f04c7d906653ce27f0a10f1fa47b5_QYFQHENY
2026-09-28 16:16:22,2026-09-28 16:19:06,0,100,163,1,2026-09-28 16:19:07,R_2CW1dXtEy2EpLSh,anonymous,DE,1,FL_EOS_ID,,6,6,2,3,5,6,100,"Mars, Twix, Bounty",2.288,43.718,45.49,2,,1,,,1,,1,1,1,1,1,1,1,,,,,1,1,,,,,,,,,,1,,,,1,,,,,,,,,,,,,,,,,,,,,,,,,,,,,,1,3.505,47.555,48.85,19,,,,,,,,,,,,,,,,,,,,,,,,,,,,,,,,,,,4,complete,,,true,DE,1___9edc2fbbcd897a9f71ec2b46cc688a9f_QYFQHENY
2026-09-28 16:18:37,2026-09-28 16:21:36,0,100,178,1,2026-09-28 16:21:37,R_2fcLDT47qzx82S2,anonymous,DE,1,FL_EOS_ID,,4,6,2,2,3,4,100,"Mars, Snickers, Twixy, Milky Way, Kitkat, Lion, Bounty",3.84,41.375,80.853,5,,1,,,1,1,1,1,1,1,1,1,1,,,,,1,1,,,,,,,,1,1,1,1,1,1,1,,,,,,,,,,,,,,,1,,1,1,,,,,,,,,,,,,5.363,51.827,53.101,24,,,,,,,,,,,,,,,,,,,,,,,,,,,,,,,,,,,5,complete,,,,DE,1___8e1df2b76f6c3a3f2a752e12ff0b5d03_QYFQHENY
2026-09-28 17:05:39,2026-09-28 17:05:56,0,100,17,1,2026-09-28 17:05:57,R_8WD7CDV84B7Y0yF,anonymous,DE,1,FL_38,,1,4,1,6,4,5,21,,,,,,,,,,,,,,,,,,,,,,,,,,,,,,,,,,,,,,,,,,,,,,,,,,,,,,,,,,,,,,,,,,,,,,,,,,,,,,,,,,,,,,,,,,,,,,,,,,,,,,,,,,,,complete,,,,DE,1___12bcd0afb2045253749fd5d85fe98b5f_QYFQHENY
2026-09-28 17:05:37,2026-09-28 17:06:02,0,100,24,1,2026-09-28 17:06:02,R_8wH7MlJ8Eh80LLz,anonymous,DE,1,FL_38,,3,3,1,4,5,4,11,,,,,,,,,,,,,,,,,,,,,,,,,,,,,,,,,,,,,,,,,,,,,,,,,,,,,,,,,,,,,,,,,,,,,,,,,,,,,,,,,,,,,,,,,,,,,,,,,,,,,,,,,,,,complete,,,,DE,1___7582aff35975cdaada99110f4afcf6e8_QYFQHENY
2026-09-28 17:05:34,2026-09-28 17:06:09,0,100,35,1,2026-09-28 17:06:09,R_8sg7CP2SQ4kech3,anonymous,DE,0.6000000238418579,FL_38,,3,3,2,8,4,3,12,,,,,,,,,,,,,,,,,,,,,,,,,,,,,,,,,,,,,,,,,,,,,,,,,,,,,,,,,,,,,,,,,,,,,,,,,,,,,,,,,,,,,,,,,,,,,,,,,,,,,,,,,,,,complete,,,true,DE,1___9ce9cbdcc015e8214cb98320eed7d6a4_QYFQHENY
2026-09-28 17:05:50,2026-09-28 17:06:16,0,100,26,1,2026-09-28 17:06:17,R_8ul66UHyjXUqyoV,anonymous,DE,0.800000011920929,FL_38,,2,2,1,1,4,5,75,,,,,,,,,,,,,,,,,,,,,,,,,,,,,,,,,,,,,,,,,,,,,,,,,,,,,,,,,,,,,,,,,,,,,,,,,,,,,,,,,,,,,,,,,,,,,,,,,,,,,,,,,,,,complete,,,,DE,1___a8717fae26c831913338beb59c50cce9_QYFQHENY
2026-09-28 17:05:55,2026-09-28 17:06:38,0,100,43,1,2026-09-28 17:06:38,R_8TtHvZnQbX9TY65,anonymous,DE,1,FL_38,,1,2,1,2,3,8,58,,,,,,,,,,,,,,,,,,,,,,,,,,,,,,,,,,,,,,,,,,,,,,,,,,,,,,,,,,,,,,,,,,,,,,,,,,,,,,,,,,,,,,,,,,,,,,,,,,,,,,,,,,,,complete,,,,DE,1___88752033caca621914b0bff27365be90_QYFQHENY
2026-09-28 17:06:22,2026-09-28 17:06:51,0,100,28,1,2026-09-28 17:06:51,R_8a2GBxj9FeW0ao9,anonymous,DE,1,FL_38,,1,2,1,8,2,4,63,,,,,,,,,,,,,,,,,,,,,,,,,,,,,,,,,,,,,,,,,,,,,,,,,,,,,,,,,,,,,,,,,,,,,,,,,,,,,,,,,,,,,,,,,,,,,,,,,,,,,,,,,,,,complete,,,,DE,1___9dbc6231498dfc95ce94fac38057a035_QYFQHENY
2026-09-28 17:05:33,2026-09-28 17:06:52,0,100,78,1,2026-09-28 17:06:52,R_8S8xPOncorDUIM1,anonymous,DE,1,FL_EOS_ID,,3,6,1,3,4,5,100,Ritter Sport,1.314,7.625,8.105,2,,1,1,1,1,1,1,1,1,1,1,1,1,,,,,1,1,,,,1,1,1,1,,1,1,,,,1,1,,,,,,1,,,,,,,1,1,,1,,,,,1,,,,,,1,,,2.462,38.354,38.983,39,,,,,,,,,,,,,,,,,,,,,,,,,,,,,,,,,,,5,complete,,,true,DE,1___dce3db9814d41746b8169d3e9fd4daa4_QYFQHENY
2026-09-28 17:06:34,2026-09-28 17:06:54,0,100,20,1,2026-09-28 17:06:54,R_8PbDKxJoNGUc8NK,anonymous,DE,1,FL_38,,2,4,1,6,6,7,87,,,,,,,,,,,,,,,,,,,,,,,,,,,,,,,,,,,,,,,,,,,,,,,,,,,,,,,,,,,,,,,,,,,,,,,,,,,,,,,,,,,,,,,,,,,,,,,,,,,,,,,,,,,,complete,,,,DE,1___6b6989bbcbea0a9b987976f3d2558688_QYFQHENY
2026-09-28 17:06:22,2026-09-28 17:06:57,0,100,35,1,2026-09-28 17:06:57,R_2E9HNMsLaIMBmwm,anonymous,DE,1,FL_38,,1,5,2,9,2,2,0,,,,,,,,,,,,,,,,,,,,,,,,,,,,,,,,,,,,,,,,,,,,,,,,,,,,,,,,,,,,,,,,,,,,,,,,,,,,,,,,,,,,,,,,,,,,,,,,,,,,,,,,,,,,complete,,,,DE,1___41a23cebd77947c97449483429bb9aff_QYFQHENY
2026-09-28 17:06:25,2026-09-28 17:07:06,0,100,40,1,2026-09-28 17:07:06,R_2Et744S1EMUIveD,anonymous,DE,1,FL_38,,3,2,2,8,3,5,72,,,,,,,,,,,,,,,,,,,,,,,,,,,,,,,,,,,,,,,,,,,,,,,,,,,,,,,,,,,,,,,,,,,,,,,,,,,,,,,,,,,,,,,,,,,,,,,,,,,,,,,,,,,,complete,,,true,DE,1___93c306cd4793c43eef2a8cde1d466014_QYFQHENY
2026-09-28 17:05:56,2026-09-28 17:07:14,0,100,78,1,2026-09-28 17:07:15,R_8j6DkvyI3gwhX5I,anonymous,DE,1,FL_EOS_ID,,3,4,1,3,1,2,100,Milka,1.195,1.195,6.133,1,,,,,,,,1,,1,,1,1,,,,,1,,,,,,,,,,1,1,1,,1,,1,,,,,,,,,,,,,,,,,,,,,,,,,1,,1,,,1.81,18.454,19.493,23,,,,,,,,,,,,,,,,,,,,,,,,,,,,,,,,,,,3,complete,,,,DE,1___ea5a55edde30e9911cd481da73123022_QYFQHENY
2026-09-28 17:05:34,2026-09-28 17:07:18,0,100,103,1,2026-09-28 17:07:18,R_8onDr0lIqCczVHa,anonymous,DE,1,FL_EOS_ID,,2,3,2,7,4,5,100,Twix,1.959,7.298,7.965,2,,1,,,1,1,1,1,1,1,,,1,,,,,1,1,,,,,,,,,,,,1,,,,,,,,,1,,,,,,,1,,,,1,,,,,,,,,,1,,,6.475,41.934,42.581,24,,,,,,,,,,,,,,,,,,,,,,,,,,,,,,,,,,,4,complete,,,,DE,1___0bcc39f79090f7b2e043f299ef2775b1_QYFQHENY
2026-09-28 17:05:55,2026-09-28 17:07:19,0,100,84,1,2026-09-28 17:07:20,R_8IudHqNi1tGhqPD,anonymous,DE,1,FL_EOS_ID,,3,2,2,4,5,4,100,Kinder,1.492,1.492,5.274,1,,1,1,,1,1,1,1,1,1,,1,1,1,,,,1,1,,,,,1,,1,1,1,,1,1,,,1,,,,,1,1,,,,,,,,1,,,1,,,,1,,,,,1,1,,,0.965,40.449,41.326,43,,,,,,,,,,,,,,,,,,,,,,,,,,,,,,,,,,,2,complete,,,,DE,1___ff6690e3e7e0923d3805bd076c2ec47e_QYFQHENY
2026-09-28 17:05:30,2026-09-28 17:07:20,0,100,110,1,2026-09-28 17:07:21,R_8wNdEmdARaFowuj,anonymous,DE,1,FL_EOS_ID,,3,4,2,1,2,2,100,Kinderriegel,3.287,22.56,23.188,2,,1,,,1,,1,1,,1,,1,1,,,,,1,1,,,,,,,1,,,,,,,,,,,,,,,,,,,,,1,,,,,1,,,,,,,,,,,,4.513,36.339,36.967,19,,,,,,,,,,,,,,,,,,,,,,,,,,,,,,,,,,,4,complete,,,,DE,1___c667783abbbd281ad071ba5baddc8449_QYFQHENY
2026-09-28 17:05:39,2026-09-28 17:07:27,0,100,108,1,2026-09-28 17:07:28,R_8Q4rNq8BAXwW1l3,anonymous,DE,1,FL_EOS_ID,,4,4,1,9,6,6,100,Duplo,0.994,5.426,8.17,2,,1,,,1,1,1,1,1,1,1,1,1,,,,,1,1,,,,,,,,,1,,,,,,,,,,,1,1,,,,,,,,,1,1,,,,,1,,,,,,,,,3.167,33.612,35.053,26,,,,,,,,,,,,,,,,,,,,,,,,,,,,,,,,,,,4,complete,,,,DE,1___df0fbf6f4e0a82a1e15bcb105f2456d5_QYFQHENY
2026-09-28 17:05:46,2026-09-28 17:07:32,0,100,105,1,2026-09-28 17:07:32,R_8t09tzeVhdRzSNS,anonymous,DE,1,FL_EOS_ID,,2,2,2,9,4,2,100,Kinder,1.101,3.601,5.344,2,,1,1,1,1,1,1,1,1,1,,1,1,,,,,1,1,,,,1,1,1,1,1,1,1,1,1,,1,1,,,,,1,1,,,,,,,,1,,,1,1,,,1,,,,,,1,,,4.9,40.972,41.471,44,,,,,,,,,,,,,,,,,,,,,,,,,,,,,,,,,,,2,complete,,,,DE,1___d7e6d4c4d789cc9b40311878cf6ebac3_QYFQHENY
2026-09-28 17:06:57,2026-09-28 17:07:32,0,100,35,1,2026-09-28 17:07:33,R_8M6bFAuTU7kp8SW,anonymous,DE,1,FL_38,,1,2,1,2,2,5,16,,,,,,,,,,,,,,,,,,,,,,,,,,,,,,,,,,,,,,,,,,,,,,,,,,,,,,,,,,,,,,,,,,,,,,,,,,,,,,,,,,,,,,,,,,,,,,,,,,,,,,,,,,,,complete,,,,DE,1___644e91fa33a66279100c53c7ab8d3bdd_QYFQHENY
2026-09-28 17:05:32,2026-09-28 17:07:32,0,100,120,1,2026-09-28 17:07:33,R_823HJ9br87VOfFU,anonymous,DE,1,FL_EOS_ID,,3,4,1,7,6,7,100,Duplo twix kinderriefel,1.94,19.25,20.901,2,,1,,,1,1,1,1,1,1,1,1,1,,,,,1,1,,,,1,,,,1,1,,1,,,,,,,,,1,,,,,,,,,,1,,1,,,,1,,,,,,,,,4.119,49.257,50.532,30,,,,,,,,,,,,,,,,,,,,,,,,,,,,,,,,,,,4,complete,,,,DE,1___e61d177a5612a9ee4d205e6f185416fd_QYFQHENY
2026-09-28 17:05:50,2026-09-28 17:07:37,0,100,107,1,2026-09-28 17:07:38,R_85xKVhHQc5LAbOF,anonymous,DE,1,FL_EOS_ID,,3,3,2,9,2,4,100,"Kinderriegel, bueno, Corny",1.701,20.076,20.583,3,,1,,,1,1,1,1,1,1,,1,1,,,,,1,1,,,,1,,,1,,1,1,1,1,,,,,,,,,1,,,,1,,,,1,1,,,,,,,,,,,,,,,2.201,42.487,43.133,53,,,,,,,,,,,,,,,,,,,,,,,,,,,,,,,,,,,2,complete,,,,DE,1___ff513d38aab8fca566f7b6faf33d57de_QYFQHENY
2026-09-28 17:06:19,2026-09-28 17:07:41,0,100,81,1,2026-09-28 17:07:41,R_2HjWjSqa3sdZIzr,anonymous,DE,1,FL_EOS_ID,,3,5,2,9,6,4,100,"Snickers, Bounty, Mars",2.02,2.02,15.082,1,,1,,,1,1,1,1,1,1,,1,1,,,,,1,1,,,,1,,,1,1,,,1,1,,,,,,,,1,1,,,,,,,,1,,,1,,,,,,,,,,1,,,2.31,29.884,32.33,21,,,,,,,,,,,,,,,,,,,,,,,,,,,,,,,,,,,5,complete,,,,DE,1___307c411aa81f9b7927846bf760afb173_QYFQHENY
2026-09-28 17:06:01,2026-09-28 17:07:43,0,100,102,1,2026-09-28 17:07:44,R_8tyVf5aqBn1UbPm,anonymous,DE,0.800000011920929,FL_EOS_ID,,3,3,1,6,5,5,100,"Milka
",1.201,1.201,8.741,1,,,1,,1,,1,,1,1,1,1,1,,,,,1,1,,,,,,,1,,,,,1,,1,1,,,,,1,1,,,,,,,,,1,,1,1,,1,1,,,,,1,1,,,2.13,45.279,45.806,42,,,,,,,,,,,,,,,,,,,,,,,,,,,,,,,,,,,4,complete,,,true,DE,1___e25adb8d67338e021fd2bee3fc43aa48_QYFQHENY
2026-09-28 17:06:18,2026-09-28 17:07:44,0,100,85,1,2026-09-28 17:07:44,R_2ptEaup8rypgjhW,anonymous,DE,1,FL_EOS_ID,,4,2,2,7,4,5,100,"Kinder ",1.413,6.883,7.886,2,,1,,,1,1,1,1,1,1,,1,1,1,,,,1,1,,,,1,,,1,,1,1,1,1,,,,,,,,1,1,,,,,,,,,,,1,,,1,,,,,,1,1,,,0.738,35.366,35.391,38,,,,,,,,,,,,,,,,,,,,,,,,,,,,,,,,,,,4,complete,,,,DE,1___cc026c953abb6db22b3888f4f78a4809_QYFQHENY
2026-09-28 17:05:39,2026-09-28 17:07:44,0,100,125,1,2026-09-28 17:07:45,R_8QwiN06ObgsTuut,anonymous,DE,1,FL_EOS_ID,,3,2,2,9,3,3,100,"Kinder ",1.702,1.702,6.738,1,1,1,,,1,1,1,1,1,1,1,1,1,1,,,1,1,1,,,1,1,,,1,1,1,1,1,1,1,1,1,1,,,1,1,1,,,,1,,,,,1,1,1,,,1,1,,,,1,,,,,1.853,77.23,78.207,46,,,,,,,,,,,,,,,,,,,,,,,,,,,,,,,,,,,3,complete,,,,DE,1___28c7e736e4fb023d5415af2cc066c200_QYFQHENY
2026-09-28 17:06:52,2026-09-28 17:07:47,0,100,54,1,2026-09-28 17:07:47,R_2KBky6gThH8qkKt,anonymous,DE,1,FL_38,,3,5,2,7,2,2,43,,,,,,,,,,,,,,,,,,,,,,,,,,,,,,,,,,,,,,,,,,,,,,,,,,,,,,,,,,,,,,,,,,,,,,,,,,,,,,,,,,,,,,,,,,,,,,,,,,,,,,,,,,,,complete,,,,DE,1___68809da6edad6a9825e4449a4108d66f_QYFQHENY
2026-09-28 17:05:42,2026-09-28 17:07:52,0,100,130,1,2026-09-28 17:07:53,R_8CepqopTyh3VuhA,anonymous,DE,1,FL_EOS_ID,,4,4,2,2,5,5,100,"Milke ",2.92,9.04,9.684,2,,,1,,,,,1,1,,,1,1,,,,,,1,,,,,1,,,,,1,1,,,,1,,,,,,1,,,,,1,,1,,,,1,,,1,1,,,,,,,,,5.491,59.849,60.447,38,,,,,,,,,,,,,,,,,,,,,,,,,,,,,,,,,,,3,complete,,,,DE,1___fddbec66a56b053d13cb40425d96d4b9_QYFQHENY
2026-09-28 17:05:55,2026-09-28 17:07:54,0,100,118,1,2026-09-28 17:07:54,R_8asLxu70sXWWaqm,anonymous,DE,1,FL_EOS_ID,,2,6,2,9,3,4,100,"Lindt, Milka, Trumpf",2.33,2.33,19.598,1,,1,,,1,1,1,1,1,1,1,1,1,,,,,,1,,,,,,,,1,,1,1,1,,,1,,,,,,,,,,,,,,1,,1,,1,,,1,,,,,,,,,3.867,37.455,38.101,30,,,,,,,,,,,,,,,,,,,,,,,,,,,,,,,,,,,4,complete,,,true,DE,1___b01efef33b3e28ad874ef391d9f1ff0b_QYFQHENY
2026-09-28 17:07:32,2026-09-28 17:07:55,0,100,22,1,2026-09-28 17:07:55,R_8GNwmOlmS88ycPD,anonymous,DE,1,FL_38,,5,3,2,2,2,,-27,,,,,,,,,,,,,,,,,,,,,,,,,,,,,,,,,,,,,,,,,,,,,,,,,,,,,,,,,,,,,,,,,,,,,,,,,,,,,,,,,,,,,,,,,,,,,,,,,,,,,,,,,,,,complete,,,,DE,1___19d362f046c1c3abf49f0cc0150ad5fe_QYFQHENY
2026-09-28 17:06:55,2026-09-28 17:07:55,0,100,60,1,2026-09-28 17:07:56,R_8tbpFhf8bVpqBOb,anonymous,DE,1,FL_38,,3,2,2,2,2,5,-82,,,,,,,,,,,,,,,,,,,,,,,,,,,,,,,,,,,,,,,,,,,,,,,,,,,,,,,,,,,,,,,,,,,,,,,,,,,,,,,,,,,,,,,,,,,,,,,,,,,,,,,,,,,,complete,,,,DE,1___b4eba72ab7965cadcabe10ee2f3285bb_QYFQHENY
2026-09-28 17:06:14,2026-09-28 17:07:55,0,100,100,1,2026-09-28 17:07:56,R_8snnrCo8fM5TBws,anonymous,DE,0.800000011920929,FL_EOS_ID,,3,2,1,5,1,2,100,"Snickers ",6.5,10.415,10.794,2,,,,,1,1,1,1,1,1,,1,1,,,,,1,1,,,,,,,1,,,,,,,,,,,,,,1,,,,,,,,,,,,,,,,,,,,,,,1,1.5,52.968,53.675,34,,,,,,,,,,,,,,,,,,,,,,,,,,,,,,,,,,,5,complete,,,,DE,1___cddfe4046bb017f945584f8acd93f0fd_QYFQHENY
2026-09-28 17:06:28,2026-09-28 17:07:58,0,100,90,1,2026-09-28 17:07:59,R_8dTmRJNeSN9Bd7H,anonymous,DE,1,FL_EOS_ID,,2,6,1,3,2,7,100,"Twix, Mars, Milka",1.635,1.635,10.862,1,,,,,1,1,1,1,,1,,1,1,,,,,,1,,,,,,,,,1,,,,,,,,,,,,,,,,,,,,,,,,,,1,1,,,,,,,,,4.96,35.972,38.4,14,,,,,,,,,,,,,,,,,,,,,,,,,,,,,,,,,,,4,complete,,,,DE,1___3aea4bf94eeb0cd953e209fde89cf767_QYFQHENY
2026-09-28 17:07:13,2026-09-28 17:08:02,0,100,49,1,2026-09-28 17:08:03,R_89TA4WJ6W8KW8ox,anonymous,DE,0.800000011920929,FL_38,,2,5,2,9,2,4,47,,,,,,,,,,,,,,,,,,,,,,,,,,,,,,,,,,,,,,,,,,,,,,,,,,,,,,,,,,,,,,,,,,,,,,,,,,,,,,,,,,,,,,,,,,,,,,,,,,,,,,,,,,,,complete,,,,DE,1___2fededa8d1ce66cc7d980d7c1a671283_QYFQHENY
2026-09-28 17:05:42,2026-09-28 17:08:02,0,100,140,1,2026-09-28 17:08:03,R_2IhlfmM8p5KK7QS,anonymous,DE,1,FL_EOS_ID,,5,4,2,7,2,3,100,Kinerschokolade,3.225,3.225,15.936,1,,1,,,1,1,1,1,1,1,1,1,1,,,,,1,1,,,,,,,,,1,,1,1,,,,,,,,1,,,,,,,,,,,,1,,,,,,,,,,,,,22.914,66.11,67.976,23,,,,,,,,,,,,,,,,,,,,,,,,,,,,,,,,,,,1,complete,,,,DE,1___14a0cef617290397e4fa9321b30873d7_QYFQHENY
2026-09-28 17:06:57,2026-09-28 17:08:06,0,100,68,1,2026-09-28 17:08:06,R_2yKbBFNWClB2xwZ,anonymous,DE,0.8999999761581421,FL_EOS_ID,,3,4,1,9,5,6,100,Kinderriegel,1.756,1.756,9.236,1,,1,,,1,1,1,1,1,1,,1,1,,,,,1,1,,,,,,,,,,,,1,,,,,,,,,,,,,,,,,,,,,1,,,,,,,,,,,,3.416,25.771,26.951,13,,,,,,,,,,,,,,,,,,,,,,,,,,,,,,,,,,,1,complete,,,,DE,1___3e6f83980df2a3fa0631f4ecc48e4413_QYFQHENY
2026-09-28 17:07:28,2026-09-28 17:08:06,0,100,37,1,2026-09-28 17:08:06,R_8K2yjOaFao8Bl0c,anonymous,DE,1,FL_38,,5,3,1,2,3,6,59,,,,,,,,,,,,,,,,,,,,,,,,,,,,,,,,,,,,,,,,,,,,,,,,,,,,,,,,,,,,,,,,,,,,,,,,,,,,,,,,,,,,,,,,,,,,,,,,,,,,,,,,,,,,complete,,,,DE,1___3c89719d5388bb52583de491cafab4e9_QYFQHENY
2026-09-28 17:05:55,2026-09-28 17:08:07,0,100,132,1,2026-09-28 17:08:08,R_24hNLKNqtywqblL,anonymous,DE,1,FL_EOS_ID,,2,3,2,9,4,4,100,"Kinder Schokolade ",1.942,1.942,9.22,1,1,1,,,1,1,1,1,1,1,,1,1,1,,,,1,1,,,,1,,,,1,1,1,1,1,,,,,,,,,1,,,,1,,,,,,,1,,,,,,,,,,,,,6.553,61.659,62.594,46,,,,,,,,,,,,,,,,,,,,,,,,,,,,,,,,,,,3,complete,,,,DE,1___80e901c3ce884d2d0090f746f42d0ef1_QYFQHENY
2026-09-28 17:06:35,2026-09-28 17:08:08,0,100,92,1,2026-09-28 17:08:08,R_8729Ag0xVivtDLr,anonymous,DE,1,FL_EOS_ID,,5,6,1,3,3,7,100,"milka,ritter sport",1.667,1.667,10.879,1,,,,,1,,1,,,1,,1,1,,,,,,1,,,,,,,,,,,,,,,1,,,,,,,,,,,,,,,,,,,,,1,,,,,,,,,2.476,34.31,35.387,11,,,,,,,,,,,,,,,,,,,,,,,,,,,,,,,,,,,3,complete,,,,DE,1___02a2a9a38e817aadb9b65bd2347009d7_QYFQHENY
2026-09-28 17:07:25,2026-09-28 17:08:08,0,100,42,1,2026-09-28 17:08:08,R_83TXV77emb8hFhf,anonymous,DE,1,FL_38,,2,3,1,2,4,6,-29,,,,,,,,,,,,,,,,,,,,,,,,,,,,,,,,,,,,,,,,,,,,,,,,,,,,,,,,,,,,,,,,,,,,,,,,,,,,,,,,,,,,,,,,,,,,,,,,,,,,,,,,,,,,complete,,,,DE,1___28576f2e8073499b7b08620351465fa8_QYFQHENY
2026-09-28 17:06:02,2026-09-28 17:08:08,0,100,126,1,2026-09-28 17:08:09,R_8p2iV0eNMzxAP3b,anonymous,DE,1,FL_EOS_ID,,6,6,2,1,2,2,100,Milka,3.112,4.663,9.063,2,,,,,1,,1,1,,1,,1,1,,,,,1,1,,,,,,,,,,,,,,,,,,,,,,,1,,,,,,,,,,,,,,,,,,,,,1,3.602,26.657,27.588,18,,,,,,,,,,,,,,,,,,,,,,,,,,,,,,,,,,,5,complete,,,true,DE,1___f007768e0beff5e4b25c23ae1933a825_QYFQHENY
2026-09-28 17:05:37,2026-09-28 17:08:09,0,100,151,1,2026-09-28 17:08:09,R_8ncQIeWgKkp1lel,anonymous,DE,1,FL_EOS_ID,,3,2,1,3,6,3,100,Mars,2.421,5.148,5.921,2,,1,,,,1,1,1,,1,,1,1,,,,,1,1,,,,1,,,,1,1,1,,1,,1,1,,,,,1,1,,,,1,,,1,1,1,1,1,,,1,1,,,,,,1,,,1.755,80.535,81.796,106,,,,,,,,,,,,,,,,,,,,,,,,,,,,,,,,,,,5,complete,,,,DE,1___851691c7c50fbfcd620e2dd58bc25d06_QYFQHENY
2026-09-28 17:07:17,2026-09-28 17:08:09,0,100,51,1,2026-09-28 17:08:10,R_8vSriKhtXDCAvmN,anonymous,DE,0.6000000238418579,FL_38,,5,2,1,7,6,3,64,,,,,,,,,,,,,,,,,,,,,,,,,,,,,,,,,,,,,,,,,,,,,,,,,,,,,,,,,,,,,,,,,,,,,,,,,,,,,,,,,,,,,,,,,,,,,,,,,,,,,,,,,,,,complete,,,,DE,1___cbb79b9dcd4bb2297eb4fec8af111b6f_QYFQHENY
2026-09-28 17:06:50,2026-09-28 17:08:10,0,100,79,1,2026-09-28 17:08:10,R_8MNXp4xJZW939Dj,anonymous,DE,1,FL_EOS_ID,,3,2,2,5,2,6,100,Milka Twix Snickers,1.227,21.359,22.059,3,,,,,,,,,,,,,1,,,,,,,,,,,,,,,,,,,,,1,,,,,,1,,,,,,,,,,,,,,,,,,,,1,,,,3.743,22.207,22.599,11,,,,,,,,,,,,,,,,,,,,,,,,,,,,,,,,,,,3,complete,,,,DE,1___be02070dafc6bccd7408dacfdd72659d_QYFQHENY
2026-09-28 17:07:33,2026-09-28 17:08:12,0,100,39,1,2026-09-28 17:08:12,R_8GC7scczjhF7Q2K,anonymous,DE,1,FL_38,,3,2,1,3,2,2,20,,,,,,,,,,,,,,,,,,,,,,,,,,,,,,,,,,,,,,,,,,,,,,,,,,,,,,,,,,,,,,,,,,,,,,,,,,,,,,,,,,,,,,,,,,,,,,,,,,,,,,,,,,,,complete,,,,DE,1___fa4a63e929fd7e5399d513631c14ae80_QYFQHENY
2026-09-28 17:06:35,2026-09-28 17:08:13,0,100,98,1,2026-09-28 17:08:13,R_8ElD2n80niEGK9X,anonymous,DE,1,FL_EOS_ID,,4,3,2,9,2,5,100,Milka,2.195,2.195,5.566,1,,,,,,,1,1,,,,1,1,,,,,1,1,,,,,,,,,,,1,1,,,1,,,,,,,,,,,,,,,,1,1,,,,1,,,,,,,,,3.15,27.431,28.502,18,,,,,,,,,,,,,,,,,,,,,,,,,,,,,,,,,,,5,complete,,,,DE,1___d057a04967c66ddc1320ca58275a147e_QYFQHENY
2026-09-28 17:06:41,2026-09-28 17:08:18,0,100,96,1,2026-09-28 17:08:18,R_8h9p2v6fZtssTCQ,anonymous,DE,1,FL_EOS_ID,,3,5,1,9,3,5,100,"Milka, Mars",2.272,2.272,9.885,1,,1,1,1,1,1,1,1,1,1,1,1,1,,,,,1,1,,,,1,,1,1,1,1,1,1,1,,,1,,,,,,1,,,,1,,,1,,,1,,1,,,,,,,,,1,,,6.954,52.362,53.135,39,,,,,,,,,,,,,,,,,,,,,,,,,,,,,,,,,,,3,complete,,,,DE,1___9230aab244cef354d99378b4d902331c_QYFQHENY
2026-09-28 17:06:51,2026-09-28 17:08:22,0,100,90,1,2026-09-28 17:08:22,R_2j2RAIs043bysox,anonymous,DE,1,FL_EOS_ID,,1,5,2,1,6,7,100,"Duplo, Kinder-Riegel",1.068,1.068,10.624,1,,1,,,1,1,1,1,1,1,1,1,1,,,,,1,1,,,,,,,,,1,1,1,1,1,1,,,,,,1,1,,,,,,,,,1,1,1,,,1,,,,,,1,1,,,1.075,39.599,40.286,28,,,,,,,,,,,,,,,,,,,,,,,,,,,,,,,,,,,4,complete,,,,DE,1___b4ce835a0ad1dc4a19151cbb3ced0998_QYFQHENY
2026-09-28 17:07:47,2026-09-28 17:08:32,0,100,44,1,2026-09-28 17:08:32,R_83ZY6JnleYVOWAk,anonymous,DE,1,FL_38,,4,2,2,7,1,2,32,,,,,,,,,,,,,,,,,,,,,,,,,,,,,,,,,,,,,,,,,,,,,,,,,,,,,,,,,,,,,,,,,,,,,,,,,,,,,,,,,,,,,,,,,,,,,,,,,,,,,,,,,,,,complete,,,,DE,1___f4d48aaa08c9067ad2b0024ce83aa586_QYFQHENY
2026-09-28 17:08:24,2026-09-28 17:08:42,0,100,18,1,2026-09-28 17:08:42,R_2dzjxTUvLNGUOrA,anonymous,DE,1,FL_38,,1,2,2,1,2,5,77,,,,,,,,,,,,,,,,,,,,,,,,,,,,,,,,,,,,,,,,,,,,,,,,,,,,,,,,,,,,,,,,,,,,,,,,,,,,,,,,,,,,,,,,,,,,,,,,,,,,,,,,,,,,complete,,,true,DE,1___2cce2fa3ce7670fa62ff482fcf73f993_QYFQHENY
2026-09-28 17:07:23,2026-09-28 17:08:44,0,100,81,1,2026-09-28 17:08:45,R_2QfXZtmFz1olOWt,anonymous,DE,1,FL_EOS_ID,,2,3,1,9,5,6,100,"Ritter Sport ",1.327,1.327,6.028,1,,,,,,1,1,1,1,,,1,1,,,,,1,1,,,,,,,,,1,,1,1,,,1,,,,,1,1,,,,,,,,,,,1,1,,1,,,,,,1,,,,4.022,31.413,31.705,48,,,,,,,,,,,,,,,,,,,,,,,,,,,,,,,,,,,2,complete,,,,DE,1___9ca9df526da208360328cb09a09b4978_QYFQHENY
2026-09-28 17:06:42,2026-09-28 17:08:45,0,100,122,1,2026-09-28 17:08:45,R_8GVusOO1VE3lYXv,anonymous,DE,1,FL_EOS_ID,,3,5,1,4,5,4,100,"Twix, Mars, Snickers, Balisto, Lion",1.057,1.057,20.968,1,,1,,,1,1,1,1,1,1,1,1,1,,,,,1,1,,,,1,,,,1,1,1,1,1,,1,1,,,,,1,1,,,,1,,,,1,1,1,1,1,,,1,,,,,1,,,,2.4,49.367,50.186,37,,,,,,,,,,,,,,,,,,,,,,,,,,,,,,,,,,,3,complete,,,,DE,1___14d22771b058dc58ed410b0f5cc472f9_QYFQHENY
2026-09-28 17:06:32,2026-09-28 17:08:47,0,100,134,1,2026-09-28 17:08:47,R_8nCvne8RzT9gI25,anonymous,DE,1,FL_EOS_ID,,3,5,1,8,1,2,100,"Kinderriegel ",1.883,9.689,10.2,2,,1,1,,1,1,1,1,1,1,1,1,1,1,,1,,1,1,,,,1,,,,1,,1,1,,,,,,,,,,,,,,,,,,,,1,,,,,1,,,1,,,,,,6.744,54.625,55.359,40,,,,,,,,,,,,,,,,,,,,,,,,,,,,,,,,,,,1,complete,,,,DE,1___33e93141e626bcd2e2f659441e95a16d_QYFQHENY
2026-09-28 17:08:21,2026-09-28 17:08:48,0,100,26,1,2026-09-28 17:08:48,R_2oQyy74l8NPwWOd,anonymous,DE,1,FL_38,,2,4,1,2,3,4,57,,,,,,,,,,,,,,,,,,,,,,,,,,,,,,,,,,,,,,,,,,,,,,,,,,,,,,,,,,,,,,,,,,,,,,,,,,,,,,,,,,,,,,,,,,,,,,,,,,,,,,,,,,,,complete,,,true,DE,1___c316d4fcc2825a88d41138e9933dca19_QYFQHENY
2026-09-28 17:06:36,2026-09-28 17:08:49,0,100,133,1,2026-09-28 17:08:50,R_8pPEIPHnfaw0eyJ,anonymous,DE,1,FL_EOS_ID,,5,4,1,3,3,3,100,"Mars, Snickers, twix ",2.656,2.656,19.259,1,,,,,,1,,,1,1,,1,1,,,,,1,1,,,,,,,,1,,,,1,,1,,,,,,1,1,,,,,1,,,1,1,,,,,1,1,,,,,1,1,,,5.268,56.109,56.601,29,,,,,,,,,,,,,,,,,,,,,,,,,,,,,,,,,,,3,complete,,,,DE,1___aabd6d61c7efae67baaaa1aa9ea97819_QYFQHENY
2026-09-28 17:07:43,2026-09-28 17:08:50,0,100,67,1,2026-09-28 17:08:50,R_8Lzjql4ehmpsGRX,anonymous,DE,1,FL_EOS_ID,,1,3,1,2,3,6,100,"Snickers Mars ",1.869,1.869,12.451,1,,,,,1,,,,,,,,,,,,,1,1,,,,,,,,,,1,,,,,,,,,,,,,,,,,,,1,,,,,,,,,,,,,,,,3.519,14.408,15.842,15,,,,,,,,,,,,,,,,,,,,,,,,,,,,,,,,,,,1,complete,,,,DE,1___8b8df12fd99b7e797239f8a2f8c35e33_QYFQHENY
2026-09-28 17:07:41,2026-09-28 17:08:51,0,100,69,1,2026-09-28 17:08:51,R_2mWpKEmaqUvuons,anonymous,DE,1,FL_EOS_ID,,6,3,2,6,4,7,100,"Mats, Twix, Kinder ",1.02,1.02,8.974,1,,1,1,,1,1,1,1,1,1,,1,1,,,,,1,1,,,,,,,,,,1,1,,,1,,,,,,1,,,,,,,,,,,,,,,1,,,,,,,,,,3.274,29.332,29.994,25,,,,,,,,,,,,,,,,,,,,,,,,,,,,,,,,,,,5,complete,,,,DE,1___262c105a083c19f2a74605f7589528b9_QYFQHENY
2026-09-28 17:06:07,2026-09-28 17:08:51,0,100,164,1,2026-09-28 17:08:51,R_2Os2k6cpXsCKCZd,anonymous,DE,1,FL_EOS_ID,,3,3,1,3,4,3,100,"Milka
",2.902,7,8.077,2,,,,,1,1,1,1,1,1,,1,1,,,,,1,1,,,,,,,,,1,1,1,,,,1,,,,,,1,,,,,,,,,,1,1,1,,,1,,,,,,,,,7.001,61.098,61.761,49,,,,,,,,,,,,,,,,,,,,,,,,,,,,,,,,,,,3,complete,,,true,DE,1___3153be4e916be261b42ff8e078e64d50_QYFQHENY
2026-09-28 17:06:55,2026-09-28 17:08:53,0,100,118,1,2026-09-28 17:08:54,R_2fgT3rywxV0AZQl,anonymous,DE,1,FL_EOS_ID,,2,6,1,7,5,5,100,Milka. Kinderriegel.,1.587,1.587,20.787,1,,1,,,1,1,1,1,1,1,,1,1,,,,,,1,,,,,1,,1,,1,1,1,1,,1,1,,,,,,1,,,,,,,1,,,1,,,,1,1,,,,,,1,,,4.389,44.044,45.22,41,,,,,,,,,,,,,,,,,,,,,,,,,,,,,,,,,,,3,complete,,,true,DE,1___36f834870553082d9d5d533d7e7c4eef_QYFQHENY
2026-09-28 17:07:03,2026-09-28 17:08:54,0,100,111,1,2026-09-28 17:08:55,R_2floL0qwkWbFEvI,anonymous,DE,1,FL_EOS_ID,,2,4,1,6,4,4,100,kinder schokolade,2.135,2.135,10.82,1,,1,,,,,,,1,,,,,,,,,,1,,,,,,,,,1,,1,,,,,,,,,,,,,,,,,,,1,,1,,,,,,,,,,,,,7.3,50.054,52.409,7,,,,,,,,,,,,,,,,,,,,,,,,,,,,,,,,,,,5,complete,,,,DE,1___fcc46ebdd9b376e585ca278a52dddc8d_QYFQHENY
2026-09-28 17:07:06,2026-09-28 17:09:02,0,100,115,1,2026-09-28 17:09:02,R_8PhPXa8jGZOc2PS,anonymous,DE,1,FL_EOS_ID,,2,5,1,8,6,7,100,Mars,4.797,4.797,10.87,1,,1,,,1,1,1,1,1,1,1,1,1,,,,,,1,,,,,,,1,1,1,1,1,1,1,1,1,,,,,,1,,,,,,,1,,1,1,,,,,1,,,,,,,,,4.254,46.97,47.646,32,,,,,,,,,,,,,,,,,,,,,,,,,,,,,,,,,,,5,complete,,,,DE,1___ecefc5a99e7296a87273c5e3022bc0f2_QYFQHENY
2026-09-28 17:08:22,2026-09-28 17:09:05,0,100,42,1,2026-09-28 17:09:05,R_8c00CvuhOgMPR1D,anonymous,DE,1,FL_38,,3,2,2,9,3,4,41,,,,,,,,,,,,,,,,,,,,,,,,,,,,,,,,,,,,,,,,,,,,,,,,,,,,,,,,,,,,,,,,,,,,,,,,,,,,,,,,,,,,,,,,,,,,,,,,,,,,,,,,,,,,complete,,,,DE,1___889def67005a4fd3a1c3d884e2604bea_QYFQHENY
2026-09-28 17:06:41,2026-09-28 17:09:07,0,100,145,1,2026-09-28 17:09:07,R_81AiBQeLzDUfmg1,anonymous,DE,1,FL_EOS_ID,,4,6,1,2,2,3,100,milka,2.641,2.641,9.959,1,,,,,1,1,1,,,1,,1,1,,,,,1,1,,,,,,,,,,,,1,,,,,,,,,,,,,,,,,,,,,,,,,,,,,,,,1,5.626,56.145,57.178,10,,,,,,,,,,,,,,,,,,,,,,,,,,,,,,,,,,,5,complete,,,,DE,1___f1a6c0e80d327cc30a23d8d2fcb5f6ef_QYFQHENY
2026-09-28 17:06:03,2026-09-28 17:09:07,0,100,183,1,2026-09-28 17:09:07,R_8LXCn7VK9LhrASx,anonymous,DE,1,FL_EOS_ID,,4,6,2,6,3,2,100,Milkyway kitkat bounty,2.501,2.501,29.068,1,,1,,,1,1,1,1,,1,1,1,1,,,,,1,1,,,,1,,,1,,,1,,,,,,,,,,1,,,,,1,,,,,,1,,,,,,,,,,1,,,,5.201,93.252,93.945,50,,,,,,,,,,,,,,,,,,,,,,,,,,,,,,,,,,,4,complete,,,,DE,1___a6964f90c9d9f0c0185a2a3e12f099e1_QYFQHENY
2026-09-28 17:07:16,2026-09-28 17:09:15,0,100,118,1,2026-09-28 17:09:15,R_8vWts0RzyYfk5jz,anonymous,DE,1,FL_EOS_ID,,2,4,1,4,3,3,100,"Kinderriegel
Mars 
Schnickers ",2.789,2.789,15.958,1,,1,,,1,1,1,1,1,1,,1,1,1,,1,,1,1,,,,,,,,,1,1,1,1,,1,1,,,,,1,1,,,,,,,1,,1,1,,1,,1,1,,,,,,1,,,6.152,49.792,51.465,38,,,,,,,,,,,,,,,,,,,,,,,,,,,,,,,,,,,4,complete,,,,DE,1___5f5eeb4f421ff5832bdca12cf2d763c1_QYFQHENY
2026-09-28 17:08:49,2026-09-28 17:09:17,0,100,27,1,2026-09-28 17:09:17,R_80GZNY15Y9xvYEQ,anonymous,DE,1,FL_38,,3,4,2,1,4,4,27,,,,,,,,,,,,,,,,,,,,,,,,,,,,,,,,,,,,,,,,,,,,,,,,,,,,,,,,,,,,,,,,,,,,,,,,,,,,,,,,,,,,,,,,,,,,,,,,,,,,,,,,,,,,complete,,,,DE,1___411f64b58fabca4642a57bd22445f3f7_QYFQHENY
2026-09-28 17:06:23,2026-09-28 17:09:17,0,100,173,1,2026-09-28 17:09:17,R_8Wy5Y3YUBsl08uJ,anonymous,DE,1,FL_EOS_ID,,4,2,2,7,2,2,100,"Kinder Schokolade ",4.401,4.401,13.701,1,,,,,1,1,1,1,1,1,,1,1,,,,,1,1,,,,,,,,,,,1,,,,,,,,,,,,,,,,,,1,,,1,,,,1,,,,,,,,,13.6,81.69,82.345,37,,,,,,,,,,,,,,,,,,,,,,,,,,,,,,,,,,,3,complete,,,,DE,1___2579475c181cbd6ba9b87cbfdd259c73_QYFQHENY
2026-09-28 17:06:57,2026-09-28 17:09:19,0,100,141,1,2026-09-28 17:09:19,R_8DwXQsbcY135ior,anonymous,DE,1,FL_EOS_ID,,4,5,1,2,3,5,100,Mars,3.701,10.336,11.287,2,,,,,,1,,,1,,,,1,,,,,,,,,,,,,,,,1,,,,,1,,,,,,,,,,,,,,,1,,1,,,,1,,,,,,,,,2.722,34.153,35.332,21,,,,,,,,,,,,,,,,,,,,,,,,,,,,,,,,,,,4,complete,,,,DE,1___8c99eca73a9341708019fcd4af6e0711_QYFQHENY
2026-09-28 17:06:55,2026-09-28 17:09:24,0,100,149,1,2026-09-28 17:09:25,R_8OwZg8kgrusccxj,anonymous,DE,1,FL_EOS_ID,,3,4,2,3,5,4,100,Milky way,2.027,10.082,20.58,2,,1,,,1,1,1,,1,1,,1,1,,,,,1,1,,,,1,,,1,1,1,1,1,1,1,1,1,,,,,1,1,,,,,,,,,,1,1,1,,,1,,,,,,,,,4.96,60.592,64.348,35,,,,,,,,,,,,,,,,,,,,,,,,,,,,,,,,,,,3,complete,,,,DE,1___0eae6ed0d51aab5cddd8dfa56291c432_QYFQHENY
2026-09-28 17:09:01,2026-09-28 17:09:29,0,100,28,1,2026-09-28 17:09:29,R_2MJKxpRUxFlGj9C,anonymous,DE,1,FL_38,,2,3,2,3,5,4,-24,,,,,,,,,,,,,,,,,,,,,,,,,,,,,,,,,,,,,,,,,,,,,,,,,,,,,,,,,,,,,,,,,,,,,,,,,,,,,,,,,,,,,,,,,,,,,,,,,,,,,,,,,,,,complete,,,,DE,1___c1447e5a1f2b518e9c07a9fb78ba550a_QYFQHENY
2026-09-28 17:07:45,2026-09-28 17:09:33,0,100,107,1,2026-09-28 17:09:33,R_2ia4VdGLehwKVMe,anonymous,DE,1,FL_EOS_ID,,2,5,1,2,5,4,100,Milka,2.001,2.001,6.576,1,,,,,1,1,1,1,1,,1,1,1,,,,,,1,,,,,,,,1,1,1,1,1,,1,1,,,,,,1,,,,,,,,1,,,1,,1,1,1,,,,,,,,,5.401,55.537,56.146,39,,,,,,,,,,,,,,,,,,,,,,,,,,,,,,,,,,,2,complete,,,,DE,1___9ac7335e42058715d2a48d0aed5cc657_QYFQHENY
2026-09-28 17:09:14,2026-09-28 17:09:35,0,100,20,1,2026-09-28 17:09:35,R_8gZEfKnH1XTg8tH,anonymous,DE,1,FL_38,,3,3,2,9,2,4,32,,,,,,,,,,,,,,,,,,,,,,,,,,,,,,,,,,,,,,,,,,,,,,,,,,,,,,,,,,,,,,,,,,,,,,,,,,,,,,,,,,,,,,,,,,,,,,,,,,,,,,,,,,,,complete,,,,DE,1___c673cb16a241825a850f8482661dee11_QYFQHENY
2026-09-28 17:08:25,2026-09-28 17:09:45,0,100,79,1,2026-09-28 17:09:45,R_8JPGvtVJN3Lb8tu,anonymous,DE,1,FL_EOS_ID,,3,2,1,1,3,5,100,Milka lindt,2.078,2.078,7.586,1,,,,,,,1,1,,,,,1,,,,,1,,,,,,,,1,,1,,,1,,,1,,,,,1,1,,,,,,,1,1,1,,1,,,1,1,,,,,1,,,,1.356,34.043,35.374,31,,,,,,,,,,,,,,,,,,,,,,,,,,,,,,,,,,,2,complete,,,,DE,1___c5aa8b6a3f82c20469fdd82d214b61bb_QYFQHENY
2026-09-28 17:07:40,2026-09-28 17:09:50,0,100,130,1,2026-09-28 17:09:50,R_2l0ob7KqKKfoS6g,anonymous,DE,1,FL_EOS_ID,,3,2,2,9,3,7,100,"Kinder, hanuta",1.24,9.978,11.351,2,,1,,,1,1,1,1,1,1,1,1,1,1,,,,1,1,,,,,,,,,1,1,1,,,,1,,,,,,1,,,,,,,,,1,,1,,,,1,,,,,,,,,1.254,60.379,62.929,33,,,,,,,,,,,,,,,,,,,,,,,,,,,,,,,,,,,3,complete,,,,DE,1___0ea516bde43c8e80c356d004c778fe98_QYFQHENY
2026-09-28 17:07:33,2026-09-28 17:09:51,0,100,138,1,2026-09-28 17:09:52,R_2HDb2rjYG9Zqal3,anonymous,DE,1,FL_EOS_ID,,2,5,1,9,4,5,100,twix daim mars milka,2.381,2.381,25.392,1,,,,,1,,1,1,1,1,1,1,1,,,,,1,1,,,,,,,1,,,,,,1,,1,,,,,1,,,,,,,,1,,,,,,1,,1,,,,,1,,,,4.201,46.028,49.312,18,,,,,,,,,,,,,,,,,,,,,,,,,,,,,,,,,,,1,complete,,,true,DE,1___9c95788a2ad4a11abdabfbdda794dc6b_QYFQHENY
2026-09-28 17:07:35,2026-09-28 17:10:01,0,100,146,1,2026-09-28 17:10:01,R_8ClkRgfKNdBMod4,anonymous,DE,1,FL_EOS_ID,,2,3,2,7,2,4,100,Kinder Duplo twix,2.002,18.961,19.502,2,,1,,,1,1,1,1,1,1,,1,1,,,1,,1,1,,,,1,,,,1,1,1,1,1,,1,1,,,1,,1,1,,,,,,,,,,,,1,,,,,,,,,1,,,2.839,52.111,53.83,42,,,,,,,,,,,,,,,,,,,,,,,,,,,,,,,,,,,1,complete,,,,DE,1___d20190d0662a36c6bcebdeefb2bdd058_QYFQHENY
2026-09-28 17:07:48,2026-09-28 17:10:02,0,100,133,1,2026-09-28 17:10:02,R_8JdAfIsHLk3KZxL,anonymous,DE,1,FL_EOS_ID,,3,4,2,9,3,4,100,Kinder. Mars. Snickers,2.313,2.313,23.332,1,,1,,,1,1,1,1,1,,1,1,1,,,,,1,1,,,,,,,,1,,1,,1,,,,,,,,,,,,,,,,,1,,,,1,,1,,,,,,,,,,5.391,52.668,53.239,41,,,,,,,,,,,,,,,,,,,,,,,,,,,,,,,,,,,2,complete,,,,DE,1___59ea8cebbab74550e4683af238f172a0_QYFQHENY
2026-09-28 17:06:41,2026-09-28 17:10:02,0,100,201,1,2026-09-28 17:10:03,R_2O9su5O9lJCdof9,anonymous,DE,1,FL_EOS_ID,,3,4,2,9,2,4,100,"Kinder, Mars, Snickers, Twix, Balisto, Milky Way, Lion, kit kat, Duplo ",1.3,1.3,52.4,1,1,1,,,1,1,1,1,1,1,1,1,1,1,,,,1,1,,,,,,,,,,,1,,,,,,,,,,,,,1,1,,,,,1,,,,,1,,,,,,,,,,5.622,69.977,70.667,43,,,,,,,,,,,,,,,,,,,,,,,,,,,,,,,,,,,3,complete,,,true,DE,1___166ec630aebebf77a771e10c462e107a_QYFQHENY
2026-09-28 17:08:01,2026-09-28 17:10:07,0,100,125,1,2026-09-28 17:10:07,R_8g1dsQ9OxAfKfFT,anonymous,DE,0.800000011920929,FL_EOS_ID,,4,3,1,7,6,6,100,Mars,2.696,14.703,15.508,2,,1,,,1,1,1,1,1,1,1,1,1,,,1,,1,1,,,,1,,,,1,1,,,,1,,,,,,,1,,,,,1,,,,1,1,,,,,,,,,,,,,,,3.273,46.875,47.806,27,,,,,,,,,,,,,,,,,,,,,,,,,,,,,,,,,,,1,complete,,,,DE,1___f8ed739925a9fc09f2e85265aaa45189_QYFQHENY
2026-09-28 17:05:28,2026-09-28 17:10:07,0,100,279,1,2026-09-28 17:10:07,R_8cVA655vvhnNrd7,anonymous,DE,1,FL_EOS_ID,,2,4,1,8,3,7,100,"Kinderriegel, Milkyway, Milkinis, Balisto",2.289,41.825,42.666,2,,1,,,1,1,1,1,1,1,1,1,1,,1,,,1,1,,,,1,,,1,1,1,1,1,1,1,,1,,,,,1,1,,,,1,,,,1,1,1,1,1,1,,1,,,,,,1,,,1.639,69.517,70.643,82,,1,,1,,,,1,,,,60,70,60,70,60,7,6,,,,,,,,,,Leckerer und guter Schokoriegel mit guten Zutaten.,6,7,3.51,38.629,39.984,17,4,complete,,,,DE,1___b7f01cf7d84e6e6c8a4c3fdf08dba4bd_QYFQHENY
2026-09-28 17:07:02,2026-09-28 17:10:11,0,100,189,1,2026-09-28 17:10:11,R_2ghcG5ItA5nkkHR,anonymous,DE,0.8999999761581421,FL_EOS_ID,,1,4,2,9,4,5,100,Snickers,2.539,10.38,11.272,2,,1,,,1,1,1,1,1,1,,1,1,,,,,1,1,,,,1,,,1,,1,1,,1,,1,1,,,,,,1,,,,,,,1,,1,,,,,1,,,,,,,1,,,13.713,74.978,76.232,32,,,,,,,,,,,,,,,,,,,,,,,,,,,,,,,,,,,5,complete,,,,DE,1___968a8529c20ee07c8212764e26042543_QYFQHENY
2026-09-28 17:07:21,2026-09-28 17:10:11,0,100,169,1,2026-09-28 17:10:11,R_2fqUto0X7cIOdT0,anonymous,DE,1,FL_38,,2,2,2,6,3,4,21,,,,,,,,,,,,,,,,,,,,,,,,,,,,,,,,,,,,,,,,,,,,,,,,,,,,,,,,,,,,,,,,,,,,,,,,,,,,,,,,,,,,,,,,,,,,,,,,,,,,,,,,,,,,complete,,,,DE,1___a2e2e287054578ae478ca60bc40f360f_QYFQHENY
2026-09-28 17:08:31,2026-09-28 17:10:13,0,100,102,1,2026-09-28 17:10:13,R_2BtBAzxzQuav7qG,anonymous,DE,1,FL_EOS_ID,,3,5,2,9,1,4,100,"Kinderriegel, Jogurette",1.387,12.956,13.754,2,,1,,,1,1,1,1,,1,,1,1,,,,,1,1,,,,1,,,1,,1,1,1,,,,,,,,,,,,,,,,,1,,1,,,,,,,,,,,,,,,4.377,43.02,43.869,24,,,,,,,,,,,,,,,,,,,,,,,,,,,,,,,,,,,4,complete,,,true,DE,1___cfc33843b28fa698e6d78f50448181c2_QYFQHENY
2026-09-28 17:07:59,2026-09-28 17:10:13,0,100,133,1,2026-09-28 17:10:13,R_840CUECIofoszUC,anonymous,DE,1,FL_EOS_ID,,2,2,2,4,2,3,100,kinder,1.837,1.837,5.572,1,,,,,,1,1,1,,,,1,1,,,1,,,1,,,,,,,,,,,,,,1,,,,,,,,,,,,,,,,1,1,,1,,,,,,,,,,,,55.891,85.444,86.149,22,,,,,,,,,,,,,,,,,,,,,,,,,,,,,,,,,,,4,complete,,,,DE,1___af2b3785928b8abb7867bfb35cbd6af1_QYFQHENY
2026-09-28 17:07:07,2026-09-28 17:10:19,0,100,191,1,2026-09-28 17:10:19,R_8DUlj1L0eAHJkFO,anonymous,DE,0.800000011920929,FL_EOS_ID,,3,4,2,1,3,4,100,"Milka, Kinder, Toblerone, Lindt, Ferrero, Nestle",2.1,35.5,73.254,3,,1,,,1,1,1,1,1,1,1,1,1,,,,,1,1,,,,1,,,,,1,1,1,1,1,1,1,,,,,,1,,,,1,,,,,,,,,,,1,,,,,,,,,4.501,54.807,62.544,36,,,,,,,,,,,,,,,,,,,,,,,,,,,,,,,,,,,3,complete,,,,DE,1___bdefa2c263f6c955dbe5bb36116ffabb_QYFQHENY
2026-09-28 17:08:31,2026-09-28 17:10:22,0,100,110,1,2026-09-28 17:10:23,R_2o58PcZXmdc3ayP,anonymous,DE,1,FL_EOS_ID,,3,4,1,3,6,5,100,"Snickers , lion, mars",1.352,15.007,15.447,3,,1,,,1,1,1,1,1,1,,1,1,,,,,1,1,,,,1,,,,,,1,1,1,,,1,,,,,,1,,,,,,,,,,1,1,,,,,,,,,,,,,3.192,49.471,50.23,41,,,,,,,,,,,,,,,,,,,,,,,,,,,,,,,,,,,3,complete,,,,DE,1___5a6ea3b93287e0225110401444f07f64_QYFQHENY
2026-09-28 17:09:03,2026-09-28 17:10:23,0,100,79,1,2026-09-28 17:10:24,R_8279pLwPR759VAt,anonymous,DE,1,FL_EOS_ID,,5,3,2,1,3,3,100,Kinderschokolade,1.765,1.765,10.498,1,,1,,,1,,1,1,,1,,1,1,,,,,,,,,,,,,1,,,,1,,,,,,,,,1,,,,,,,,1,,,,,,,,,,,,,,,,,1.48,28.801,29.765,19,,,,,,,,,,,,,,,,,,,,,,,,,,,,,,,,,,,3,complete,,,,DE,1___776e6ef8d05174411c621d385672e2be_QYFQHENY
2026-09-28 17:09:09,2026-09-28 17:10:31,0,100,82,1,2026-09-28 17:10:32,R_2UXSnnAr3qnxqAv,anonymous,DE,0.8999999761581421,FL_EOS_ID,,1,2,2,6,2,3,100,"Corny ",1.903,1.903,5.958,1,,1,,,,1,1,1,1,1,,1,1,1,,1,1,1,1,,,,,,,,1,,1,,1,,1,1,,,1,,,1,,,,,,,,1,,,1,,,,1,,,1,,1,,,,1.419,31.136,31.703,41,,,,,,,,,,,,,,,,,,,,,,,,,,,,,,,,,,,4,complete,,,,DE,1___9237a37e89520cfaf3ae8d8c67b46056_QYFQHENY
2026-09-28 17:09:18,2026-09-28 17:10:35,0,100,77,1,2026-09-28 17:10:36,R_8ZfjG4M8g44dVGV,anonymous,DE,1,FL_EOS_ID,,1,3,2,5,1,2,100,Kinderrigel,0.801,0.801,16.956,1,,,,,1,,1,1,1,1,,1,1,,,,,1,,,,,,,,,,1,1,1,,,,1,,,,,1,1,,,,,,,1,,,1,1,1,,,,,,,,,1,,,1.102,30.473,31.106,30,,,,,,,,,,,,,,,,,,,,,,,,,,,,,,,,,,,5,complete,,,,DE,1___ef114db1a53d3c19081be00f577a6430_QYFQHENY
2026-09-28 17:08:40,2026-09-28 17:10:36,0,100,115,1,2026-09-28 17:10:36,R_81ocmC3azyz5wVs,anonymous,DE,1,FL_EOS_ID,,4,5,2,3,4,4,100,"Milka, Lind",2.826,2.826,12.157,1,,1,,,1,1,1,1,1,1,,1,1,,,,,1,1,,,,,,,,,,1,,1,,,1,,,,,1,,,,,,,,1,,1,1,1,,,,,,,,,1,,,,1.199,52.38,54.628,29,,,,,,,,,,,,,,,,,,,,,,,,,,,,,,,,,,,5,complete,,,,DE,1___6353078e851082ffda51821c532afbe9_QYFQHENY
2026-09-28 17:08:31,2026-09-28 17:10:36,0,100,124,1,2026-09-28 17:10:36,R_2meLHevXEVspLG4,anonymous,DE,0.800000011920929,FL_EOS_ID,,3,2,2,1,4,3,100,"Snickers, Mars, Kinder, Milky way, bounty",0.901,0.901,19.402,1,,,,,1,1,1,1,1,1,,1,1,,,,,1,1,,,,,,,1,1,,1,1,1,,1,1,,,,,,1,,,,,,,1,,,,1,,,,,,,,,,1,,,4.408,69.019,69.299,43,,,,,,,,,,,,,,,,,,,,,,,,,,,,,,,,,,,3,complete,,,,DE,1___0bc78fec643847f528bedd59ddcbb677_QYFQHENY
2026-09-28 17:09:12,2026-09-28 17:10:38,0,100,85,1,2026-09-28 17:10:38,R_8udmoP3lxes8goh,anonymous,DE,1,FL_EOS_ID,,4,5,1,1,3,4,100,twix,1.925,1.925,4.864,1,,1,,,1,1,1,1,1,1,1,1,1,,,,,1,1,,,,,,,1,,,,1,,,,1,,,,,1,,,,,,,,,,,,,,,,1,,,,,1,,,,3.11,45.987,46.8,18,,,,,,,,,,,,,,,,,,,,,,,,,,,,,,,,,,,4,complete,,,,DE,1___873dc5863657fc3fc8845c7b50170af9_QYFQHENY
2026-09-28 17:06:00,2026-09-28 17:10:43,0,100,282,1,2026-09-28 17:10:43,R_87IQRpYz4VmhkFN,anonymous,DE,1,FL_EOS_ID,,5,4,2,7,6,4,100,"Kinderriegel, Duplo, Teich, snickers, Mars, Lion, milkyway",3.226,47.706,49.1,3,1,1,,1,1,1,1,1,1,1,,1,1,1,1,1,,1,1,,,,1,,1,,,1,,1,,,,1,,,,,,1,,,,,,1,,,1,,,,,,1,,,,,,,,,1.712,57.259,60.9,38,1,,,,1,,,,,,,2,1,0,0,100,5,5,,,,,,,,,,Kann es nicht beschreiben habe es bisher noch nie probiert,6,5,5.633,37.281,38.3,9,5,complete,,,,DE,1___17df900b32a2adabf8ec934a718cf286_QYFQHENY
2026-09-28 17:07:00,2026-09-28 17:10:45,0,100,224,1,2026-09-28 17:10:45,R_8OHaNw1rfijEYt3,anonymous,DE,1,FL_EOS_ID,,3,3,1,1,4,5,100,Kitkat,4.859,15.949,16.555,2,,,,,1,,,,1,1,,,1,,,,,1,1,,,,,,,1,,,,1,,,,1,,,,,,,,,,,,,1,,,,1,,,1,,,,,,1,,,,45.739,150.779,151.827,37,,,,,,,,,,,,,,,,,,,,,,,,,,,,,,,,,,,4,complete,,,,DE,1___323fae1803575db814b9679691efedd7_QYFQHENY
2026-09-28 17:09:01,2026-09-28 17:10:48,0,100,107,1,2026-09-28 17:10:48,R_2uIdx46t40JzBCz,anonymous,DE,1,FL_EOS_ID,,5,3,1,9,3,4,100,"Knipsers Kinder Riegel Duplo Mars Sticker s
",1.934,1.934,19.246,1,,1,,,1,,1,1,,1,,1,1,,,,,,,,,,1,,,,,,1,,,,,,,,,,,,,,,,,,,,,1,,,,,,,,,,,1,,,1.326,50.055,50.729,28,,,,,,,,,,,,,,,,,,,,,,,,,,,,,,,,,,,4,complete,,,,DE,1___06dfc3ad3d487aa65d1e0354680e850e_QYFQHENY
2026-09-28 17:06:27,2026-09-28 17:10:49,0,100,261,1,2026-09-28 17:10:49,R_8ekxeTfAR2PjiIp,anonymous,DE,1,FL_EOS_ID,,3,6,1,1,2,2,100,"Milka, Moserroth, Lindt, Ritter Sport",4.238,61.582,64.929,5,,1,,,1,1,1,1,1,,,1,1,,,,,,1,,,,1,,,1,,,,,,1,1,1,,,,,,,,,,,,,1,,,,,,1,1,1,,,,,,,,,5.313,70.745,84.458,21,,,,,,,,,,,,,,,,,,,,,,,,,,,,,,,,,,,4,complete,,,,DE,1___7e40bc0cd39c3ff7022052aed723fe57_QYFQHENY
2026-09-28 17:05:37,2026-09-28 17:10:50,0,100,312,1,2026-09-28 17:10:50,R_8ncUvLq68BshDPj,anonymous,DE,1,FL_EOS_ID,,6,4,2,9,3,5,100,KitKat,83.263,87.326,88.394,2,,,,,,,1,,,,,1,,,,,,,,,,,,,,,,,,,,,,,,,,,,,,1,,,,,,,,,,,,,,,,,,,,,1,6.502,15.638,16.344,4,,,,,,,,,,,,,,,,,,,,,,,,,,,,,,,,,,,5,complete,,,,DE,1___ffeadca6d930958f2c0fd34bb1df9cca_QYFQHENY
2026-09-28 17:08:41,2026-09-28 17:10:52,0,100,130,1,2026-09-28 17:10:52,R_8rBxXD1ffuKPcI1,anonymous,DE,0.8999999761581421,FL_EOS_ID,,4,4,1,9,5,7,100,Corny,1.152,4.571,5.529,2,,1,,,1,1,1,1,1,1,1,1,1,,,,,1,1,,,,1,,,1,1,,1,1,1,,1,1,,,,,,1,,,,,,,,,,1,,1,,,1,,,,,,,,,2.518,38.633,39.078,34,,,,,,,,,,,,,,,,,,,,,,,,,,,,,,,,,,,3,complete,,,true,DE,1___6702056c6e5260063077161d8621c1e2_QYFQHENY
2026-09-28 17:07:46,2026-09-28 17:10:55,0,100,188,1,2026-09-28 17:10:55,R_8FFmwL7kLNdBn0A,anonymous,DE,1,FL_EOS_ID,,2,2,2,2,3,4,100,"Kinderriegel bueno snickers schoko bons kinder cards mars bounty twix ",2.447,91.394,91.781,4,,1,,,1,1,1,1,1,1,,1,1,,,,,1,1,,,,,,,1,,1,1,1,,,,,,,,,,,,,,,,,,,,1,,,,,,,,,,,,,,3.889,49.088,49.601,30,,,,,,,,,,,,,,,,,,,,,,,,,,,,,,,,,,,5,complete,,,,DE,1___9cb2d84cb9c11351715c3dc1da0815e1_QYFQHENY
2026-09-28 17:08:20,2026-09-28 17:10:56,0,100,156,1,2026-09-28 17:10:57,R_8fsbCrYYA2Q7kZ3,anonymous,DE,1,FL_EOS_ID,,1,3,2,3,1,5,100,"Hallo Herr Müller vielen lieben herzlichen Glückwunsch zu deinem heutigen Ehrentag wünsche ",0.66,0.66,4.904,1,,,,,,1,1,1,1,,,1,1,,,1,,,,,,,,,,,1,1,,1,,,1,1,,,,,,1,,,,,,,1,1,,1,1,,,,,,,,,,1,,,1.502,55.013,55.621,40,,,,,,,,,,,,,,,,,,,,,,,,,,,,,,,,,,,5,complete,,,,DE,1___78cb9105cebb44673d4687eed91bd91a_QYFQHENY
2026-09-28 17:08:55,2026-09-28 17:11:02,0,100,127,1,2026-09-28 17:11:02,R_8LCMuTJP8ELOXsA,anonymous,DE,1,FL_EOS_ID,,3,4,2,9,7,6,100,"Mars, snickers, twix ",1.832,19.992,23.355,2,1,1,,,1,1,1,1,1,1,,1,1,1,,,,1,1,,,,,,,1,1,,,1,,,1,1,1,,,,,1,,,,,,,,1,,,1,,,1,1,1,,,,,1,,,1.574,51.221,51.765,34,,,,,,,,,,,,,,,,,,,,,,,,,,,,,,,,,,,3,complete,,,,DE,1___50335e4b6cebc5568c9a823b1fbfde69_QYFQHENY
2026-09-28 17:09:56,2026-09-28 17:11:03,0,100,66,1,2026-09-28 17:11:03,R_8TsE7AINx2Tjr9F,anonymous,DE,1,FL_EOS_ID,,1,3,2,6,3,3,100,Mars snickers Twix,1.648,9.324,10.118,2,1,,,,1,,,1,1,,,1,,,,,,1,1,,,,,,,,,1,,,1,,1,,,,,,,,,,,,,,1,,,,,1,,1,,1,,,,,,,,1.244,21.919,22.501,23,,,,,,,,,,,,,,,,,,,,,,,,,,,,,,,,,,,5,complete,,,,DE,1___4497630e3184c977e2914e3b266255c5_QYFQHENY
2026-09-28 17:09:39,2026-09-28 17:11:16,0,100,97,1,2026-09-28 17:11:17,R_8ClTzeQEXgSeONf,anonymous,DE,1,FL_EOS_ID,,2,2,2,6,2,2,100,"Kinder Riegel
Duplo",2.111,12.56,13.27,2,,,,,,1,1,,1,,,,1,,,,,1,,,,,,,,,1,1,,1,,,,,,,,,,1,,,,,,,,1,1,1,1,,,,,,,,,1,1,,,1.852,33.913,34.796,25,,,,,,,,,,,,,,,,,,,,,,,,,,,,,,,,,,,3,complete,,,,DE,1___27f87ac139cdb00bd417593ded60b0fe_QYFQHENY
2026-09-28 17:09:38,2026-09-28 17:11:17,0,100,99,1,2026-09-28 17:11:17,R_8ibqmaYepxVJQ3w,anonymous,DE,1,FL_EOS_ID,,2,3,1,2,5,5,100,Mars  Snickers bounty,1.36,12.658,16.18,3,,1,1,1,1,1,1,1,1,1,1,1,1,,,,,1,1,,,,1,1,,1,1,1,1,1,1,1,1,1,,,,,,1,,,,,1,,,,,,,1,,1,,,,,,,1,,,3.556,40.816,42.353,43,,,,,,,,,,,,,,,,,,,,,,,,,,,,,,,,,,,3,complete,,,,DE,1___e517eb9753264eb3febec87a8a4c3b24_QYFQHENY
2026-09-28 17:08:54,2026-09-28 17:11:17,0,100,142,1,2026-09-28 17:11:18,R_87lVI9IQ7Lre1XP,anonymous,DE,1,FL_38,,3,4,1,2,6,6,75,,,,,,,,,,,,,,,,,,,,,,,,,,,,,,,,,,,,,,,,,,,,,,,,,,,,,,,,,,,,,,,,,,,,,,,,,,,,,,,,,,,,,,,,,,,,,,,,,,,,,,,,,,,,complete,,,,DE,1___f50b1f0594fffb4726e73d84c4659494_QYFQHENY
2026-09-28 17:06:49,2026-09-28 17:11:17,0,100,268,1,2026-09-28 17:11:18,R_88ZOdVXXqOIvgl3,anonymous,DE,0.10000000149011612,FL_EOS_ID,,2,3,1,3,2,4,100,"Mars, Snickers, milkyway",2.201,2.201,17.531,1,,1,,,1,,1,1,1,,,1,1,,1,,,,1,,,,,,,,,1,,1,,,1,1,,,,,,,,,,,,,,,,,,,,,,,1,,,,,,,6.961,37.195,37.782,23,,,,,,1,,,,,,63,52,-68,63,79,6,1,,,,,,,,,,Wie bounty,7,8,21.601,53.857,54.533,11,4,complete,,,true,DE,1___9a3faabfef036b3d53ead633fc91e90e_QYFQHENY
2026-09-28 17:09:40,2026-09-28 17:11:30,0,100,110,1,2026-09-28 17:11:30,R_8iPAvHnFmv0yY2B,anonymous,DE,1,FL_EOS_ID,,2,4,1,1,4,6,100,"Milka ",1.158,11.041,11.701,3,,,,,1,1,1,,1,,,,1,,,,,,1,,,1,1,,,,,,,1,1,1,,1,,,,,,1,,,,1,,,,,1,,1,,1,1,1,,,,,1,,1,,2.102,35.823,36.382,28,,,,,,,,,,,,,,,,,,,,,,,,,,,,,,,,,,,3,complete,,,true,DE,1___d3f7a986acad9724ac595226609168e9_QYFQHENY
2026-09-28 17:10:02,2026-09-28 17:11:32,0,100,90,1,2026-09-28 17:11:33,R_2i7R7GoOLHJo44F,anonymous,DE,1,FL_EOS_ID,,2,5,2,5,3,7,100,Balisto,1.919,1.919,9.163,1,,1,,,,1,1,,1,1,,,,,,,,,,,,,,,,,,,,,,,1,,1,,,,,,,,,,,,,1,,,,1,,,,,,,,,,,,1.644,20.461,21.958,24,,,,,,,,,,,,,,,,,,,,,,,,,,,,,,,,,,,5,complete,,,,DE,1___d78a35e5ee2d77e3bebe5195f8dd3804_QYFQHENY
2026-09-28 17:09:06,2026-09-28 17:11:33,0,100,147,1,2026-09-28 17:11:33,R_8Ba04PGKAzcWEzT,anonymous,DE,1,FL_EOS_ID,,3,3,1,2,5,3,100,"Milka, Ritter Sport, merci",2.174,2.174,17.501,1,,,,,1,1,1,1,1,1,,1,1,,,1,,1,1,,,,,,,1,,1,1,1,,,,1,,,,,1,,,,,,,,1,,1,1,1,1,,,1,,,,,1,1,,,3.114,65.208,66.378,35,,,,,,,,,,,,,,,,,,,,,,,,,,,,,,,,,,,3,complete,,,,DE,1___b343ca87d19746ea74860d050356df71_QYFQHENY
2026-09-28 17:09:24,2026-09-28 17:11:37,0,100,132,1,2026-09-28 17:11:37,R_2WSDcWTYevw0NZy,anonymous,DE,1,FL_EOS_ID,,2,4,2,2,5,4,100,"Snickers,Mars,Bounty,Milky Way, Balisto",1.602,1.602,36.202,1,,1,,,1,1,1,1,1,1,1,1,1,,,,,1,1,,,,1,,,1,1,1,1,1,1,1,1,1,,,,,1,1,,,,1,,,,,1,,1,,1,,1,,,,,,,,,2.535,45.829,46.634,42,,,,,,,,,,,,,,,,,,,,,,,,,,,,,,,,,,,4,complete,,,,DE,1___3a47e49d4e9f6488abc74903ddd748a9_QYFQHENY
2026-09-28 17:07:50,2026-09-28 17:11:42,0,100,232,1,2026-09-28 17:11:43,R_84SARFT9iJwxecF,anonymous,DE,1,FL_EOS_ID,,2,2,1,9,4,7,100,"Snickers, Mars, Twix, Lion, KitKat Chunky",2.868,2.868,70.184,1,,1,,,1,1,1,1,1,1,,1,1,,,1,,1,1,,,,1,,,1,1,,1,1,1,,1,1,,,,,,1,1,,,,,,1,1,1,1,1,1,,1,1,,,,,,1,,,6.549,91.227,92.289,44,,,,,,,,,,,,,,,,,,,,,,,,,,,,,,,,,,,4,complete,,,,DE,1___ea8d45c00829f9346ce7a9a2f9424f95_QYFQHENY
2026-09-28 17:10:25,2026-09-28 17:11:43,0,100,78,1,2026-09-28 17:11:43,R_8t9Wh7KbsBqSQZN,anonymous,DE,1,FL_EOS_ID,,2,4,1,6,4,5,100,Corny,0.886,0.886,7.53,1,,1,,,,,1,1,,,1,1,1,,1,,1,,,1,,1,1,1,,1,,,,,1,,,1,,,,,1,,,,,,,,1,1,,,1,,,,1,1,1,,,,,,,1.598,10.39,11.009,33,,,,1,1,,,1,,,,34,21,44,-15,29,7,8,,,,,,,,,,ein schöner Müsliriegel-Anbieter,5,7,0.927,19.456,20.267,4,3,complete,,,,DE,1___b2c69295dc32ac9f72b137c6a2fed39d_QYFQHENY
2026-09-28 17:11:07,2026-09-28 17:11:44,0,100,37,1,2026-09-28 17:11:45,R_2q8OP9tq5HD5IYm,anonymous,DE,1,FL_EOS_ID,,1,2,1,6,5,6,100,Milan ww hat mir gerade geschrieben dass er heute,0.602,0.602,5.2,1,,,,,,,,,,,,,1,,,,,,1,,,,,,,,1,,,,,,,1,,,,,,,,,,,,,,,1,,,,,,1,,,,,,,,,0.788,9.29,9.91,17,,,,,,,,,,,,,,,,,,,,,,,,,,,,,,,,,,,4,complete,,,,DE,1___1739ecd8a2667f974515a9bef3b9fb29_QYFQHENY
2026-09-28 17:06:12,2026-09-28 17:11:55,0,100,343,1,2026-09-28 17:11:56,R_8TYoUFGNgVob3Ip,anonymous,DE,1,FL_EOS_ID,,4,2,2,9,5,5,100,"KitKat, Mars, Snickers, Twix, MilkyWay",1.501,33.988,34.821,2,,1,,,1,1,1,1,1,1,1,1,1,1,,,,1,1,,,,,,,,1,,,1,1,,,1,,,,,1,1,,,,,,,,1,,,,1,,,,,,,,,1,,,3.616,45.706,46.367,30,,,,,,,,,,,,,,,,,,,,,,,,,,,,,,,,,,,2,complete,,,,DE,1___3657543e3c79689be8f049a3d893bd2c_QYFQHENY
2026-09-28 17:06:53,2026-09-28 17:11:57,0,100,304,1,2026-09-28 17:11:57,R_233dY4CRlkMPXxC,anonymous,DE,1,FL_EOS_ID,,3,6,1,9,2,2,100,"Milka
Toblerone",3.22,3.22,72.775,1,,1,,,1,1,1,1,1,1,1,1,1,,,,,1,1,,,,,,,,,,,,,1,,1,,,,,1,,,,,,,,,,,,,,,,,,,,,,,,1,7.895,88.213,89.403,27,,,,,,,,,,,,,,,,,,,,,,,,,,,,,,,,,,,3,complete,,,,DE,1___b6268ff2cc0be33914cbcc769019064e_QYFQHENY
2026-09-28 17:10:09,2026-09-28 17:11:58,0,100,109,1,2026-09-28 17:11:58,R_2fZeLWNn5lvoD3X,anonymous,DE,1,FL_EOS_ID,,2,3,2,1,4,7,100,"Milka ",1.574,1.574,4.164,1,,,,,1,1,1,1,1,1,,,1,,1,,,,1,,,,,1,,1,1,1,1,,,,,,,,1,,1,,,,,,,,,1,,,1,1,,,,,,1,,,,,,2.901,18.746,19.2,32,1,,,1,,1,1,1,,,,-18,15,46,50,24,5,4,,,,,,,,,,Ekkrkrkrkrk,5,4,0.968,12.214,12.626,16,4,complete,,,,DE,1___3490fef1e8bbd638ba6ff0d3bec05b7c_QYFQHENY
2026-09-28 17:09:56,2026-09-28 17:12:08,0,100,131,1,2026-09-28 17:12:09,R_8D8oroHOO4O5VOa,anonymous,DE,1,FL_EOS_ID,,2,4,2,1,4,3,100,Duplo,3.401,8.215,8.862,2,,1,,,1,1,1,1,1,1,1,1,1,1,,,,1,1,,,,1,,,1,1,1,1,1,1,1,1,1,1,,,,1,1,,,,1,,,1,,1,1,1,1,,1,1,1,,,,1,1,,,6.748,71.536,72.137,47,,,,,,,,,,,,,,,,,,,,,,,,,,,,,,,,,,,5,complete,,,,DE,1___d0424dd47c91324063d8dd31caf7daf5_QYFQHENY
2026-09-28 17:08:15,2026-09-28 17:12:23,0,100,248,1,2026-09-28 17:12:24,R_8PS7tmTvao5XF0o,anonymous,DE,1,FL_EOS_ID,,3,5,2,2,4,5,100,"Twix,Snickers,Duplo, ",5.182,51.876,52.692,2,,1,,,1,1,1,1,1,1,,1,1,1,,,,1,1,,,,,,,,1,1,1,1,1,1,,,,,,,,1,,,,1,,,,,1,1,,1,,,1,,,,,,1,,,22.635,97.575,98.514,35,,,,,,,,,,,,,,,,,,,,,,,,,,,,,,,,,,,3,complete,,,,DE,1___dcb43319743d7b46b714f71f66234109_QYFQHENY
2026-09-28 17:06:53,2026-09-28 17:12:25,0,100,331,1,2026-09-28 17:12:25,R_8LFMX1Ol4Rez5My,anonymous,DE,1,FL_EOS_ID,,2,6,2,2,2,3,100,Merci lindt mars milka ritter sport,2.911,57.229,57.953,4,1,1,,1,1,1,1,1,1,1,1,1,1,1,1,,1,1,1,,,,,,,,,,,,1,1,,,,1,,,1,,,,,,,,,1,,,,1,,1,,,1,,,,,,,8.881,82.25,83.423,41,,,,,1,,,1,,,,82,87,22,89,7,9,6,,,,,,,,,,Was gutes zum naschen ohne zucker,6,8,5.12,38.876,39.768,11,5,complete,,,,DE,1___28bf9e24cea5ab918183c8dff30d9561_QYFQHENY
2026-09-28 17:09:47,2026-09-28 17:12:27,0,100,159,1,2026-09-28 17:12:28,R_2LYbjXEpqSc0NOi,anonymous,DE,1,FL_EOS_ID,,4,2,3,9,2,2,100,Kinder,1.794,1.794,4.654,1,,,,,,1,1,1,1,1,,1,1,,,,,,,,,,,,,,,,,1,1,,1,1,,,,,1,1,,,,,,,,,,,1,,,1,1,,,,,,,,,24.739,100.714,101.587,31,,,,,,,,,,,,,,,,,,,,,,,,,,,,,,,,,,,4,complete,,,,DE,1___e6d30cc2584ea3b0de8629d451eb12d7_QYFQHENY
2026-09-28 17:09:34,2026-09-28 17:12:29,0,100,175,1,2026-09-28 17:12:30,R_8wcdsLNvgGmp5Oz,anonymous,DE,1,FL_EOS_ID,,3,3,2,1,5,7,100,"Twix, duplo, kinder, zotter, yogurette",1.08,1.08,19.84,1,1,1,,,1,1,1,1,1,1,1,1,1,1,,1,,1,1,,,,1,,,1,1,1,,1,1,,,1,,,,,1,1,,,,1,,,,,,,,,,,,,,,,,,,,3.268,46.826,48.796,68,,,,,,,,,,,,,,,,,,,,,,,,,,,,,,,,,,,4,complete,,,,DE,1___8a5c2ee171dc6e50b21d899c8509168e_QYFQHENY
2026-09-28 17:10:15,2026-09-28 17:12:31,0,100,136,1,2026-09-28 17:12:32,R_2qfZHKBu0oqYTuy,anonymous,DE,0.800000011920929,FL_EOS_ID,,3,4,2,2,4,4,100,"Duplo, Kinderriegel",3.977,22.686,23.496,2,,1,,,1,1,1,1,1,1,,1,1,,,,,1,1,,,,,,,1,,1,1,,1,,,,,,,,,1,,,,,,,,,1,1,,,,,,,,,,,1,,,2.901,53.672,54.264,31,,,,,,,,,,,,,,,,,,,,,,,,,,,,,,,,,,,4,complete,,,,DE,1___45eced4e045d87f70ab6e1f6ce7d39f2_QYFQHENY
2026-09-28 17:09:36,2026-09-28 17:12:39,0,100,182,1,2026-09-28 17:12:40,R_20QpOVnqWbnsL4Z,anonymous,DE,1,FL_EOS_ID,,3,4,1,8,4,4,100,"Snickers
Mars
Twix",3.752,3.752,34.579,1,,1,,,1,1,1,1,1,1,,1,1,,,,,1,1,,,,,,,,,,,1,,,1,,,,,,,1,,,,,,,,,,,1,,,1,,,,,,,,,,6.666,75.849,78.244,47,,,,,,,,,,,,,,,,,,,,,,,,,,,,,,,,,,,3,complete,,,,DE,1___4e32b6635c7b099a4b7d135e73de262e_QYFQHENY
2026-09-28 17:09:27,2026-09-28 17:12:40,0,100,192,1,2026-09-28 17:12:40,R_2oNoGPrDPyGRi6t,anonymous,DE,0.800000011920929,FL_EOS_ID,,2,3,2,3,4,5,100,"Mars, twix, Stickern, oreo",2.147,22.833,23.68,2,,1,1,,1,1,1,1,1,1,,1,1,1,1,,,1,1,,,,,,,,,,,,1,,1,,1,,,,1,,,,,,,,,,,,,1,,,,1,,,,1,,,,3.584,65.533,66.268,31,,,,1,,,,,,,,93,76,54,66,-1,7,8,,,,,,,,,,"Lecker ohne Zucker ",7,8,2.608,20.371,21.255,10,4,complete,,,,DE,1___a0cdad668f28944519780d1279a5f140_QYFQHENY
2026-09-28 17:08:55,2026-09-28 17:13:03,0,100,247,1,2026-09-28 17:13:03,R_8EgqU7oqtIqzSTk,anonymous,DE,1,FL_EOS_ID,,4,4,2,3,1,2,100,"Kinderriegel,Duplo,Kinder Cannty.",4.508,73.992,75.039,2,,1,,,1,1,1,1,1,1,,1,1,,,,,1,1,,,,,,,,1,1,1,1,1,,,1,,,,,,1,,,,,,,,,1,,1,,,,1,,,,,,1,,,6.465,68.865,69.859,27,,,,,,,,,,,,,,,,,,,,,,,,,,,,,,,,,,,5,complete,,,true,DE,1___63b2865115076cc6862b11346c97b449_QYFQHENY
2026-09-28 17:11:10,2026-09-28 17:13:06,0,100,115,1,2026-09-28 17:13:06,R_8lgW6NEfXSuzyRX,anonymous,DE,1,FL_EOS_ID,,4,4,2,2,5,4,100,"Kinder Riegel, Duplo, ",2.214,7.896,22.546,2,,1,,,1,1,1,1,1,1,1,1,1,,,,,1,1,,,,,,,,,1,1,1,,,,1,,,,,,,,,,,,,,,1,,,,,,,,,,,,,,,4.452,40.744,41.666,18,,,,,,,,,,,,,,,,,,,,,,,,,,,,,,,,,,,5,complete,,,,DE,1___bfa4c22fe95b6b471dc2fc16205dcb9d_QYFQHENY
2026-09-28 17:09:13,2026-09-28 17:13:06,0,100,232,1,2026-09-28 17:13:07,R_8hrLIRi9MO7ssIX,anonymous,DE,0.5,FL_EOS_ID,,2,4,2,6,3,4,100,"Kinder Riegel, Snickers, Mars, Bounty, Twix, Merci, Yoghurette, ",3.108,54.623,82.091,7,,1,1,,1,1,1,1,1,1,1,1,1,1,,,,1,1,,,,1,1,,1,1,1,1,1,1,1,1,1,1,,,,1,1,1,,,1,,,1,,1,1,1,1,,,,,,,,1,1,,,8.902,76.493,77.289,50,,,,,,,,,,,,,,,,,,,,,,,,,,,,,,,,,,,4,complete,,,true,DE,1___69856418bebd02854e1ed8e7b097b7fb_QYFQHENY
2026-09-28 17:09:58,2026-09-28 17:13:10,0,100,191,1,2026-09-28 17:13:10,R_8eLbVEfb4TOmRRe,anonymous,DE,1,FL_EOS_ID,,2,3,1,9,5,5,100,milka kinder und lutzi,1.73,1.73,17.484,1,,,,,1,1,1,1,1,1,,1,1,,,,,1,1,,,,,,,,1,1,1,1,1,,,,,,,,1,1,,,,,,,,,1,1,,1,,,1,,,,,1,1,,,2.52,109.652,110.501,25,,,,,,,,,,,,,,,,,,,,,,,,,,,,,,,,,,,3,complete,,,,DE,1___163ccaa752bf269487edc7e54c288bfd_QYFQHENY
2026-09-28 17:10:24,2026-09-28 17:13:15,0,100,170,1,2026-09-28 17:13:15,R_8qNvjDWDtd1N185,anonymous,DE,0.8999999761581421,FL_EOS_ID,,2,2,2,8,6,7,100,"Kinder oder Kinder country,Duplo,Bueno",2.108,2.108,16.601,1,,,,,1,,1,1,1,,,1,1,,,,,,1,,,,,,,,,,,1,,,,1,,,,,,1,,,,,,,,,1,,1,,,,1,,,,,,,,,11.301,63.791,64.273,30,,,,,,,,,,,,,,,,,,,,,,,,,,,,,,,,,,,4,complete,,,true,DE,1___0d27c256410dc89bb1ca1eaa9955bb13_QYFQHENY
2026-09-28 17:09:39,2026-09-28 17:13:26,0,100,227,1,2026-09-28 17:13:27,R_8J2fvwn4ZRGptkl,anonymous,DE,1,FL_EOS_ID,,4,5,2,3,2,4,100,"Kinder, Mars, Snickers, Bounty, KitKat, Twix",3.3,100.518,102.697,8,,1,,,1,1,1,1,1,1,1,1,1,,,,,1,1,,,,,,,1,,,,1,,1,,,,,,,,,,,,,,,,,,,1,,,,,,,,,,,,,6.101,65.864,67.28,23,,,,,,,,,,,,,,,,,,,,,,,,,,,,,,,,,,,2,complete,,,true,DE,1___0f04f14aa3d5c1d1aed81f5a0706a6db_QYFQHENY
2026-09-28 17:10:00,2026-09-28 17:13:48,0,100,228,1,2026-09-28 17:13:49,R_2dzqFNPP45spIj9,anonymous,DE,1,FL_EOS_ID,,3,5,2,9,4,3,100,"Kinderschokolade 
Duplo 
Snickers
Twix
Milkyway",2.001,31.572,32.417,2,1,1,,,1,1,1,1,1,1,,1,1,1,1,,,1,1,,,,,,,,,,,1,,,,1,1,1,,,,,,,,,,,,,,,,,,,1,1,,,,,1,,,6.198,42.175,43.56,29,1,,,1,,,,1,,,,77,99,93,100,-1,8,9,,,,1,,,,1,,Lecker ohne zucker,6,8,6.002,21.036,22.024,11,5,complete,,,true,DE,1___34d1d6d936027985976d3ed992360e56_QYFQHENY
2026-09-28 17:10:05,2026-09-28 17:13:56,0,100,231,1,2026-09-28 17:13:57,R_8SAFfpILVELvaaO,anonymous,DE,1,FL_EOS_ID,,3,4,1,2,3,1,100,"Mars
Snikers 
Twix 
Nuts",2.485,24.664,30.489,4,,1,,,,,1,1,,,1,1,,,,,,,1,,,,,,,,,1,1,,,,,,,,,,,1,,,,,,,,,1,1,,,,,,,,,,,,,,3.358,40.465,41.582,40,,,,,,,,,,,,,,,,,,,,,,,,,,,,,,,,,,,5,complete,,,,DE,1___1658b67d44e5c66a7a9fecc90c60c83b_QYFQHENY
2026-09-28 17:09:48,2026-09-28 17:14:15,0,100,267,1,2026-09-28 17:14:16,R_8lzYEcJNVUk5eHD,anonymous,DE,1,FL_EOS_ID,,5,4,2,9,5,7,100,"milka, ritter sport,lindt, ferrero, kinder, mars",1.488,1.488,18.174,1,1,1,1,1,1,1,1,1,1,1,1,1,1,,1,,1,1,1,,,,1,,1,,1,1,,1,1,1,,1,,1,,1,,,,,,1,,,,,,1,,1,1,,1,,,,,,,,,91.622,136.532,137.907,32,,,,1,,,,,,,,100,100,100,100,0,10,10,,1,1,,,,,,,sehr leckere schokoriegel,7,10,1.574,12.472,13.101,4,5,complete,,,,DE,1___cd7d1e379856aae369196f3a756d6859_QYFQHENY
2026-09-28 17:10:14,2026-09-28 17:14:17,0,100,242,1,2026-09-28 17:14:17,R_8OSY09qrvrS68CG,anonymous,DE,0.8999999761581421,FL_EOS_ID,,2,4,2,3,7,4,100,"Twix, Balisto, Knoppers, Hanuta, ",1.948,1.948,19.169,1,1,1,,,1,1,1,1,1,1,1,1,1,1,1,,1,1,1,1,,,1,,,1,,1,1,1,1,1,1,1,,,,,1,1,,,,,,,,,,1,1,1,,,1,,,,,,,,,2.365,59.277,60.326,32,,,,,,,,1,,,,6,4,-4,1,4,6,5,,,,,,,,,,"Lecker, nicht zu süß",4,5,13.681,36.912,37.726,4,3,complete,,,,DE,1___ac0ec1a493912bb53cac86ef85f15bbc_QYFQHENY
2026-09-28 17:07:29,2026-09-28 17:14:24,0,100,414,1,2026-09-28 17:14:24,R_23Iw8MXqYYCJ0d3,anonymous,DE,1,FL_EOS_ID,,1,4,1,7,2,4,100,Duplo,3.39,3.39,7.655,1,,,,,,,1,1,,1,,1,1,,,,,,1,,,,,,,,,1,,,,,,,,,,,,,,,,,,,,,1,1,,1,,,1,,,,,,,,,97.75,263.71,264.455,22,,,,,,,,,,,,,,,,,,,,,,,,,,,,,,,,,,,1,complete,,,true,DE,1___57e31c1d299ade6e8015cf3cd1299f78_QYFQHENY
2026-09-28 17:09:15,2026-09-28 17:14:34,0,100,319,1,2026-09-28 17:14:35,R_82o86jULXXLbTXP,anonymous,DE,1,FL_EOS_ID,,3,2,2,7,4,1,100,"Kinder ",4.783,9.897,10.8,2,,,,,1,1,1,1,1,1,,1,1,1,1,,,1,1,,,,,,,1,,,,1,,,,1,1,,,,,1,,,,,,,1,,,,1,1,,1,1,1,,,,,1,,,5.647,77.562,84.862,35,,,,,,1,,,,,,6,8,-6,-5,4,4,0,,,,,,,,,,"Noch nie probiert ",1,0,7.331,32.186,33.3,10,5,complete,,,,DE,1___bbbe25e311adb2a8d07913cdded56f51_QYFQHENY
2026-09-28 17:06:41,2026-09-28 17:15:43,0,100,541,1,2026-09-28 17:15:43,R_834zk9WjijQawo1,anonymous,DE,1,FL_EOS_ID,,2,2,2,1,3,4,100,"Mars, Twix, Kinder",1.029,1.029,19.06,1,1,1,1,,1,1,1,1,1,1,1,1,1,1,1,,,1,1,1,,1,1,1,,,1,1,1,1,1,,1,1,1,1,,,1,1,,,,,,,,1,,,1,,,1,1,1,,,,,1,,,1.662,67.6,70.063,53,,,,1,,,1,,,,,79,75,14,30,51,8,6,,1,,1,,,,,,Super zum abnehmen,5,9,69.886,107.584,108.457,13,4,complete,,,,DE,1___ce4d0e87c1b6315277b6126be072389f_QYFQHENY
2026-09-28 17:09:58,2026-09-28 17:16:31,0,100,393,1,2026-09-28 17:16:31,R_2nCT68wDdxZrvFW,anonymous,DE,0.699999988079071,FL_EOS_ID,,2,3,1,9,2,3,100,"Mars ,Twix ,Bounty , Kinderschokolade.",3.755,3.755,36.98,1,,1,,,1,1,1,1,1,1,1,1,1,,1,,,1,1,,,,,,,,,1,,1,,,,1,,,,,,1,,,,,,,,,1,,,,,,,,,,,,,,,6.135,60.499,61.168,28,,,,,,,,1,,,,20,20,10,60,10,5,1,,,,,,,,,,NEOH ist eine zuckerfreie Variante von Kinder Buenos.,1,2,3.831,69.957,70.301,18,2,complete,,,,DE,1___482b36b8f5b026d9f4f538dcaf1cc7b9_QYFQHENY
2026-09-28 17:13:54,2026-09-28 17:17:34,0,100,219,1,2026-09-28 17:17:34,R_2ORAffE1APyHwGd,anonymous,DE,1,FL_EOS_ID,,3,4,1,4,5,4,100,Milky Way,1.902,15.008,15.495,2,1,1,,,1,1,1,1,1,1,,1,1,1,,1,,1,1,,,1,1,,,1,1,1,1,1,1,,1,1,1,,1,,1,1,,,,,,,,1,,1,,1,,,,1,,1,,1,,,,1.803,50.901,52.66,45,,,,,,,,,,,,,,,,,,,,,,,,,,,,,,,,,,,4,complete,,,,DE,1___837a0180a80a2d79c09a6cf7ae12773e_QYFQHENY
2026-09-28 17:23:27,2026-09-28 17:23:58,0,100,30,1,2026-09-28 17:23:58,R_8EgiQ3MBmMmUNu8,anonymous,DE,1,FL_38,,3,3,1,6,2,1,28,,,,,,,,,,,,,,,,,,,,,,,,,,,,,,,,,,,,,,,,,,,,,,,,,,,,,,,,,,,,,,,,,,,,,,,,,,,,,,,,,,,,,,,,,,,,,,,,,,,,,,,,,,,,complete,,,true,DE,1___1532b86a01df43d67014550626e3754b_QYFQHENY
2026-09-28 17:23:47,2026-09-28 17:24:05,0,100,17,1,2026-09-28 17:24:05,R_8zo46r5W0QcYsyf,anonymous,DE,1,FL_38,,3,2,2,7,6,4,49,,,,,,,,,,,,,,,,,,,,,,,,,,,,,,,,,,,,,,,,,,,,,,,,,,,,,,,,,,,,,,,,,,,,,,,,,,,,,,,,,,,,,,,,,,,,,,,,,,,,,,,,,,,,complete,,,,DE,1___0122b7f42eb761edf146ed3a6ae84a1e_QYFQHENY
2026-09-28 17:23:42,2026-09-28 17:24:17,0,100,35,1,2026-09-28 17:24:18,R_2KQKDSYdH0gnVdf,anonymous,DE,1,FL_38,,1,3,2,9,4,2,54,,,,,,,,,,,,,,,,,,,,,,,,,,,,,,,,,,,,,,,,,,,,,,,,,,,,,,,,,,,,,,,,,,,,,,,,,,,,,,,,,,,,,,,,,,,,,,,,,,,,,,,,,,,,complete,,,,DE,1___00990dc3f23ee39aac586259450f1069_QYFQHENY
2026-09-28 17:23:48,2026-09-28 17:24:24,0,100,36,1,2026-09-28 17:24:25,R_8jvlEmnFx81oji0,anonymous,DE,1,FL_38,,3,5,1,6,3,2,-100,,,,,,,,,,,,,,,,,,,,,,,,,,,,,,,,,,,,,,,,,,,,,,,,,,,,,,,,,,,,,,,,,,,,,,,,,,,,,,,,,,,,,,,,,,,,,,,,,,,,,,,,,,,,complete,,,,DE,1___0f73d23b333fe25d13e1875c248dd718_QYFQHENY
2026-09-28 17:23:31,2026-09-28 17:24:38,0,100,67,1,2026-09-28 17:24:39,R_2QM1pbuzVxDKNz3,anonymous,DE,1,FL_EOS_ID,,3,3,2,8,5,3,100,Mars milky way,1.555,1.555,12.661,1,,,1,,1,,1,,,,,,,,,1,,,,,,,,,,,1,,,,1,,,,1,1,,,,,,,,,,,,1,,1,,,,,,,,,,1,,1,,1.749,12.486,13.349,20,,,,,,,,,,,,,,,,,,,,,,,,,,,,,,,,,,,4,complete,,,,DE,1___dc0920a99fc3d85c98cad1e98740f6c5_QYFQHENY
2026-09-28 17:23:42,2026-09-28 17:24:44,0,100,61,1,2026-09-28 17:24:44,R_81gcqK9SmHf3hAe,anonymous,DE,1,FL_EOS_ID,,3,3,2,3,2,4,100,Kinderschokolade!!,0.916,0.916,5.941,1,,1,,,1,,1,1,1,1,,1,1,,,,,1,1,,,,,,,,1,1,1,1,1,,1,,,,,,1,1,,,,,,,,,,,1,,,,,,,,,,,,,2.005,28.617,29.184,29,,,,,,,,,,,,,,,,,,,,,,,,,,,,,,,,,,,4,complete,,,,DE,1___d4f5078e514550b2bb8282dc90bb83f3_QYFQHENY
2026-09-28 17:23:43,2026-09-28 17:24:52,0,100,68,1,2026-09-28 17:24:53,R_8IKGnJJXj5JfaAG,anonymous,DE,1,FL_EOS_ID,,2,2,1,7,3,5,100,"Ritter sport,milka",1.296,1.296,11.47,1,,,,,,1,1,,1,1,,1,1,,,,,1,1,,,,,,,1,1,1,,,,,1,1,,,,,,,,,,,,,1,1,,1,1,,,,1,,,,,1,,,,1.534,32.953,33.2,36,,,,,,,,,,,,,,,,,,,,,,,,,,,,,,,,,,,4,complete,,,,DE,1___0b71fc6ac55d0eadfa22a0cc7499bd0f_QYFQHENY
2026-09-28 17:23:41,2026-09-28 17:24:52,0,100,71,1,2026-09-28 17:24:53,R_2sBs7oeZxNqhJZi,anonymous,DE,1,FL_EOS_ID,,3,3,1,3,5,6,100,"Milka ",1.03,1.03,5.042,1,,1,,,1,1,1,1,1,1,,,1,1,,,,1,,,,,,,,1,,1,,,,,1,1,,,,,,1,,,,,,,1,,,,1,,,,1,,,,,,1,,,2.257,30.159,31.131,38,,,,,,,,,,,,,,,,,,,,,,,,,,,,,,,,,,,3,complete,,,,DE,1___dfa704b260f229531fad5dc79a36b558_QYFQHENY
2026-09-28 17:23:37,2026-09-28 17:24:59,0,100,82,1,2026-09-28 17:24:59,R_2CHGQWyROtF3Lhv,anonymous,DE,1,FL_EOS_ID,,3,5,1,9,3,3,100,Mars,0.971,0.971,3.024,1,,1,,,1,1,1,1,1,1,1,1,1,,,,,1,1,,,,,,,1,,1,1,1,,,1,1,,,,,,1,,,,,,,,,1,1,1,,,,,,,,,,,,,5.347,40.995,41.516,27,,,,,,,,,,,,,,,,,,,,,,,,,,,,,,,,,,,2,complete,,,true,DE,1___ae779ce973e4bb553454d26f7c1d2050_QYFQHENY
2026-09-28 17:23:32,2026-09-28 17:25:05,0,100,92,1,2026-09-28 17:25:05,R_2QFJNODDWtMdTb8,anonymous,DE,1,FL_EOS_ID,,3,5,1,9,3,4,100,"Kinder, snickers, twix",1.17,1.17,18.213,1,,,,,1,1,1,1,1,1,,1,1,,,,,1,1,,,,1,,,1,1,1,1,1,1,,1,1,,,,,1,1,,,,,,,1,1,1,1,1,,,,1,,,,,,,,,1.15,34.481,36.391,37,,,,,,,,,,,,,,,,,,,,,,,,,,,,,,,,,,,4,complete,,,,DE,1___94e86acdc12c7a480e7c9e86eebe0c10_QYFQHENY
2026-09-28 17:23:55,2026-09-28 17:25:09,0,100,74,1,2026-09-28 17:25:10,R_25ZbF7CpnDOwxuB,anonymous,DE,1,FL_EOS_ID,,2,2,2,8,4,5,100,Kinder,1.318,9.239,9.518,4,1,1,1,,1,1,1,1,1,1,,1,1,1,,,,1,1,,,,1,,,,1,,,1,,,,,,,,,1,,,,,,,,,,1,1,1,1,,,,,,,,,,,,1.546,36.911,37.54,32,,,,,,,,,,,,,,,,,,,,,,,,,,,,,,,,,,,4,complete,,,,DE,1___0c481fcc3a6cd5ce46b15cce01ba8165_QYFQHENY
2026-09-28 17:23:50,2026-09-28 17:25:13,0,100,83,1,2026-09-28 17:25:14,R_2p9pbjcvSHrU9J7,anonymous,DE,1,FL_EOS_ID,,2,5,1,6,6,7,100,"Twix, Kitkat",1.595,1.595,15.019,1,,,1,,1,,1,1,1,1,,1,1,1,,,,1,1,,,,,,,,,1,,1,,,,,,,,,,1,,,,,,,,,1,,1,,,,,,,,,,1,,,1.139,32.522,32.924,23,,,,,,,,,,,,,,,,,,,,,,,,,,,,,,,,,,,4,complete,,,,DE,1___abef5d737c5c4c01b8775632327ce5b8_QYFQHENY
2026-09-28 17:23:45,2026-09-28 17:25:14,0,100,88,1,2026-09-28 17:25:14,R_2EE0igTzGWwzo1n,anonymous,DE,1,FL_EOS_ID,,2,3,2,8,3,3,100,"Knoppers 
Bounty 
Mars 
Twix",2.272,2.272,14.598,1,,1,,,1,1,1,1,1,1,,1,1,1,,,,1,1,,,,,,,1,1,1,1,1,1,,1,1,1,,,,,1,,,,,,,1,1,1,,1,1,,1,1,1,,,,,1,,,1.364,36.641,37.195,40,,,,,,,,,,,,,,,,,,,,,,,,,,,,,,,,,,,3,complete,,,,DE,1___c33452436af46f90658dac318398e2c1_QYFQHENY
2026-09-28 17:23:40,2026-09-28 17:25:18,0,100,97,1,2026-09-28 17:25:18,R_22y8hhMuKfbelaE,anonymous,DE,1,FL_EOS_ID,,3,4,2,7,1,4,100,Kinder,2.515,5.975,6.52,2,,,,,1,,,1,1,1,,1,1,,,,,,1,,,,,,,1,,,,1,,,,,,,,,,,,,,,,,,,,,1,,,,,,,,,,,,,4.123,38.282,38.884,21,,,,,,,,,,,,,,,,,,,,,,,,,,,,,,,,,,,5,complete,,,true,DE,1___8780a74ebdaead47b49fed8b8cb4389f_QYFQHENY
2026-09-28 17:24:51,2026-09-28 17:25:22,0,100,30,1,2026-09-28 17:25:23,R_880Fecc8IUbJi0h,anonymous,DE,1,FL_38,,4,2,1,7,2,6,40,,,,,,,,,,,,,,,,,,,,,,,,,,,,,,,,,,,,,,,,,,,,,,,,,,,,,,,,,,,,,,,,,,,,,,,,,,,,,,,,,,,,,,,,,,,,,,,,,,,,,,,,,,,,complete,,,,DE,1___a899cd223f2576d889cd884e9cb90aa4_QYFQHENY
2026-09-28 17:24:58,2026-09-28 17:25:26,0,100,28,1,2026-09-28 17:25:26,R_8M9Jb0JCDre1dBA,anonymous,DE,1,FL_38,,2,3,1,9,5,7,45,,,,,,,,,,,,,,,,,,,,,,,,,,,,,,,,,,,,,,,,,,,,,,,,,,,,,,,,,,,,,,,,,,,,,,,,,,,,,,,,,,,,,,,,,,,,,,,,,,,,,,,,,,,,complete,,,,DE,1___3e6b9598700d425328d7ad8c77c60aa9_QYFQHENY
2026-09-28 17:24:52,2026-09-28 17:25:33,0,100,41,1,2026-09-28 17:25:33,R_8V3jK242zfDZjQh,anonymous,DE,1,FL_38,,2,2,2,4,4,6,64,,,,,,,,,,,,,,,,,,,,,,,,,,,,,,,,,,,,,,,,,,,,,,,,,,,,,,,,,,,,,,,,,,,,,,,,,,,,,,,,,,,,,,,,,,,,,,,,,,,,,,,,,,,,complete,,,,DE,1___7ba41ee7649a7a46eb081d9d6af1b47f_QYFQHENY
2026-09-28 17:24:12,2026-09-28 17:25:34,0,100,81,1,2026-09-28 17:25:34,R_8S6n9KsAfi9x15Q,anonymous,DE,1,FL_EOS_ID,,7,5,1,9,1,2,100,Milka,3.124,3.124,9.075,1,,,,,,,,,,,,1,1,,,,,,1,,,,,,,,,,,,,,,,,,,,,,,1,,,,,,,,,,,,,,,,,,,,,1,4.948,27.756,28.967,15,,,,,,,,,,,,,,,,,,,,,,,,,,,,,,,,,,,5,complete,,,,DE,1___f218945afb686bddea404c09fd41a056_QYFQHENY
2026-09-28 17:24:07,2026-09-28 17:25:34,0,100,86,1,2026-09-28 17:25:35,R_2QDxHfh0ca204A8,anonymous,DE,1,FL_EOS_ID,,3,3,1,4,6,7,100,Kinder,1.685,1.685,7.805,1,,,,,1,,1,1,1,,,,,,,,,1,1,,,,,,,,,1,,1,,,,,,,,,,,,,,,,,,,1,,1,,,1,1,,,,,,1,,,11.486,48.501,49.298,25,,,,,,,,,,,,,,,,,,,,,,,,,,,,,,,,,,,5,complete,,,,DE,1___0daccd8d58678b05f1d87afa811bd15e_QYFQHENY
2026-09-28 17:23:28,2026-09-28 17:25:36,0,100,128,1,2026-09-28 17:25:37,R_8qjnKU5rxC9ddt3,anonymous,DE,1,FL_EOS_ID,,2,2,1,9,3,6,100,Milka,17.185,17.185,20.782,1,,,,,1,,,,,,,,1,,,,,1,,,,,,,,1,,,1,,,1,,,,,,,,,,,,,,,,,,,,,,,,,,,,,,,1,7.554,38.803,39.27,15,,,,,,,,,,,,,,,,,,,,,,,,,,,,,,,,,,,4,complete,,,true,DE,1___0246a6183675f8d018bb6982a9f01fb9_QYFQHENY
2026-09-28 17:24:39,2026-09-28 17:25:38,0,100,58,1,2026-09-28 17:25:39,R_2I451Jml1KodAcM,anonymous,DE,1,FL_EOS_ID,,2,2,2,3,5,7,100,Milka,1.418,4.93,7.597,2,,,,,,,,,,1,,,1,,,,,,,,,,,,,,,,,,,,,1,,,,,,,,,,,,,,,,,,,,,1,,,,,,,,,2.069,16.779,17.464,18,,,,,,,,,,,,,,,,,,,,,,,,,,,,,,,,,,,3,complete,,,,DE,1___bcc840acd2368e8bd6a92debca2ca4ca_QYFQHENY
2026-09-28 17:24:12,2026-09-28 17:25:41,0,100,88,1,2026-09-28 17:25:41,R_8umJTIvUCdO4caB,anonymous,DE,1,FL_EOS_ID,,3,2,2,7,6,6,100,"Corny, ESN",1.218,1.218,7.056,1,,1,1,,1,1,1,1,,1,,1,,1,,,,1,1,,,,,1,,,,1,,,,,,,,,,,,1,,,,,1,,,,,,,,,,,,,,,,,,,2.575,30.591,31.501,15,,,,,,,,,,,,,,,,,,,,,,,,,,,,,,,,,,,5,complete,,,true,DE,1___f4b0f3a6ffad4accb5dad940b6e44879_QYFQHENY
2026-09-28 17:24:17,2026-09-28 17:25:42,0,100,85,1,2026-09-28 17:25:42,R_2PjzHLTeZgHLFOR,anonymous,DE,1,FL_EOS_ID,,2,5,2,6,6,6,100,Kinder,1.692,1.692,5.204,1,,1,,,1,1,1,1,1,1,,1,1,1,,,,1,1,,,,1,,,,1,1,,1,,,,,,,,,,,,,,,,,1,1,1,,,1,,,1,,,,,1,1,,,1.982,38.452,38.924,33,,,,,,,,,,,,,,,,,,,,,,,,,,,,,,,,,,,3,complete,,,,DE,1___17ab8c418be3f14fa194f55fb07ce78b_QYFQHENY
2026-09-28 17:23:50,2026-09-28 17:25:45,0,100,114,1,2026-09-28 17:25:45,R_2fISp6I3RqKtjlE,anonymous,DE,1,FL_EOS_ID,,3,4,1,7,3,3,100,"Snickers, Mars,  Duplo,corny,Twitter,kit kat,",1.78,40.546,41.184,2,,1,,,1,1,1,1,1,1,,1,1,1,,,,1,1,,,,1,,,,1,,,1,1,,,1,,,,,,1,,,,1,,,,,,1,1,1,,,,,,,,,,,,2.19,39.828,40.63,34,,,,,,,,,,,,,,,,,,,,,,,,,,,,,,,,,,,3,complete,,,true,DE,1___164647fcc2916a4572c2eb844e8f5ce5_QYFQHENY
2026-09-28 17:24:13,2026-09-28 17:25:49,0,100,95,1,2026-09-28 17:25:50,R_8z02ZkLEYFau6wV,anonymous,DE,1,FL_EOS_ID,,5,5,1,2,5,4,100,"Snikers,Mars",1.679,9.475,10.169,2,,1,,,1,1,1,1,1,1,1,1,1,,,,,1,1,,,,,,,,1,,,1,1,1,,,,,1,,,1,,,,,,,,,,,,,,1,1,,,,,,1,,,3.457,37.862,38.562,36,,,,,,,,,,,,,,,,,,,,,,,,,,,,,,,,,,,3,complete,,,,DE,1___4f1b748ca34cedbf3bf6f443adc4acc2_QYFQHENY
2026-09-28 17:23:48,2026-09-28 17:25:50,0,100,122,1,2026-09-28 17:25:50,R_8k08ClsrxrzESbf,anonymous,DE,1,FL_EOS_ID,,3,3,2,1,2,3,100,"Snickers, Mars, twix, bounty",1.403,1.403,22.85,1,,1,,,1,1,1,1,1,1,1,1,1,,,,,1,1,,,,1,,,1,1,1,1,1,1,,1,1,,,,,1,1,,,,,,,1,1,1,1,1,1,,1,,,,,,1,1,,,7.541,67.573,68.103,55,,,,,,,,,,,,,,,,,,,,,,,,,,,,,,,,,,,3,complete,,,,DE,1___23b16087eb6f0a68b034114721d456d9_QYFQHENY
2026-09-28 17:24:24,2026-09-28 17:25:53,0,100,88,1,2026-09-28 17:25:53,R_8PWXMVx7tSCEvdf,anonymous,DE,1,FL_EOS_ID,,6,2,2,2,5,2,100,"Snickers
Mars
Bounty 
",2.159,2.159,15.232,1,,1,,,1,1,1,1,1,1,,1,1,,,,,1,1,,,,,,,,,,,,,,,,,,,,,,,1,,,,,,,,,,,,,,,,,,,,,1,1.06,26.623,27.294,27,,,,,,,,,,,,,,,,,,,,,,,,,,,,,,,,,,,3,complete,,,,DE,1___e3054f8b23818cd38e24922fdb6fc27e_QYFQHENY
2026-09-28 17:23:39,2026-09-28 17:25:54,0,100,135,1,2026-09-28 17:25:55,R_26H8rq9rKTPkr29,anonymous,DE,1,FL_EOS_ID,,1,2,1,3,6,5,100,"Kinder, Glaxy",2.707,16.775,47.18,2,,,,,,1,,,1,,,1,1,1,,,,,,,,,,,,,,,,,,,1,1,,,,,,,,,,,,,,,,,1,,,,1,,,,,,,,,1.133,48.82,49.885,31,,,,,,,,,,,,,,,,,,,,,,,,,,,,,,,,,,,3,complete,,,,DE,1___6abc392bc8b3e5b30720dc628c8a06f5_QYFQHENY
2026-09-28 17:24:40,2026-09-28 17:25:58,0,100,77,1,2026-09-28 17:25:58,R_2zdriaJLRijrVCa,anonymous,DE,0.800000011920929,FL_15,,1,1,2,3,1,,8,,,,,,,,,,,,,,,,,,,,,,,,,,,,,,,,,,,,,,,,,,,,,,,,,,,,,,,,,,,,,,,,,,,,,,,,,,,,,,,,,,,,,,,,,,,,,,,,,,,,,,,,,,,,complete,,,,DE,1___ceeee823db15f55f265ed1412761df17_QYFQHENY
2026-09-28 17:23:36,2026-09-28 17:26:03,0,100,146,1,2026-09-28 17:26:03,R_8X1bkporqzJ1RED,anonymous,DE,1,FL_EOS_ID,,3,3,2,6,3,3,100,"Kinder Riegel 
Schoko Riegel 
Kinder Schokolade 
Jaffa 
Hanuta
Milka
Alpia ",2.269,2.269,55.87,1,,1,,,1,1,1,1,1,1,,1,1,1,,,,1,1,,,,,,,1,,1,1,1,1,,,,,,,,,1,,,,,,,,1,1,1,1,,,,,,,,,,,,,1.078,52.545,54.101,35,,,,,,,,,,,,,,,,,,,,,,,,,,,,,,,,,,,4,complete,,,,DE,1___c66380eca3d7a955c7f6d67238c8b98a_QYFQHENY
2026-09-28 17:24:28,2026-09-28 17:26:03,0,100,95,1,2026-09-28 17:26:04,R_8rpmwGtHqjCZYP3,anonymous,DE,1,FL_EOS_ID,,3,3,1,9,4,5,100,Kinder milka,1.788,1.788,7.656,1,,,,,,1,1,1,1,1,,1,1,,,,,1,1,,,,,,,,,,,,,,,1,,,,,,1,,,,,,,,,,,1,,,,1,,,,,,,,,2.578,41.508,42.354,34,,,,,,,,,,,,,,,,,,,,,,,,,,,,,,,,,,,4,complete,,,,DE,1___f6c1618dd9c1ae0d4e05a5144acca823_QYFQHENY
2026-09-28 17:23:58,2026-09-28 17:26:04,0,100,126,1,2026-09-28 17:26:04,R_82r9iJYkHtkbQLP,anonymous,DE,1,FL_EOS_ID,,4,5,2,3,3,7,100,"Habitat
Duplo",2.501,16.401,17.162,2,,1,,,1,1,1,1,,1,1,1,1,,,,,1,1,,,,1,,,,1,,,,1,,,,,,,,,,,,,,,,,1,1,,,,,,,,,,,1,,,,4.516,51.365,52.161,23,,,,,,,,,,,,,,,,,,,,,,,,,,,,,,,,,,,3,complete,,,,DE,1___3ef06ed6b8be5c7103037082ce2848ab_QYFQHENY
2026-09-28 17:24:10,2026-09-28 17:26:07,0,100,117,1,2026-09-28 17:26:08,R_2JaODcuaSUVzXpF,anonymous,DE,0.800000011920929,FL_38,,2,3,1,1,3,4,29,,,,,,,,,,,,,,,,,,,,,,,,,,,,,,,,,,,,,,,,,,,,,,,,,,,,,,,,,,,,,,,,,,,,,,,,,,,,,,,,,,,,,,,,,,,,,,,,,,,,,,,,,,,,complete,,,true,DE,1___6f9c19dbc3e8f12f9de18cf31b4960f3_QYFQHENY
2026-09-28 17:24:19,2026-09-28 17:26:09,0,100,109,1,2026-09-28 17:26:09,R_81HKQiUl59nsKIM,anonymous,DE,1,FL_EOS_ID,,4,4,1,2,3,4,100,Kinderriegel,1.978,12.436,13.233,2,,1,,,1,1,1,1,1,1,1,1,1,,,,,1,1,,,,,,,1,1,1,1,1,1,,,1,,,,,1,,,,,,,,,,,1,,,,,1,,,,,1,,,,6.501,47.046,47.759,34,,,,,,,,,,,,,,,,,,,,,,,,,,,,,,,,,,,4,complete,,,,DE,1___6462b33ac35b63b9f066a4bb650dbcab_QYFQHENY
2026-09-28 17:24:22,2026-09-28 17:26:11,0,100,109,1,2026-09-28 17:26:11,R_8jCVU0Vz8dH3yB4,anonymous,DE,1,FL_EOS_ID,,4,5,1,6,4,4,100,snickers mars twix,2.545,2.545,12.554,1,,1,,,1,,1,1,1,,,1,,,,,,1,1,,,,,,,1,,1,,,,,,,,,,,,,,,,,,,,,1,,,,,,,,,,,,1,,,2.027,40.468,41.614,12,,,,,,,,,,,,,,,,,,,,,,,,,,,,,,,,,,,3,complete,,,,DE,1___61d45869c3425165c3636260b4c17a85_QYFQHENY
2026-09-28 17:25:23,2026-09-28 17:26:25,0,100,61,1,2026-09-28 17:26:25,R_8uHYA2WIxXA0J19,anonymous,DE,0.8999999761581421,FL_38,,1,3,1,2,5,6,43,,,,,,,,,,,,,,,,,,,,,,,,,,,,,,,,,,,,,,,,,,,,,,,,,,,,,,,,,,,,,,,,,,,,,,,,,,,,,,,,,,,,,,,,,,,,,,,,,,,,,,,,,,,,complete,,,,DE,1___8e721c329aec42c5f47aa7a8b04f0d05_QYFQHENY
2026-09-28 17:24:46,2026-09-28 17:26:26,0,100,100,1,2026-09-28 17:26:27,R_8P4VaXhAN8lNNPT,anonymous,DE,1,FL_EOS_ID,,1,3,1,3,6,2,100,Сникерс,2.839,12.858,13.801,2,,1,,,,1,,,,,1,1,1,1,,,,,1,,,,,,,1,,,1,,,,1,,,,,,,1,1,,,,,,,1,,,,,,1,,,,,,,1,,,5.044,37.308,39.17,26,,,,,,,,,,,,,,,,,,,,,,,,,,,,,,,,,,,3,complete,,,,DE,1___02af3fd5c8760bc1bb4fc5479c9f4cd5_QYFQHENY
2026-09-28 17:23:41,2026-09-28 17:26:34,0,100,172,1,2026-09-28 17:26:34,R_2flSVwQEfbyhlXb,anonymous,DE,1,FL_EOS_ID,,3,4,2,7,1,4,100,"Balisto Kinder snikers Mars ",1.661,1.661,40.098,1,,1,,,1,1,1,1,1,1,,1,1,,,,,1,1,,,,1,,,1,,,1,1,1,,1,1,,,,,1,1,,,,1,,,1,,1,1,1,,,1,1,,,,,,1,,,4.503,81.23,82.846,36,,,,,,,,,,,,,,,,,,,,,,,,,,,,,,,,,,,3,complete,,,,DE,1___c024a3cdbe814f1a80464e92f65c756a_QYFQHENY
2026-09-28 17:24:05,2026-09-28 17:26:34,0,100,149,1,2026-09-28 17:26:35,R_2n3JYHVIu6JEO6A,anonymous,DE,1,FL_EOS_ID,,1,4,2,2,2,5,100,"Twitter Kinder Buenos ",4.582,4.582,28.1,1,,1,,,1,1,1,1,1,,,1,1,,,1,,1,1,,,,1,,,1,1,1,1,1,,,1,1,,,1,1,1,1,,,,,,,1,1,1,1,1,,,1,,,,1,,,1,,,3.646,50.1,51.055,33,,,,,,,,,,,,,,,,,,,,,,,,,,,,,,,,,,,2,complete,,,,DE,1___2dd7b170957456c484c507ba287dfd17_QYFQHENY
2026-09-28 17:24:31,2026-09-28 17:26:40,0,100,128,1,2026-09-28 17:26:40,R_2MGTC81gHpGNAtn,anonymous,DE,1,FL_EOS_ID,,4,5,2,1,2,4,100,Kinder,2.902,6.158,7.065,2,,1,,,1,,1,1,1,1,,1,1,,,,,1,1,,,,,,,,,,,1,,,,,,,,,,,,,,,,,,,,,1,,,,1,,,,,,,,,3.402,52.238,52.994,19,,,,,,,,,,,,,,,,,,,,,,,,,,,,,,,,,,,1,complete,,,,DE,1___3f127e3032c2040c3db91e7b1cb68738_QYFQHENY
2026-09-28 17:24:55,2026-09-28 17:26:40,0,100,105,1,2026-09-28 17:26:41,R_8WUQCiDAX2NE9e9,anonymous,DE,0.699999988079071,FL_EOS_ID,,2,3,1,3,5,3,100,Corny bounty snickers mars,1.25,26.761,27.523,3,,,,,1,1,,1,1,,,1,1,,,,,,1,,,,,,,1,1,,,,,,1,1,,,,,,1,,,,,,,1,1,,,,1,,,,,,,,,1,,,2.69,38.621,39.152,44,,,,,,,,,,,,,,,,,,,,,,,,,,,,,,,,,,,3,complete,,,true,DE,1___738a15353967728f20d8ec601f1b79bc_QYFQHENY
2026-09-28 17:24:44,2026-09-28 17:26:42,0,100,118,1,2026-09-28 17:26:42,R_8npA74a1IGZ3ItP,anonymous,DE,0.800000011920929,FL_EOS_ID,,2,2,1,5,4,3,100,"Mars, snickers, twix, bounty, milkyway",1.74,1.74,36.479,1,,1,,,1,1,1,1,1,1,,1,1,1,,,,1,1,,,,1,,,,1,,,,,,1,,,,,,,,,,,,,,,1,,,,,,1,,,,,,,,,,5.397,39.768,40.231,30,,,,,,,,,,,,,,,,,,,,,,,,,,,,,,,,,,,4,complete,,,true,DE,1___f83ef2fffb60dac04ae6721c28d63929_QYFQHENY
2026-09-28 17:24:54,2026-09-28 17:26:44,0,100,109,1,2026-09-28 17:26:45,R_8JeGvDJTL4Pcq2J,anonymous,DE,0.800000011920929,FL_EOS_ID,,4,2,1,2,3,5,100,"Mars Snickers ",2.401,17.676,18.229,3,,,,,1,1,1,1,1,1,1,1,1,1,,,,1,1,,,,,,,1,1,1,1,1,,1,,,,,,,1,,,,,,,,1,1,,1,,,,,,,,,,,,,,4.101,43.203,44.016,35,,,,,,,,,,,,,,,,,,,,,,,,,,,,,,,,,,,5,complete,,,,DE,1___98b72b5efcd43ff1ebbfe114ac8a7cc3_QYFQHENY
2026-09-28 17:24:48,2026-09-28 17:26:49,0,100,121,1,2026-09-28 17:26:50,R_8GvNJnmmYBXppvT,anonymous,DE,1,FL_EOS_ID,,4,2,2,9,5,3,100,"Snickers ",2.046,10.293,13.686,2,1,1,1,,1,,1,,1,1,,1,1,1,,,,1,1,,,,,,,,,1,,1,,,,1,,,,,,,,,,,,,,1,,,1,,,,,,,,,1,,,,3.786,37.294,39.327,54,,,,,,,,,,,,,,,,,,,,,,,,,,,,,,,,,,,3,complete,,,,DE,1___23bd023f7050c811db359b3a6dc15014_QYFQHENY
2026-09-28 17:24:18,2026-09-28 17:26:50,0,100,152,1,2026-09-28 17:26:50,R_8ZL1wdC2PFglnCp,anonymous,DE,1,FL_EOS_ID,,2,4,1,3,3,5,100,"Dublo, Kinderriegel, Eigenmarken",1.903,1.903,39.104,1,,1,,,1,,1,1,1,1,,1,1,,,,,,1,,,,,,,1,,1,1,1,1,,1,,,,,,1,1,,,,1,,,,1,,,,,,,,,,,,,1,,,22.891,62.211,63.302,56,,,,,,,,,,,,,,,,,,,,,,,,,,,,,,,,,,,4,complete,,,,DE,1___ff385fbede75cce1099f5d1e7c7ebf9a_QYFQHENY
2026-09-28 17:24:57,2026-09-28 17:26:56,0,100,119,1,2026-09-28 17:26:57,R_8lq8xc1l9ZEwICt,anonymous,DE,1,FL_EOS_ID,,1,3,2,1,3,2,100,"Kit kit
Rittersport 
Milka",1.501,17.276,18.293,2,,,,,1,,1,1,1,1,,1,1,,,,,1,1,,,,,,,1,,1,1,1,,,1,1,,,,,1,1,,,,,,,1,1,1,1,1,1,,1,1,,,1,,1,1,,,6.186,48.951,50.15,36,,,,,,,,,,,,,,,,,,,,,,,,,,,,,,,,,,,5,complete,,,,DE,1___972a681838b331e0f7ab36f87c778524_QYFQHENY
2026-09-28 17:24:33,2026-09-28 17:26:58,0,100,145,1,2026-09-28 17:26:58,R_8MQnEh4mYvZnW9M,anonymous,DE,1,FL_EOS_ID,,2,2,2,8,3,6,100,Kinderriegel,1.51,1.51,12.945,1,,1,,,,,1,1,,1,,,1,1,,1,,1,1,,,,,,,1,,1,1,1,,,1,1,,,,,,,,,,,,,,,,,,,,,,,,,,1,,,,0.808,46.426,47.175,36,,,,,,,,,,,,,,,,,,,,,,,,,,,,,,,,,,,5,complete,,,,DE,1___24ec12e5bbf6bae7e8a204a11085e106_QYFQHENY
2026-09-28 17:24:33,2026-09-28 17:27:12,0,100,158,1,2026-09-28 17:27:12,R_8QY6HyGaFG6ZqoN,anonymous,DE,1,FL_EOS_ID,,4,3,1,7,2,2,100,"Mars, Snickers, Bounty, Wunderbar, Twix ",2.376,2.376,34.779,1,,1,,,1,1,1,1,1,1,,1,1,,,,,1,1,,,,1,,,1,1,1,1,1,1,,1,1,,,,,1,1,,,,,,,1,,1,,1,1,,1,,,,,,,1,,,4.2,53.459,55.488,37,,,,,,,,,,,,,,,,,,,,,,,,,,,,,,,,,,,3,complete,,,,DE,1___0efe06fcaec6890fc202191951c5a207_QYFQHENY
2026-09-28 17:24:46,2026-09-28 17:27:13,0,100,146,1,2026-09-28 17:27:13,R_8dhO6cyHG4iQPNT,anonymous,DE,0.800000011920929,FL_EOS_ID,,6,4,1,2,2,2,100,Knoppers,3.903,3.903,16.057,1,,,,,,,,1,1,1,,1,,,,,,,1,,,,,,,,,,1,,,,,1,,,,,,,,,,,,,,,,,,1,,,,,,,,,,,,9.02,50.539,51.816,13,,,,,,,,,,,,,,,,,,,,,,,,,,,,,,,,,,,2,complete,,,true,DE,1___c22ef94c5abdea4b4a585d352000d4e9_QYFQHENY
2026-09-28 17:23:48,2026-09-28 17:27:13,0,100,204,1,2026-09-28 17:27:13,R_8gmF5gCwvXTkfG9,anonymous,DE,1,FL_EOS_ID,,4,3,2,5,4,1,100,"Kinderriegel ,Milka,twix,kitkat",2.801,2.801,36.165,1,1,1,,,1,1,1,1,1,1,1,1,1,1,1,,,1,1,,,,1,,,,1,1,1,1,1,,,1,,,,,,1,,,,1,,,,,1,,1,,,,,,,,,,1,,,5.578,47.925,48.616,39,,,,,,,,,,,1,1,0,0,0,-1,5,2,,,,,,,,,,"Ich habe es noch nicht probiert ",2,2,2,22.419,22.899,11,5,complete,,,,DE,1___88cfd8ff3c12e26adb6913632c71c027_QYFQHENY
2026-09-28 17:25:20,2026-09-28 17:27:13,0,100,113,1,2026-09-28 17:27:13,R_8Imx8m8Z1rk4s2q,anonymous,DE,1,FL_EOS_ID,,1,4,1,8,3,4,100,"Kinder Schokoriegel, Bounty, Mars, Twix",1.883,27.066,27.695,2,,1,,,1,1,1,1,1,1,,,1,,,,,1,1,,,,1,,,,,,,1,1,,1,1,,,,,,1,,,,,,,,,,1,1,1,,1,1,,,,,,,,,2.896,40.007,40.501,29,,,,,,,,,,,,,,,,,,,,,,,,,,,,,,,,,,,3,complete,,,,DE,1___b99d43a3fbed9c892e2892faacfa4e29_QYFQHENY
2026-09-28 17:24:42,2026-09-28 17:27:14,0,100,151,1,2026-09-28 17:27:14,R_2JbozhBRpfoKld3,anonymous,DE,0.800000011920929,FL_EOS_ID,,3,4,1,9,5,4,100,"Milka, Kinder riegel, Ritter Sport
",2.244,2.244,30.613,1,,1,,,1,1,1,1,1,1,,1,1,,,1,,1,1,,,,,,,,,1,,,1,,1,1,,,,,,1,,,,,,,,,1,,1,1,,,,,,,,,1,,,0.296,68.883,69.381,31,,,,,,,,,,,,,,,,,,,,,,,,,,,,,,,,,,,3,complete,,,,DE,1___ddbf51e659a98c99984d94c780e37422_QYFQHENY
2026-09-28 17:24:02,2026-09-28 17:27:14,0,100,191,1,2026-09-28 17:27:14,R_2o7sy34B8XkTzm6,anonymous,DE,1,FL_EOS_ID,,6,2,1,7,3,3,100,"Milka , Lind ,Ritterschokolade",2.367,2.367,54.702,1,,1,,,1,1,1,1,1,1,,1,1,,,,,1,1,,,,,,,,1,,,1,,,,,,,,,,1,,,,,,,,,,,1,,,,,,,,,,1,,,1.7,66.652,67.12,27,,,,,,,,,,,,,,,,,,,,,,,,,,,,,,,,,,,3,complete,,,,DE,1___2b67dde7e57574793bfe00e6f4d6c761_QYFQHENY
2026-09-28 17:25:25,2026-09-28 17:27:37,0,100,131,1,2026-09-28 17:27:37,R_8ro5CqyWzJAWYzF,anonymous,DE,0.800000011920929,FL_EOS_ID,,5,2,4,7,1,9,100,"Snikkers,twix,mars",3.015,3.015,13.644,1,,1,,,1,1,1,1,1,,,1,1,,,,,,1,,,,1,,,1,1,1,1,1,1,,1,1,,,,,1,1,,,,1,,,1,1,1,1,1,1,,1,1,,,,,1,1,,,7.988,58.265,58.769,43,,,,,,,,,,,,,,,,,,,,,,,,,,,,,,,,,,,3,complete,,,,DE,1___89659bc7a3b3e52111cfaa0fd6b52576_QYFQHENY
2026-09-28 17:24:57,2026-09-28 17:27:38,0,100,160,1,2026-09-28 17:27:38,R_20JwZZWN6EK7tTP,anonymous,DE,1,FL_EOS_ID,,4,5,1,9,5,5,100,"Duplo, Snickers, Mars, Milky-Way",1.3,24.181,43.007,3,,1,,,1,,1,1,,1,,1,1,,,,,1,1,,,,,,,,,,1,,1,,1,,,,,,,1,,,,,,,,,1,,,1,,,,,,,,,,,,10.687,58.049,58.622,26,,,,,,,,,,,,,,,,,,,,,,,,,,,,,,,,,,,4,complete,,,true,DE,1___b49a6327ddf83e6f94121cc4ea1c094a_QYFQHENY
2026-09-28 17:25:38,2026-09-28 17:27:54,0,100,136,1,2026-09-28 17:27:55,R_2rVDt6oeGY8w5V3,anonymous,DE,1,FL_EOS_ID,,2,3,2,8,5,4,100,"Lindt, Milka, Kinder ",0.694,0.694,13.966,1,1,,,1,1,1,1,1,1,1,1,1,1,1,,1,,1,1,,,,,,1,,1,1,,1,1,1,,1,,,,,1,,,,,,,1,,,1,1,1,1,1,,1,,,,,,,,,9.554,61.435,61.901,43,,,,,,,,,,,,,,,,,,,,,,,,,,,,,,,,,,,4,complete,,,,DE,1___a810b0cc3ab64a0f358ba2697610936d_QYFQHENY
2026-09-28 17:24:28,2026-09-28 17:28:07,0,100,219,1,2026-09-28 17:28:08,R_8iszKX7c5p6ggD6,anonymous,DE,1,FL_EOS_ID,,6,5,2,1,2,4,100,"Snickers, Mars, Twix",2.983,51.812,52.3,2,,1,,,1,1,1,1,1,1,1,1,1,,,,,1,1,,,,1,,,,,1,,1,,,1,,,,,,,,,,,,,,,,,,,,,,,,,,,,,,1,6.754,79.802,80.874,42,,,,,,,,,,,,,,,,,,,,,,,,,,,,,,,,,,,5,complete,,,,DE,1___04348df16154300bc44de41e3902098a_QYFQHENY
2026-09-28 17:24:54,2026-09-28 17:30:16,0,100,322,1,2026-09-28 17:30:17,R_2hxNiNnLKqoi6wM,anonymous,DE,1,FL_EOS_ID,,6,4,1,2,2,3,100,"Kinder Duplo, Kinder  Country, Mars, Snickers, lion, Bounty, Kinder Bueno, ",3.389,126.49,127.396,3,,1,,,1,1,1,1,1,1,1,1,1,,,,,1,1,,,,1,,,1,1,1,1,1,,,1,1,,,,,,1,,,,,,,,,,,1,,,,,,,,,,1,,,6.965,95.01,96.21,45,,,,,,,,,,,,,,,,,,,,,,,,,,,,,,,,,,,5,complete,,,,DE,1___d12bc61e9bf5baec1e19b972bc951a09_QYFQHENY
2026-09-28 17:25:32,2026-09-28 17:30:26,0,100,293,1,2026-09-28 17:30:26,R_23fyHgIQEKpfm4V,anonymous,DE,,FL_EOS_ID,,3,4,1,3,5,5,100,Kinder,2.5,8.132,8.754,2,,1,,,1,1,1,1,1,1,1,1,1,,,,,1,1,,,,,,,1,,,1,1,1,,,1,,,,,1,1,,,,,,,,,,,1,1,,,1,,,,,,1,,,2.259,54.547,55.448,31,,,,,,,,,,,,,,,,,,,,,,,,,,,,,,,,,,,2,error,Timed out,,,DE,1___7fadcf580b1df8021c15e4da2d524b4e_QYFQHENY
2026-09-28 17:35:31,2026-09-28 17:36:38,0,100,67,1,2026-09-28 17:36:39,R_83S06GjLquCmlup,anonymous,DE,1,FL_EOS_ID,,5,4,2,2,5,4,100,"Kinder, Ferrero",0.909,13.785,14.342,3,,1,,,1,1,1,1,1,1,1,1,1,,,,,1,1,,,,1,,,,,1,,1,1,,,1,,,,,,,,,,,,,,,,,,,,,,,,,,,,,1,1.706,25.8,26.285,28,,,,,,,,,,,,,,,,,,,,,,,,,,,,,,,,,,,3,complete,,,,DE,1___d10cb541d9c80631b47e6cbca8e05ee9_QYFQHENY
2026-09-28 17:36:13,2026-09-28 17:37:10,0,100,56,1,2026-09-28 17:37:10,R_8IAA4GUoV4xIKeY,anonymous,DE,1,FL_EOS_ID,,3,3,2,6,6,6,100,Mars snickers,0.986,6.02,8.791,2,1,1,,,1,,1,,,,,,1,,,,,1,1,,,,1,1,,1,,,,1,,,,1,,,1,,1,,,,1,1,,,,,1,1,,,,,,,,,,,,,,1.191,20.5,21.059,28,,,,,,,,,,,,,,,,,,,,,,,,,,,,,,,,,,,3,complete,,,,DE,1___bcf82e2e94ea5380b9af97de1b1f34db_QYFQHENY
2026-09-28 17:36:24,2026-09-28 17:37:11,0,100,46,1,2026-09-28 17:37:11,R_2EgpkYmBKY9iCvC,anonymous,DE,1,FL_38,,3,5,1,1,3,6,19,,,,,,,,,,,,,,,,,,,,,,,,,,,,,,,,,,,,,,,,,,,,,,,,,,,,,,,,,,,,,,,,,,,,,,,,,,,,,,,,,,,,,,,,,,,,,,,,,,,,,,,,,,,,complete,,,,DE,1___ea98812f2c04cce5b31151e727ecc256_QYFQHENY
2026-09-28 17:36:15,2026-09-28 17:37:13,0,100,57,1,2026-09-28 17:37:13,R_8wLPiD3KnupuRG1,anonymous,DE,0.8999999761581421,FL_EOS_ID,,3,3,1,3,3,3,100,"mars
",1.16,1.16,5.685,1,,,,,,1,,,,,,1,,,,,,,,,,,,,,,,,,,,,1,,,,,,,,,,,,,,,,,,,,,1,,,,,,,,,,1.343,6.988,7.7,5,,,,,,,,,,,,,,,,,,,,,,,,,,,,,,,,,,,5,complete,,,,DE,1___5dd4ab9559125d791cdeebcc441e6b7e_QYFQHENY
2026-09-28 17:36:29,2026-09-28 17:37:26,0,100,57,1,2026-09-28 17:37:26,R_2ZUnbIyCYHCN2jy,anonymous,DE,1,FL_38,,2,2,2,3,3,5,79,,,,,,,,,,,,,,,,,,,,,,,,,,,,,,,,,,,,,,,,,,,,,,,,,,,,,,,,,,,,,,,,,,,,,,,,,,,,,,,,,,,,,,,,,,,,,,,,,,,,,,,,,,,,complete,,,,DE,1___e2a57257ad178fa8dceeeb12746bd969_QYFQHENY
2026-09-28 17:35:03,2026-09-28 17:37:54,0,100,170,1,2026-09-28 17:37:55,R_8APyiAZAHK3vJ2V,anonymous,DE,1,FL_EOS_ID,,2,2,1,9,5,5,100,"Kinder , Esn",2.164,13.974,16.06,2,,1,,,1,1,1,1,1,1,,1,1,1,1,,,1,1,,,,,,,,,,,1,,,,,1,,,,,,,,,,,,,,,,1,,,,,1,,,,,,,,0.876,34.207,35.154,29,,,,,,1,,,,,,20,44,10,20,2,5,1,,,,,,,,,,"Ein Schokoladen Riegel einfach der gut schmeckt ",2,2,1.496,19.316,20.304,9,4,complete,,,,DE,1___de06483d75e518068956d88003c978d4_QYFQHENY
2026-09-28 17:37:32,2026-09-28 17:37:57,0,100,25,1,2026-09-28 17:37:58,R_2Vanq4xOh0iQfCB,anonymous,DE,1,FL_38,,7,3,2,9,6,6,0,,,,,,,,,,,,,,,,,,,,,,,,,,,,,,,,,,,,,,,,,,,,,,,,,,,,,,,,,,,,,,,,,,,,,,,,,,,,,,,,,,,,,,,,,,,,,,,,,,,,,,,,,,,,complete,,,,DE,1___ddcd461304eb6718b696f41cdccf6bf0_QYFQHENY
2026-09-28 17:36:52,2026-09-28 17:37:59,0,100,67,1,2026-09-28 17:38:00,R_82J4D56BAZ5ECRM,anonymous,DE,0.800000011920929,FL_EOS_ID,,2,3,2,2,2,4,100,Duplo Kinderriegel country corny,2.185,21.068,21.67,2,1,,,,,,1,,1,,,,1,,,,,,1,,,,1,,1,,,,,,,1,1,,,1,,,,,1,,,,,,,,,,,,,1,,,,,,,,1,,0.843,11.154,11.501,27,,,,,,,,,,,,,,,,,,,,,,,,,,,,,,,,,,,5,complete,,,,DE,1___3107073d2e53bf26ffbf9fd78a2a61ad_QYFQHENY
2026-09-28 17:37:05,2026-09-28 17:38:09,0,100,63,1,2026-09-28 17:38:09,R_21vzwDrwStNh812,anonymous,DE,1,FL_EOS_ID,,2,3,1,2,4,6,100,Merci,0.984,0.984,6.979,1,,1,,1,,1,1,,,,,1,1,,,,,1,1,,,,,,,1,1,1,,,,,1,,1,1,,1,,,,,,,,,,,1,,1,1,,,1,,,,,,1,,,2.386,19.94,21.279,21,,,,,,,,,,,,,,,,,,,,,,,,,,,,,,,,,,,3,complete,,,,DE,1___6a59ee0413183ea350aef0fff97a24f5_QYFQHENY
2026-09-28 17:36:36,2026-09-28 17:38:49,0,100,133,1,2026-09-28 17:38:50,R_8n6GXGv9WWndac1,anonymous,DE,1,FL_EOS_ID,,2,3,2,2,4,4,100,"Lindt, merci",2.296,2.296,13.786,1,,1,1,,1,1,1,1,1,1,,1,1,,,1,,1,1,,,,,,,,,1,,1,1,,1,1,,,,,,1,,,,,,,,1,,1,1,,,,1,,,,,1,1,,,1.961,65.78,67.295,46,,,,,,,,,,,,,,,,,,,,,,,,,,,,,,,,,,,3,complete,,,,DE,1___090e0ba3f470df8296f329a8892a51b6_QYFQHENY
2026-09-28 17:36:31,2026-09-28 17:39:37,0,100,185,1,2026-09-28 17:39:38,R_8M4ePsTF8kdKSOy,anonymous,DE,1,FL_EOS_ID,,2,3,2,7,5,6,100,"Mars, Snickers, Milka, Kinder, Ferrero",1.462,1.462,15.636,1,1,1,1,,1,1,1,1,1,1,1,1,1,1,1,1,1,1,1,,,1,1,1,,1,1,1,1,1,1,1,,1,1,,1,1,1,1,,,1,,,,,,,,,,,1,,,,,1,,,,,2.947,35.494,36.23,51,,,,1,,,,,,,,100,100,100,100,0,8,6,,,,,,,,,,Gut schmeckende Schokolade ohne Zuckerzusatz,6,8,1.538,53.526,54.412,9,4,complete,,,,DE,1___83cd6aac18a54b578c21f44a98df8760_QYFQHENY
2026-09-28 17:36:44,2026-09-28 17:39:41,0,100,176,1,2026-09-28 17:39:41,R_8fBtJyu9rd0X79p,anonymous,DE,1,FL_EOS_ID,,4,5,2,1,2,2,100,Duplo Snickers rider,5.299,21.897,22.588,2,,1,,,1,1,1,1,,1,,1,1,,,,,1,1,,,,1,,,,,1,1,,1,,,1,,,,,,,,,,1,,,,,,,,,,,1,,,,,,,,,6.22,54.682,55.344,25,,,,,,,,,,,,,,,,,,,,,,,,,,,,,,,,,,,4,complete,,,,DE,1___ac68be02d25522f74f0099123f47195d_QYFQHENY
2026-09-28 17:36:37,2026-09-28 17:39:46,0,100,188,1,2026-09-28 17:39:46,R_2vaKhzAzGBNWgYV,anonymous,DE,1,FL_EOS_ID,,2,5,1,6,5,4,100,Mars Snikers aero,3.703,26.676,27.496,2,,1,,,1,1,1,1,1,1,1,1,1,,,,,1,1,,,,1,,,,,1,,,1,,1,,,,,,,,,,,,,,,,1,,1,1,,,,,,,,,,,,2.228,62.193,63.059,23,,,,,,,,,,,,,,,,,,,,,,,,,,,,,,,,,,,2,complete,,,,DE,1___86855a529cdc58a517af8d36ad942218_QYFQHENY
2026-09-28 17:37:09,2026-09-28 17:40:06,0,100,176,1,2026-09-28 17:40:06,R_2IINRIifp1wptyp,anonymous,DE,1,FL_EOS_ID,,5,2,1,1,2,4,100,"Kinder, nussriegel, Milka ",3.1,3.1,23.988,1,,1,,,1,1,1,1,1,1,,1,1,,,,,1,1,,,,,,,,1,1,,1,1,,,,,,,,1,1,,,,,,,,1,,,1,1,,,,,,,,,,,,4.409,56.382,57.548,33,,,,,,,,,,,,,,,,,,,,,,,,,,,,,,,,,,,5,complete,,,,DE,1___f503095a6fcfb4ec936144f89fa9c9d5_QYFQHENY
2026-09-28 17:37:13,2026-09-28 17:40:16,0,100,183,1,2026-09-28 17:40:16,R_2Qn5Zu4BnBPbvuB,anonymous,DE,1,FL_EOS_ID,,3,3,1,1,4,2,100,"Milka ",1.733,1.733,13.944,1,,,,,1,,1,1,,1,,1,,,,,,,1,,,,,,,,1,,,,1,,,1,,,,,,1,,,,,,,,1,1,1,,1,,,1,,,,,,,,,4.676,77.738,79.333,41,,,,,,,,,,,,,,,,,,,,,,,,,,,,,,,,,,,5,complete,,,,DE,1___aab3c0b3274a2465fee240239d0b8c7e_QYFQHENY
2026-09-28 17:36:57,2026-09-28 17:40:16,0,100,199,1,2026-09-28 17:40:16,R_2GoeYmseOD3Ja0h,anonymous,DE,1,FL_EOS_ID,,2,3,1,4,2,4,100,"Duplo 
Kinder Riegel 
Country ",2.481,2.481,32.087,1,,1,,,1,1,1,1,1,1,,1,1,,,,,1,1,,,,,,,,,,,1,,,,1,,,,,,,,,,1,,,1,1,,,1,,,,1,,,,,,,,,7.484,66.851,67.904,42,,,,,,,,,,,,,,,,,,,,,,,,,,,,,,,,,,,3,complete,,,,DE,1___d37310bb065af149f120613acd41b080_QYFQHENY
2026-09-28 17:37:07,2026-09-28 17:40:17,0,100,189,1,2026-09-28 17:40:17,R_2OZkmIOrWo4NFEf,anonymous,DE,0.800000011920929,FL_EOS_ID,,3,6,2,9,2,4,100,Milka oder Lindt Schockolade,6.075,31.895,32.688,4,,,,,,1,1,1,1,1,,1,1,,,,,1,1,,,,,,,,,1,1,,1,,1,1,,,,,1,1,,,,,,,,,1,1,,1,,1,1,,,,,1,,,,10.446,70.021,70.761,37,,,,,,,,,,,,,,,,,,,,,,,,,,,,,,,,,,,3,complete,,,,DE,1___fec95811ff8e953b88067a6391001db9_QYFQHENY
2026-09-28 17:36:29,2026-09-28 17:41:57,0,100,328,1,2026-09-28 17:41:57,R_8zPeRu6FSlpOJqC,anonymous,DE,1,FL_EOS_ID,,3,5,1,2,5,4,100,"Mars, Snickers, Duplo, Daim",1.202,11.569,191.935,2,,1,1,,1,1,1,1,1,1,1,1,1,,,,,1,1,,,,1,1,,1,1,1,1,1,1,1,1,1,,,,,1,1,,,,1,,,1,1,1,1,1,1,1,1,1,,,,,1,1,,,1.4,77.199,78.451,65,,,,,,,,,,,,,,,,,,,,,,,,,,,,,,,,,,,3,complete,,,true,DE,1___0b3a20b2193e0005388b6fe2d655e525_QYFQHENY
2026-09-28 17:48:22,2026-09-28 17:48:51,0,100,29,1,2026-09-28 17:48:52,R_2lEhekVegt5p26Z,anonymous,DE,1,FL_38,,3,5,2,9,5,4,63,,,,,,,,,,,,,,,,,,,,,,,,,,,,,,,,,,,,,,,,,,,,,,,,,,,,,,,,,,,,,,,,,,,,,,,,,,,,,,,,,,,,,,,,,,,,,,,,,,,,,,,,,,,,complete,,,,DE,1___c959d02a15eb3e8cc89b21a018657aea_QYFQHENY
2026-09-28 17:48:27,2026-09-28 17:48:56,0,100,28,1,2026-09-28 17:48:56,R_2RtKiniDz5HqVOx,anonymous,DE,0.800000011920929,FL_38,,2,2,1,3,5,6,61,,,,,,,,,,,,,,,,,,,,,,,,,,,,,,,,,,,,,,,,,,,,,,,,,,,,,,,,,,,,,,,,,,,,,,,,,,,,,,,,,,,,,,,,,,,,,,,,,,,,,,,,,,,,complete,,,,DE,1___0fd5ed5b23ebca3ec28873cf0c2c5428_QYFQHENY
2026-09-28 17:48:47,2026-09-28 17:50:40,0,100,113,1,2026-09-28 17:50:40,R_2s4ESaSJyNvhSkY,anonymous,DE,1,FL_EOS_ID,,3,2,2,9,4,4,100,kinder,4.15,4.15,7.478,1,,,,,1,1,1,1,1,,1,1,1,,,,,,,,,,,,,,,,,1,1,1,,,,,,,,1,,,,,,,,1,1,,1,,1,,,,,,,1,1,,,0.871,40.515,41.398,26,,,,,,,,,,,,,,,,,,,,,,,,,,,,,,,,,,,4,complete,,,,DE,1___cc138ca5213fe2eb7e02c82c08ebe0b6_QYFQHENY
2026-09-28 17:48:23,2026-09-28 17:50:50,0,100,146,1,2026-09-28 17:50:50,R_2iloCgfEzrzV4g8,anonymous,DE,0.800000011920929,FL_EOS_ID,,3,4,2,1,6,4,100,"Mars, Snickers, Knoppers, Hanuta, Milka Tender, Kinderriegel, Duplo",0.923,63.802,66.064,8,,1,,,1,1,1,1,1,1,1,1,1,1,,,,1,1,,,,,,,1,,1,,1,,1,,,,,,,,,,,,,,,,,1,,,1,,,,,,,,,,,,1.151,41.018,42.435,42,,,,,,,,,,,,,,,,,,,,,,,,,,,,,,,,,,,1,complete,,,,DE,1___d2dc32a31775fc7098073df4f42456b0_QYFQHENY
2026-09-28 17:49:06,2026-09-28 17:51:10,0,100,123,1,2026-09-28 17:51:10,R_22Pw5bVqtRLG74O,anonymous,DE,1,FL_EOS_ID,,1,5,2,9,3,4,100,Kinderriegel,2.061,17.57,18.339,2,,1,,,1,1,1,1,1,1,,1,1,,,1,,1,1,,,,,,,1,,,,,,,,,,,,,,,,,,1,,,1,,,,,,,,,,,,,,1,,,6.23,39.167,39.928,28,,,,,,,,,,,,,,,,,,,,,,,,,,,,,,,,,,,5,complete,,,,DE,1___63ce0c5b5534f5ab3b487d37bb281813_QYFQHENY
2026-09-28 17:48:26,2026-09-28 17:51:14,0,100,168,1,2026-09-28 17:51:14,R_2gj45WrsEEHOCRW,anonymous,DE,0.5,FL_EOS_ID,,3,5,1,2,4,4,100,"Twitter Mars Duplo ",3.096,3.096,25.415,1,,1,,,1,1,1,1,1,1,,1,1,1,,,,1,1,1,,,,,,1,1,,,1,,,,,,,,,,,1,,,,,,,,1,,,,,,,,,,,,,,,7.501,79.486,80.23,31,,,,,,,,,,,,,,,,,,,,,,,,,,,,,,,,,,,5,complete,,,,DE,1___b0c4435422e76201afcfc0207dcc9f4b_QYFQHENY
2026-09-28 18:01:02,2026-09-28 18:02:53,0,100,110,1,2026-09-28 18:02:53,R_2IN8MXc0spPtB0t,anonymous,DE,1,FL_EOS_ID,,1,2,2,2,4,4,100,"Kinderreigel, Duplo ",1.749,11.938,12.642,3,,1,,,1,1,1,1,1,1,,1,1,1,,,,1,1,,,,,,,,,1,1,1,,,,,,,,,,1,,,,,,,,,1,1,,,,,,,,,,,1,,,0.956,47.887,48.998,32,,,,,,,,,,,,,,,,,,,,,,,,,,,,,,,,,,,4,complete,,,,DE,1___de7b35bf44271be67c7aa34671af9ef1_QYFQHENY
2026-09-28 18:18:34,2026-09-28 18:21:09,0,100,155,1,2026-09-28 18:21:10,R_2UiZX57hNEyEp2x,anonymous,DE,1,FL_EOS_ID,,3,2,1,6,2,2,100,"Snickers twix ",2.1,13.222,13.765,2,,,,,,,1,,1,,,,,,,,,1,1,,,,,,,,,1,,1,,,,,,,,,1,1,,,,,,,,,1,,,1,,,,,,,,1,1,,,5.201,56.441,57.168,26,,,,,,,,,,,,,,,,,,,,,,,,,,,,,,,,,,,3,complete,,,,DE,1___a17b5dbd1d50687dc7af6e4164836605_QYFQHENY
2026-09-28 18:19:15,2026-09-28 18:21:28,0,100,132,1,2026-09-28 18:21:28,R_2dF0QgZMDreONGo,anonymous,DE,1,FL_EOS_ID,,2,4,1,1,5,6,100,Mars snlkers,3.177,3.177,15.443,1,,,,,,,1,,1,1,,1,1,,,,,,,,,,,,,,,,,,,,,1,,,,,,,,,,,,,,,,,,,1,1,,,,,,1,,,,5.301,43.144,45.152,27,,,,,,,,,,,,,,,,,,,,,,,,,,,,,,,,,,,3,complete,,,,DE,1___cb38562ff1bd396f818015324c0cc464_QYFQHENY
2026-09-28 18:39:18,2026-09-28 18:41:10,0,100,111,1,2026-09-28 18:41:11,R_2fcBaEMg5bOy3oK,anonymous,DE,1,FL_EOS_ID,,4,6,2,2,3,3,100,"Milky Way, Lion, Mars, Snickers",1.697,1.697,23.306,1,,1,,,1,1,1,1,1,1,1,1,1,,,,,1,1,,,,1,,,,1,1,1,1,1,1,1,1,,,,,1,1,,,,,,,,,1,,,,,,,,,,,1,1,,,2.221,41.43,43.269,26,,,,,,,,,,,,,,,,,,,,,,,,,,,,,,,,,,,5,complete,,,,DE,1___6fdb2cd2eb20c3182d6e93cdf4ffff16_QYFQHENY
2026-09-28 18:48:46,2026-09-28 18:50:36,0,100,110,1,2026-09-28 18:50:37,R_2KrUyVZnwxU5HkF,anonymous,DE,0.800000011920929,FL_EOS_ID,,6,6,2,9,1,4,100,mars,1.656,1.656,6.856,1,,,,,,,,,,,,1,,,,,,,,,,,,,,,,,,,,,,,,,,,,,,1,,,,,,,,,,,,,,,,,,,,,1,6.83,17.486,18.603,6,,,,,,,,,,,,,,,,,,,,,,,,,,,,,,,,,,,5,complete,,,,DE,1___c67d02bc395a9152e03ff5be99f0a414_QYFQHENY
2026-09-28 19:20:19,2026-09-28 19:22:39,0,100,139,1,2026-09-28 19:22:39,R_2j7EEigiVNkI65E,anonymous,DE,1,FL_EOS_ID,,2,4,1,4,6,4,100,Ritter Sport Mars Snickers Bounty Twix,1.959,11.816,34.102,3,,1,,,1,1,1,1,1,1,,1,1,,,,,1,1,,,,,,,1,,,,1,,,,1,,,,,,,,,,,,,1,,1,,1,,,,1,,,,,,1,,,3.85,56.27,56.901,46,,,,,,,,,,,,,,,,,,,,,,,,,,,,,,,,,,,3,complete,,,,DE,1___08038fb50d5f18ebbec208ccb7a61e05_QYFQHENY
2026-09-28 19:24:53,2026-09-28 19:27:52,0,100,178,1,2026-09-28 19:27:52,R_2COP43JjOsH4LEB,anonymous,DE,1,FL_EOS_ID,,6,6,2,6,7,4,100,"Mars, Snickers",2.657,2.657,20.441,1,,1,,,1,,1,1,1,,,1,1,,,,,1,1,,,,,,,,,,,1,,,,,,,,,,1,,,,,,,,,,,,,,,,,,,,,1,,,3.752,47.569,50.376,15,,,,,,,,,,,,,,,,,,,,,,,,,,,,,,,,,,,1,complete,,,,DE,1___31436234f4f657b514788afa3d7ecb9f_QYFQHENY
2026-09-28 20:51:52,2026-09-28 20:54:36,0,100,163,1,2026-09-28 20:54:37,R_28ICOzvTezsEjbS,anonymous,DE,,FL_EOS_ID,,1,2,2,3,6,7,100,"Genf ",2.115,22.102,22.707,2,,,1,,,,,,,,,1,,,1,,,1,,,,1,,,1,,,,,,,,,1,1,,,1,,,,,,,1,,,,,1,,,,1,,,,,1,1,,1,,2.757,22.882,24.451,26,1,1,1,1,1,1,,1,1,,,94,96,84,94,78,10,10,,,,,,,,,,"toll ",7,10,2.601,16.409,17.209,12,5,error,timeout,,true,DE,1___a9534698b316ee2e44b134b8453e9279_QYFQHENY
2026-09-28 21:33:55,2026-09-28 21:40:58,0,100,422,1,2026-09-28 21:40:59,R_8V2SLSxklVS7Ii1,anonymous,DE,0.8999999761581421,FL_EOS_ID,,4,6,1,7,7,6,100,"Mars
Twix 
Bounty 
",7.868,49.344,50.191,5,,,,,1,,,,,,,1,1,,,,,,1,,,,,,,1,,,,,,1,1,1,,,,,,,,,,,,,,,,,1,,,,,,,,,,,,,5.49,86.771,87.866,36,,,,,,,,,,,,,,,,,,,,,,,,,,,,,,,,,,,4,complete,,,,DE,1___c62bee5de7573101f56deb1a2057025d_QYFQHENY
2026-09-28 21:47:38,2026-09-28 21:51:11,0,100,212,1,2026-09-28 21:51:11,R_272oJKp6LbdwCEF,anonymous,DE,1,FL_EOS_ID,,3,3,2,8,3,4,100,Milka,22.785,24.927,25.723,2,,1,,,,1,1,1,1,1,,1,1,,,,,1,,,,,1,,,,1,1,1,1,,,1,1,,,,,1,,,,,,,,,,,,1,,,,,,,,,,,,,36.995,84.187,84.92,29,,,,,,,,,,,,,,,,,,,,,,,,,,,,,,,,,,,3,complete,,,,DE,1___7387ab5828f1ab313f6b2fb266350c02_QYFQHENY
2026-09-28 23:08:00,2026-09-28 23:10:42,0,100,161,1,2026-09-28 23:10:42,R_8rpEAi0xzYqbjaW,anonymous,DE,1,FL_EOS_ID,,3,6,2,9,3,4,100,"Kinder, Lindt, Milka",3.538,3.538,23.938,1,,1,,,1,1,1,1,1,1,1,1,1,,,,,1,1,,,,,,,1,,1,,1,,,,1,,,,,,1,,,,,,,,,1,,1,,,,,,,,,,1,,,4.749,55.888,56.849,22,,,,,,,,,,,,,,,,,,,,,,,,,,,,,,,,,,,3,complete,,,,DE,1___785e0944c8a6305467343b22defdd239_QYFQHENY
2026-09-28 23:08:34,2026-09-28 23:14:26,0,100,352,1,2026-09-28 23:14:27,R_2fdGXA0XEVhsAPt,anonymous,DE,1,FL_EOS_ID,,4,3,2,7,3,4,100,Ferrero,3.598,3.598,22.327,1,1,1,1,1,1,1,1,1,1,1,1,1,1,1,1,,1,1,1,1,,1,1,1,,1,,1,,1,1,1,,1,1,,,,,,,,1,,,,,,,,1,,,,,1,,,,,,,,3.535,64.482,66.203,42,,,,,,,,1,,,,60,60,-1,26,0,6,5,,,,,,,,,,Zuckerfreie bzw. zuckerreduzierte Schokoladenprodukte.,3,1,5.454,39.075,40.403,9,5,complete,,,,DE,1___28d7149dd908a92e8b956543062ac011_QYFQHENY
2026-09-29 06:54:31,2026-09-29 06:57:31,0,100,179,1,2026-09-29 06:57:31,R_2ulIHCQOsmJBFBv,anonymous,DE,,FL_EOS_ID,,1,2,2,3,6,7,100,"Deluxe ",1.905,13.158,13.86,2,,1,,,,,,1,,,,,,1,,,,1,,,,,,,,,,,,,,,,1,1,,1,,1,,,,1,,,,,,,,,,,1,,,,,,1,,1,,1.327,8.316,8.996,17,,,,,,,,,,,,,,,,,,,,,,,,,,,,,,,,,,,5,error,timeout,,,DE,1___e5c16f7c75511b9125b062c8fb7d7890_QYFQHENY
2026-09-29 06:57:47,2026-09-29 07:02:05,0,100,257,1,2026-09-29 07:02:06,R_8bH8wO1yhrABteO,anonymous,DE,1,FL_EOS_ID,,2,3,2,9,2,7,100,"mars snickers twix bueno bounty ",14.54,14.54,31.992,1,,1,,,1,1,1,1,1,1,1,1,1,,,,1,1,1,,,,1,,,1,1,1,1,1,1,,,1,,,,,,1,,,,1,,,1,,,,,1,,,,,,,,,1,,,25.916,57.187,60.642,28,,,,,,,,,,,,,,,,,,,,,,,,,,,,,,,,,,,3,complete,,,,DE,1___fd749b832b2ba84a67b602454c24290e_QYFQHENY
2026-09-29 08:02:28,2026-09-29 08:05:03,0,100,155,1,2026-09-29 08:05:03,R_2mGYcMKNk6FQT0l,anonymous,DE,1,FL_EOS_ID,,7,6,1,1,4,3,100,"keine - kaufe nach Inhalt, nicht nach Marken/Hersteller",3.506,36.25,44.4,2,,1,,,1,1,1,1,1,1,1,1,1,,,,,,1,,,,,,,,,,,,,,,,,,,,,,,1,,,,,,,,,,,,,,,,,,,,,1,5.449,33.328,34.659,13,,,,,,,,,,,,,,,,,,,,,,,,,,,,,,,,,,,1,complete,,,,DE,1___ced9467d585cab16dfbb25298334bdb1_QYFQHENY
2026-09-29 08:20:17,2026-09-29 08:22:06,0,100,109,1,2026-09-29 08:22:07,R_2dNaVtzhqyUxzmA,anonymous,DE,,FL_EOS_ID,,1,2,2,3,6,6,100,"Deluxe ",3.008,29.157,29.898,2,,,,1,,,,,,,,1,1,,,1,,,,,,,,,,,,1,,,,,,,1,,1,,,,1,,,,1,1,,1,,,,,,,,1,,,,,,,,1.506,10.098,19.41,19,,,,,,,,,,,,,,,,,,,,,,,,,,,,,,,,,,,5,error,timeout,,true,DE,1___87ef893eb4d7040a3026eb82932e5471_QYFQHENY
2026-09-29 09:54:40,2026-09-29 09:56:22,0,100,101,1,2026-09-29 09:56:22,R_2vKyOdBSK3WzkDT,anonymous,DE,,FL_EOS_ID,,1,2,2,3,6,7,100,"Deluxe ",9.769,22.95,23.645,2,,,,,1,1,,,,,,1,,,,,,,,,,,,,,,,,,1,,,,1,,,,,1,,,,,1,,,,,,,1,,,1,,,,,,,1,,,0.906,7.608,8.407,12,,,,,,,,,,,,,,,,,,,,,,,,,,,,,,,,,,,5,error,timeout,,true,DE,1___dbff80012ef278d22412e83bca441719_QYFQHENY
2026-09-29 10:34:20,2026-09-29 10:37:37,0,100,197,1,2026-09-29 10:37:37,R_8cqrqV0T8gGsjAO,anonymous,DE,,FL_EOS_ID,,1,2,2,3,6,6,100,"Deluxe ",4.519,15.527,16.095,2,1,,,,,1,,,,,,,,,,,,,1,1,,,,,,,,,,1,,,,,,,1,,1,,,,,,1,,1,,,,,1,1,,,,,,,,,,,4.205,11.115,11.809,16,,,,,,,,,,,,,,,,,,,,,,,,,,,,,,,,,,,5,error,timeout,,true,DE,1___f1ce8ae221594bd987e4ccf205cda606_QYFQHENY
2026-09-29 11:29:14,2026-09-29 11:31:16,0,100,121,1,2026-09-29 11:31:16,R_8r24oBRcaYHiSrc,anonymous,DE,1,FL_EOS_ID,,3,6,2,1,6,3,100,Mars Milky Way Duplo Snickers,2.837,22.791,31.202,2,,1,,,1,1,1,1,1,1,1,1,1,,,,,1,1,,,,,,,1,,1,1,,,1,1,1,,,,,,1,,,,,,,,,1,1,,,1,,,,,,,,,,,2.408,44.036,45.101,28,,,,,,,,,,,,,,,,,,,,,,,,,,,,,,,,,,,1,complete,,,true,DE,1___375c57d5c890f7edba8256411cc700b1_QYFQHENY
2026-09-29 12:17:37,2026-09-29 12:17:57,0,100,19,1,2026-09-29 12:17:57,R_2CEmzF8u8oi91rV,anonymous,DE,1,FL_38,,3,2,2,2,4,6,31,,,,,,,,,,,,,,,,,,,,,,,,,,,,,,,,,,,,,,,,,,,,,,,,,,,,,,,,,,,,,,,,,,,,,,,,,,,,,,,,,,,,,,,,,,,,,,,,,,,,,,,,,,,,complete,,,,DE,1___7bb17ae6acb0baf475c8b62fa1e730aa_QYFQHENY
2026-09-29 12:17:33,2026-09-29 12:18:02,0,100,29,1,2026-09-29 12:18:02,R_8Epcg5lqDKksxVL,anonymous,DE,1,FL_38,,2,2,2,5,2,6,29,,,,,,,,,,,,,,,,,,,,,,,,,,,,,,,,,,,,,,,,,,,,,,,,,,,,,,,,,,,,,,,,,,,,,,,,,,,,,,,,,,,,,,,,,,,,,,,,,,,,,,,,,,,,complete,,,,DE,1___1f6d84559acf31de6b539d1153d441bf_QYFQHENY
2026-09-29 12:17:55,2026-09-29 12:18:20,0,100,24,1,2026-09-29 12:18:21,R_2NeUPAvPg0jadm1,anonymous,DE,1,FL_38,,2,3,2,2,4,4,44,,,,,,,,,,,,,,,,,,,,,,,,,,,,,,,,,,,,,,,,,,,,,,,,,,,,,,,,,,,,,,,,,,,,,,,,,,,,,,,,,,,,,,,,,,,,,,,,,,,,,,,,,,,,complete,,,,DE,1___59a8a3a91edf79347b7c3b5d4b9a08e5_QYFQHENY
2026-09-29 12:17:57,2026-09-29 12:18:21,0,100,24,1,2026-09-29 12:18:22,R_27KxdUW1tKsbylB,anonymous,DE,1,FL_38,,3,2,1,9,3,6,-27,,,,,,,,,,,,,,,,,,,,,,,,,,,,,,,,,,,,,,,,,,,,,,,,,,,,,,,,,,,,,,,,,,,,,,,,,,,,,,,,,,,,,,,,,,,,,,,,,,,,,,,,,,,,complete,,,,DE,1___e197afce19f4192b70f2c5690b357e85_QYFQHENY
2026-09-29 12:17:49,2026-09-29 12:18:45,0,100,55,1,2026-09-29 12:18:45,R_8cCNGY2TAkQ8mpw,anonymous,DE,1,FL_EOS_ID,,1,5,2,4,4,4,100,"Milka ",0.6,5.499,5.8,2,,,,,,,1,,1,,,1,1,,,,,1,1,,,,1,,,,,,,1,,,1,1,,,,,1,,,,,,,,,,,,1,1,1,1,1,,,,,1,,,,1.256,21.445,21.901,30,,,,,,,,,,,,,,,,,,,,,,,,,,,,,,,,,,,5,complete,,,,DE,1___497bd841b7ef696ffa3a933fd854eb69_QYFQHENY
2026-09-29 12:18:04,2026-09-29 12:18:51,0,100,47,1,2026-09-29 12:18:52,R_8am1cSh4pox9LMZ,anonymous,DE,1,FL_38,,2,3,1,7,3,4,0,,,,,,,,,,,,,,,,,,,,,,,,,,,,,,,,,,,,,,,,,,,,,,,,,,,,,,,,,,,,,,,,,,,,,,,,,,,,,,,,,,,,,,,,,,,,,,,,,,,,,,,,,,,,complete,,,,DE,1___690013f10b060ddb695194b4adf9ab83_QYFQHENY
2026-09-29 12:17:29,2026-09-29 12:18:57,0,100,88,1,2026-09-29 12:18:57,R_2fgcXRTS7QgOpnX,anonymous,DE,1,FL_EOS_ID,,3,6,1,1,2,7,100,"Ferero, Milka ",3.42,3.42,18.449,1,,,,,,,1,,,,,1,1,,,,,,,,,1,,,,1,,,,,,,,,,1,,,,,,,,,,,1,,,,1,,,,1,,,,,,,,,2.801,17.414,18.196,16,,,,,,,,,,,,,,,,,,,,,,,,,,,,,,,,,,,5,complete,,,,DE,1___e8cc68526df354f2dbd67f0a0e04c2e9_QYFQHENY
2026-09-29 12:18:08,2026-09-29 12:19:08,0,100,59,1,2026-09-29 12:19:08,R_8Vxq2j4YHxRUq3b,anonymous,DE,0.5,FL_38,,2,2,1,2,3,5,53,,,,,,,,,,,,,,,,,,,,,,,,,,,,,,,,,,,,,,,,,,,,,,,,,,,,,,,,,,,,,,,,,,,,,,,,,,,,,,,,,,,,,,,,,,,,,,,,,,,,,,,,,,,,complete,,,,DE,1___d9b0ece6213509ff6ea8276f11daa814_QYFQHENY
2026-09-29 12:17:35,2026-09-29 12:19:13,0,100,97,1,2026-09-29 12:19:13,R_2GOhJkDNKifk99I,anonymous,DE,1,FL_EOS_ID,,3,6,1,1,4,2,100,"Snickers
",2.789,13.072,13.967,3,,,,,1,1,,,,,,,1,,,,,,1,,,,,,,,,,,,,,,,,,,,,1,,,,,,,,,,,,,,,,,,,,,1,,,2.017,29.988,31.127,14,,,,,,,,,,,,,,,,,,,,,,,,,,,,,,,,,,,5,complete,,,,DE,1___39de7b00f4f68eca40c29e7f63ebc2a2_QYFQHENY
2026-09-29 12:17:34,2026-09-29 12:19:16,0,100,102,1,2026-09-29 12:19:17,R_2aV3oim4FhhdFTa,anonymous,DE,1,FL_EOS_ID,,2,4,2,3,3,3,100,"Mars 
Baunty
Snikers
Dublo",2.175,2.175,23.164,1,,1,,,1,1,1,1,1,1,1,1,1,,,,,1,1,,,,1,,,1,,1,,1,,,,1,,,,,,,,,,,,,1,,,,,,,,,,,,,,,,,2.228,36.908,37.548,27,,,,,,,,,,,,,,,,,,,,,,,,,,,,,,,,,,,3,complete,,,true,DE,1___4e5e5631e7352415a0449dd4c2b3c1c5_QYFQHENY
2026-09-29 12:17:32,2026-09-29 12:19:18,0,100,106,1,2026-09-29 12:19:19,R_2CUO5KYND7mJo3L,anonymous,DE,1,FL_EOS_ID,,3,2,1,6,2,5,100,"Snickers, KitKat, Twix, Mars, Bounty",0,0,8.728,0,,1,1,1,1,1,1,1,1,1,1,1,1,1,,,,1,1,,,,,,,1,,1,1,1,1,,1,1,,,,,,1,,,,,,,1,,1,1,,,,1,1,,,,,,1,,,15.958,15.987,21.58,29,,,,,,,,,,,,,,,,,,,,,,,,,,,,,,,,,,,2,complete,,,,DE,1___2dc14b3f7298f57a20f6421675b03ad4_QYFQHENY
2026-09-29 12:18:58,2026-09-29 12:19:19,0,100,21,1,2026-09-29 12:19:20,R_8eXM8QxGuzOVbNv,anonymous,DE,1,FL_38,,1,4,2,3,4,6,54,,,,,,,,,,,,,,,,,,,,,,,,,,,,,,,,,,,,,,,,,,,,,,,,,,,,,,,,,,,,,,,,,,,,,,,,,,,,,,,,,,,,,,,,,,,,,,,,,,,,,,,,,,,,complete,,,,DE,1___9a586b1692231c3ad940dd648fbe9c1a_QYFQHENY
2026-09-29 12:18:03,2026-09-29 12:19:20,0,100,76,1,2026-09-29 12:19:20,R_89ne3ul3YBqzQVK,anonymous,DE,1,FL_EOS_ID,,3,3,2,6,4,4,100,"Kinder, Duplo, hanuata",0.833,0.833,9.602,1,,1,,,1,1,1,1,1,1,,1,1,,,,,1,1,,,,,,,,,,,1,1,,,1,,,,,,,,,,,,,,1,1,,1,1,,,1,,,,,,,,,1.495,26.724,27.268,30,,,,,,,,,,,,,,,,,,,,,,,,,,,,,,,,,,,4,complete,,,,DE,1___45364572ba3921645cebbb330052840f_QYFQHENY
2026-09-29 12:17:42,2026-09-29 12:19:23,0,100,101,1,2026-09-29 12:19:23,R_2rPLrKchtQt3X19,anonymous,DE,1,FL_EOS_ID,,6,6,2,6,3,2,100,Bounty,2.867,15.167,15.997,3,,,,,,,,1,,,,1,,,,,,,1,,,,,,,,,,,,,,,,1,,,,,,,,,,,,1,,,,,,,,,,,,,,,,,4.025,36.375,37.4,26,,,,,,,,,,,,,,,,,,,,,,,,,,,,,,,,,,,5,complete,,,,DE,1___d850de67a6b766ce4fd64ba50f4517e4_QYFQHENY
2026-09-29 12:19:08,2026-09-29 12:19:31,0,100,23,1,2026-09-29 12:19:32,R_8ITZF6tqPkJ9x5v,anonymous,DE,1,FL_38,,3,2,2,1,2,3,49,,,,,,,,,,,,,,,,,,,,,,,,,,,,,,,,,,,,,,,,,,,,,,,,,,,,,,,,,,,,,,,,,,,,,,,,,,,,,,,,,,,,,,,,,,,,,,,,,,,,,,,,,,,,complete,,,,DE,1___9df5fada3eb4843513d18257a4da88cf_QYFQHENY
2026-09-29 12:18:04,2026-09-29 12:19:32,0,100,88,1,2026-09-29 12:19:32,R_2ffVn9C6gVpQVvm,anonymous,DE,1,FL_EOS_ID,,5,6,1,2,3,4,100,"Mars ",2.262,8.297,8.946,2,,1,,,1,,,,,,,1,1,,,,,,,,,,,,,,,1,,,,,1,1,,,,,,,,,,,,,,,,,,,,1,1,,,,,,,,,5.018,31.229,31.96,22,,,,,,,,,,,,,,,,,,,,,,,,,,,,,,,,,,,5,complete,,,true,DE,1___3c81e077943ca5562f45465eae92539f_QYFQHENY
2026-09-29 12:18:22,2026-09-29 12:19:32,0,100,70,1,2026-09-29 12:19:33,R_81pslqaUVGdqWpt,anonymous,DE,1,FL_EOS_ID,,2,2,2,8,6,5,100,"Kinder, Mars, Alnatura",1.523,1.523,10.9,1,1,,,,1,1,1,1,1,1,,1,1,1,,,,,1,,,,,,,,,,1,1,1,,,1,,,,,,,,,,,,,,,,,1,,,,1,,,,,,,,,0.699,25.837,26.234,30,,,,,,,,,,,,,,,,,,,,,,,,,,,,,,,,,,,3,complete,,,,DE,1___8fda774fa576c4572ffac09eadd4959a_QYFQHENY
2026-09-29 12:17:26,2026-09-29 12:19:33,0,100,126,1,2026-09-29 12:19:33,R_2aWkYiyLJBNe1MZ,anonymous,DE,1,FL_EOS_ID,,2,4,1,9,3,2,100,Kinder,2.12,2.12,8.477,1,,,,,1,,1,1,1,1,,1,1,,,,,,1,,,,,,,,,,1,1,,,,1,,,,,,,,,,,,,,,1,,1,1,,,,,,,,,1,,,7.13,59.061,59.932,28,,,,,,,,,,,,,,,,,,,,,,,,,,,,,,,,,,,5,complete,,,,DE,1___778a5497d4a069530c7c02b9f701ebc3_QYFQHENY
2026-09-29 12:18:15,2026-09-29 12:19:37,0,100,81,1,2026-09-29 12:19:37,R_8aWZ1imA3rf1nqq,anonymous,DE,1,FL_EOS_ID,,3,2,2,8,4,3,100,"Mars ",2.232,6.529,7.157,3,,,,,1,1,1,1,1,1,,1,1,,,,,1,1,,,,1,,,,,1,1,,1,,1,,,,,,,1,,,,1,1,1,,,,,1,,,,,,,,,,,,,2.649,22.594,23.592,39,,,,,,,,,,,,,,,,,,,,,,,,,,,,,,,,,,,3,complete,,,,DE,1___f29a8206fd3e24f12db2c72284b75d7c_QYFQHENY
2026-09-29 12:17:41,2026-09-29 12:19:37,0,100,116,1,2026-09-29 12:19:38,R_220bmTcnGPxG9Ts,anonymous,DE,1,FL_EOS_ID,,3,5,1,9,5,4,100,"Mars, Twix, Milky Way, Bounty",1.709,25.247,26.266,2,,1,,,1,1,1,1,1,1,1,1,1,,,,,1,1,,,,1,,,1,1,1,1,1,1,,1,1,,,,,1,1,,,,1,,,1,,1,,1,1,,1,1,,,,,,1,,,1.718,48.652,49.384,42,,,,,,,,,,,,,,,,,,,,,,,,,,,,,,,,,,,3,complete,,,,DE,1___2fa809383b97795edee10b1598764fd7_QYFQHENY
2026-09-29 12:17:26,2026-09-29 12:19:42,0,100,135,1,2026-09-29 12:19:42,R_2CV7u5NMMTNXo7Z,anonymous,DE,0.800000011920929,FL_EOS_ID,,4,6,1,7,4,6,100,Mars,1.646,1.646,12.876,1,,1,,,1,1,1,1,1,1,1,1,1,,,,,1,1,,,,,,,,,1,1,,,,,,,,,,,1,,,,,,,,,1,1,,,,,,,,,,,,,,3.575,53.408,54.803,20,,,,,,,,,,,,,,,,,,,,,,,,,,,,,,,,,,,4,complete,,,,DE,1___5e3daebc2378410d8e33ea9edb49c5a1_QYFQHENY
2026-09-29 12:17:18,2026-09-29 12:19:44,0,100,145,1,2026-09-29 12:19:45,R_2zhDBgbJr6LFYjT,anonymous,DE,1,FL_EOS_ID,,4,2,2,6,2,4,100,Snickers Twix Bounty Ferrero,2.217,10.309,29.784,5,1,1,1,,1,1,1,1,1,1,,1,1,,,,1,1,1,,,,1,,,,1,1,1,1,1,,,1,,,,,1,1,,,,,,,,,1,,1,,,,1,,,,,,,,,2.347,70.443,72.945,65,,,,,,,,,,,,,,,,,,,,,,,,,,,,,,,,,,,3,complete,,,,DE,1___7af4e39ec0b4c448e280ee29cbf92ac0_QYFQHENY
2026-09-29 12:19:05,2026-09-29 12:19:46,0,100,40,1,2026-09-29 12:19:46,R_8U2SVeYFXGFd2kz,anonymous,DE,0.8999999761581421,FL_38,,2,2,2,6,1,5,-38,,,,,,,,,,,,,,,,,,,,,,,,,,,,,,,,,,,,,,,,,,,,,,,,,,,,,,,,,,,,,,,,,,,,,,,,,,,,,,,,,,,,,,,,,,,,,,,,,,,,,,,,,,,,complete,,,,DE,1___22e12b9a3c0486a48e6010e9cf42f3a8_QYFQHENY
2026-09-29 12:19:06,2026-09-29 12:19:51,0,100,45,1,2026-09-29 12:19:52,R_2CxUXJvMG1tRFIS,anonymous,DE,0.8999999761581421,FL_38,,6,2,2,8,2,5,-26,,,,,,,,,,,,,,,,,,,,,,,,,,,,,,,,,,,,,,,,,,,,,,,,,,,,,,,,,,,,,,,,,,,,,,,,,,,,,,,,,,,,,,,,,,,,,,,,,,,,,,,,,,,,complete,,,,DE,1___3366b9df71c9c3586e47666264d098d1_QYFQHENY
2026-09-29 12:17:47,2026-09-29 12:19:57,0,100,130,1,2026-09-29 12:19:58,R_8Q8BhCL4y1PEY1z,anonymous,DE,1,FL_EOS_ID,,2,4,1,9,6,6,100,"Duplo
Milka
Kimderriegel
Lion
",2.224,29.117,30.182,2,,1,1,,1,1,1,1,1,1,,1,1,1,,1,1,1,,,,1,1,1,1,1,1,1,1,1,1,1,1,1,1,1,1,1,1,1,1,,,1,,,1,1,1,,1,1,,1,1,,,,,1,1,,,0.086,50.494,51.042,58,,,,,,,,,,,,,,,,,,,,,,,,,,,,,,,,,,,3,complete,,,true,DE,1___65e463355dc4da5f6013bfadd0942e16_QYFQHENY
2026-09-29 12:19:18,2026-09-29 12:19:58,0,100,40,1,2026-09-29 12:19:59,R_8Oc7Bb68AXsVxMB,anonymous,DE,1,FL_38,,4,3,2,2,3,7,48,,,,,,,,,,,,,,,,,,,,,,,,,,,,,,,,,,,,,,,,,,,,,,,,,,,,,,,,,,,,,,,,,,,,,,,,,,,,,,,,,,,,,,,,,,,,,,,,,,,,,,,,,,,,complete,,,,DE,1___24210051158d007278783a57875ea58d_QYFQHENY
2026-09-29 12:17:53,2026-09-29 12:19:59,0,100,126,1,2026-09-29 12:19:59,R_2UXuS4YFb5XUQpF,anonymous,DE,1,FL_EOS_ID,,3,3,1,1,4,7,100,"Twix, Kinder Riegel ",2.756,2.756,20.103,1,,1,,,1,1,1,1,1,1,1,1,1,,,,,1,1,,,,,,,,,,,1,1,,,,,,,,1,,,,,,,,,,,,1,1,,,,,,,,,,,,9.864,44.618,45.504,25,,,,,,,,,,,,,,,,,,,,,,,,,,,,,,,,,,,4,complete,,,,DE,1___5eeef90b4af2c9963483a501f8aff398_QYFQHENY
2026-09-29 12:18:51,2026-09-29 12:20:03,0,100,72,1,2026-09-29 12:20:03,R_20OWSFHdGeznYSB,anonymous,DE,1,FL_EOS_ID,,2,3,1,2,4,6,100,Mercu,1.193,1.193,4.201,1,,,,1,1,1,,1,,,,1,1,,,,,,,,,,1,,,,1,1,1,1,,,,1,,,,,,,,,,,,1,1,,,,,,,1,1,,,,,,,,,0.992,21.653,22.9,38,,,,,,,,,,,,,,,,,,,,,,,,,,,,,,,,,,,3,complete,,,,DE,1___7c3d20d8f96234620d341b72091da38e_QYFQHENY
2026-09-29 12:17:59,2026-09-29 12:20:03,0,100,124,1,2026-09-29 12:20:03,R_2GUlKi6NnkjT1w6,anonymous,DE,0.8999999761581421,FL_EOS_ID,,2,2,2,6,4,5,100,Twix Lion bounty more snickers,1.46,1.46,25.744,1,,1,,,1,1,1,1,1,,,1,1,1,,,,1,1,,,,,,,1,1,1,1,1,1,,1,1,1,,,,1,1,,,,,,,,1,1,1,,,,,1,1,,,,,1,,,1.922,36.62,37.64,32,,,,,,,,,,,,,,,,,,,,,,,,,,,,,,,,,,,5,complete,,,,DE,1___eb37fb4e841c3f58c6118d9cf436147b_QYFQHENY
2026-09-29 12:17:48,2026-09-29 12:20:03,0,100,135,1,2026-09-29 12:20:04,R_2Mri6KMUehLhj2h,anonymous,DE,1,FL_EOS_ID,,5,6,2,7,6,7,100,"Mars
KitKat",2,16.231,18.501,2,,1,,,1,1,1,1,1,1,,1,1,,,,,,1,,,,1,,,1,1,,,1,,,1,,,,,,,,,,,1,,,1,,,,,,,1,,,,,,,,,,3.903,54.617,55.1,31,,,,,,,,,,,,,,,,,,,,,,,,,,,,,,,,,,,4,complete,,,,DE,1___7a4860acf844939be0c4803807ede06f_QYFQHENY
2026-09-29 12:18:41,2026-09-29 12:20:06,0,100,84,1,2026-09-29 12:20:06,R_2WnFSNyfRMVj7fH,anonymous,DE,1,FL_EOS_ID,,3,5,1,9,6,7,100,Mars Snickers,1.243,1.243,8.828,1,,1,,,1,1,1,1,1,1,,1,1,,,,,1,1,,,,,,,,,1,1,1,1,,,,,,,,1,1,,,,,,,1,,1,1,,1,,,1,,,,,1,,,,1.399,33.631,34.452,23,,,,,,,,,,,,,,,,,,,,,,,,,,,,,,,,,,,4,complete,,,,DE,1___218cab534528c5d343b75227a4e9e790_QYFQHENY
2026-09-29 12:17:41,2026-09-29 12:20:07,0,100,146,1,2026-09-29 12:20:08,R_8pEEbQhshRdc2GF,anonymous,DE,1,FL_EOS_ID,,2,3,2,9,2,4,100,"Kinder, Ferrero, knoppers",2.651,2.651,27.449,1,,1,,,1,1,1,1,1,1,,1,1,,,,,1,1,,,,,,,,,1,,1,,,,1,,,,,,,,,,,,,,,1,1,1,,1,1,1,,,,,,,,,1.929,52.956,56.642,32,,,,,,,,,,,,,,,,,,,,,,,,,,,,,,,,,,,3,complete,,,,DE,1___f1dc6951d130e13de314587ad668fd7a_QYFQHENY
2026-09-29 12:18:48,2026-09-29 12:20:10,0,100,82,1,2026-09-29 12:20:11,R_2hpdeqT2SCuEUP7,anonymous,DE,1,FL_EOS_ID,,2,5,2,7,4,5,100,Mars,1.381,4.935,6.102,2,,,,,,,,1,,1,,1,1,,,,,1,1,,,,,,,,,,,,,,1,1,,,,,,1,,,,,,,,,,,,,,1,1,,,,,,1,,,2.173,25.107,25.804,19,,,,,,,,,,,,,,,,,,,,,,,,,,,,,,,,,,,2,complete,,,,DE,1___0a4a49a29a2b538f32f7d83b7ed8f4f2_QYFQHENY
2026-09-29 12:19:02,2026-09-29 12:20:12,0,100,69,1,2026-09-29 12:20:13,R_2xyl76BvmImwP0R,anonymous,DE,1,FL_EOS_ID,,2,3,2,7,6,6,100,"Milka ",1.139,1.139,4.019,1,1,,,,,,,1,1,,,,1,1,,,,,1,,,1,,,,,,,,,,,,1,,,,,,,,,,,,,,,,1,,,,,1,1,,,,,,,,2.706,23.858,24.631,14,,,,,,,,,,,,,,,,,,,,,,,,,,,,,,,,,,,4,complete,,,,DE,1___bd0aa5684e9f5b75b3f0f18b226a54bd_QYFQHENY
2026-09-29 12:18:07,2026-09-29 12:20:14,0,100,126,1,2026-09-29 12:20:14,R_2F2Es7tPvrXJ99D,anonymous,DE,1,FL_EOS_ID,,3,4,1,3,4,4,100,Mars,2.546,2.546,7.836,1,,1,,,1,1,1,1,1,1,,1,1,,,,,,1,,,,,,,,,,,,,,1,1,,,,,,,,,,,,,,,,,,,,1,,,,,,,,,,2.978,43.968,45.404,48,,,,,,,,,,,,,,,,,,,,,,,,,,,,,,,,,,,5,complete,,,,DE,1___9dc8b3dd2b30244acace88bef4203260_QYFQHENY
2026-09-29 12:18:43,2026-09-29 12:20:18,0,100,94,1,2026-09-29 12:20:18,R_8t44qtXzCgroje1,anonymous,DE,0.699999988079071,FL_EOS_ID,,5,4,2,4,2,3,100,Kinderschokolade,3.203,3.203,13.631,1,,1,,,1,1,1,1,1,1,,1,1,1,,,,,1,,,,,,,,,1,,1,1,,,1,,,,,,,,,,,,,,,,,,,,,,,,,,,,,1,2.334,25.241,25.851,22,,,,,,,,,,,,,,,,,,,,,,,,,,,,,,,,,,,5,complete,,,,DE,1___6b813e99f178ef2fef14c86a02e4d2cf_QYFQHENY
2026-09-29 12:18:52,2026-09-29 12:20:18,0,100,86,1,2026-09-29 12:20:19,R_2V9pqISuHaSJAyO,anonymous,DE,1,FL_EOS_ID,,6,5,1,7,4,3,100,"Snickers ",1.965,8.943,9.558,2,,,,,1,1,1,1,1,1,1,1,,,,,,1,1,,,,,,,,,,,,,1,,,,,,,,,,,,,,,1,1,,,,,,,,,,,,,,,,1.836,35.579,36.201,26,,,,,,,,,,,,,,,,,,,,,,,,,,,,,,,,,,,4,complete,,,,DE,1___dc248005566e522a7761e1e90017f231_QYFQHENY
2026-09-29 12:19:55,2026-09-29 12:20:19,0,100,23,1,2026-09-29 12:20:19,R_8opxOPKZZtWCbUW,anonymous,DE,1,FL_38,,3,3,2,3,2,3,59,,,,,,,,,,,,,,,,,,,,,,,,,,,,,,,,,,,,,,,,,,,,,,,,,,,,,,,,,,,,,,,,,,,,,,,,,,,,,,,,,,,,,,,,,,,,,,,,,,,,,,,,,,,,complete,,,,DE,1___3f958d80d12a327a3de0f271f0991ac6_QYFQHENY
2026-09-29 12:18:43,2026-09-29 12:20:21,0,100,97,1,2026-09-29 12:20:22,R_85x509Zd4TmUH2V,anonymous,DE,1,FL_EOS_ID,,3,2,1,9,3,2,100,"Snickers Milka Marks bounty ",1.966,1.966,27.613,1,,,,,1,1,,,1,,,1,1,,,,,1,1,,,,,,,,1,,,,1,,,1,,,,,,,,,,,,,,1,,,,,,1,1,,,,,,1,,,1.792,25.471,26.103,24,,,,,,,,,,,,,,,,,,,,,,,,,,,,,,,,,,,3,complete,,,,DE,1___f9627e821b7853547fbd716ccc34ea43_QYFQHENY
2026-09-29 12:19:02,2026-09-29 12:20:26,0,100,83,1,2026-09-29 12:20:27,R_2dQvhwYHdH4aJtx,anonymous,DE,1,FL_EOS_ID,,3,2,2,2,3,3,100,"Kinder Schokolade ",1.577,5.399,8.789,2,1,,,,1,1,,1,1,1,,1,,1,,1,,1,1,,,1,1,,,1,1,1,1,1,1,,1,1,,,1,,1,1,,,,,,,1,,1,,1,1,,,1,,,,,1,,,,1.129,35.727,36.479,43,,,,,,,,,,,,,,,,,,,,,,,,,,,,,,,,,,,3,complete,,,,DE,1___211db1fbb8ddfc570c445600c07424d5_QYFQHENY
2026-09-29 12:20:03,2026-09-29 12:20:29,0,100,26,1,2026-09-29 12:20:30,R_8syRsLNgrDbGbGo,anonymous,DE,0.6000000238418579,FL_38,,1,4,1,8,3,4,56,,,,,,,,,,,,,,,,,,,,,,,,,,,,,,,,,,,,,,,,,,,,,,,,,,,,,,,,,,,,,,,,,,,,,,,,,,,,,,,,,,,,,,,,,,,,,,,,,,,,,,,,,,,,complete,,,,DE,1___18760d64e0e807fd02dc0ff549c20c8b_QYFQHENY
2026-09-29 12:18:21,2026-09-29 12:20:29,0,100,127,1,2026-09-29 12:20:30,R_2cvnlNi7HcQYSLj,anonymous,DE,1,FL_EOS_ID,,3,4,2,6,4,4,100,"Milka, Ferrero, Mars, schigetten, Kinder",2.021,2.021,31.221,1,,1,1,1,1,1,1,1,1,1,1,1,1,1,,,,1,1,,,,1,1,1,1,1,1,1,1,1,1,1,1,1,,,,1,1,,,,,,,1,,,,1,1,,1,1,,,,,,1,,,2.557,58.912,59.451,56,,,,,,,,,,,,,,,,,,,,,,,,,,,,,,,,,,,3,complete,,,true,DE,1___76a52b56b562dece61eb351b33a0741b_QYFQHENY
2026-09-29 12:18:50,2026-09-29 12:20:34,0,100,104,1,2026-09-29 12:20:35,R_8BgFmKt31XO2rHD,anonymous,DE,1,FL_EOS_ID,,4,4,1,6,6,6,100,"Snickers, Mars, Twix, Merci",1.49,1.49,15.064,1,,1,,,1,1,1,1,,1,,1,1,,,,,1,1,,,,,,,,,,,1,,,,,,,,,,1,,,,,,,,,,,,,,,1,,,,,,1,,,1.585,41.082,41.969,26,,,,,,,,,,,,,,,,,,,,,,,,,,,,,,,,,,,2,complete,,,,DE,1___5f9ccaf80e571b5891e80fc30d6ed0b8_QYFQHENY
2026-09-29 12:18:51,2026-09-29 12:20:37,0,100,106,1,2026-09-29 12:20:38,R_8Izv1ULlXkTlrC3,anonymous,DE,1,FL_EOS_ID,,4,5,2,7,4,4,100,"Milka, Ritter Sport, Sarotti, Eszet usw.",1.413,1.413,22.4,1,,1,,,1,1,1,1,1,1,1,1,1,,,,,1,1,,,,,,,1,,,,,1,,,1,,,,,,,,,,,,,,,,,,1,,,1,,,,,,,,,3.45,38.26,38.976,24,,,,,,,,,,,,,,,,,,,,,,,,,,,,,,,,,,,2,complete,,,,DE,1___e07c2e5fe6a050e0f05646c5f4b82283_QYFQHENY
2026-09-29 12:18:53,2026-09-29 12:20:39,0,100,105,1,2026-09-29 12:20:39,R_8Ork3PYgWNJGA85,anonymous,DE,1,FL_EOS_ID,,2,3,2,7,4,6,100,"Kinder ",1.705,1.705,4.747,1,1,1,1,1,1,1,1,1,1,1,1,1,1,1,,,,1,1,,,1,1,1,1,1,1,1,,1,1,1,1,1,1,,,,1,1,,,1,1,1,1,1,1,1,1,1,1,1,1,1,1,,,,1,1,,,1.217,48.899,49.386,105,,,,,,,,,,,,,,,,,,,,,,,,,,,,,,,,,,,4,complete,,,,DE,1___644f3f8a4feffb7c6f810be099870daf_QYFQHENY
2026-09-29 12:18:42,2026-09-29 12:20:41,0,100,118,1,2026-09-29 12:20:41,R_2G6rGOlifPwmcw1,anonymous,DE,0.8999999761581421,FL_EOS_ID,,2,2,2,6,5,4,100,"Kinderriegel
Duplo
Mars
Twix",1.269,1.269,26.03,1,,1,1,,1,1,1,1,1,,,1,1,1,,,,1,1,,,,,,,,1,1,1,,,,,1,,,,,1,1,,,,,,,,1,,,1,,,1,1,,,,,,1,,,2.131,29.931,30.475,28,,,,,,,,,,,,,,,,,,,,,,,,,,,,,,,,,,,3,complete,,,,DE,1___b88bf80a90788d2cdb8940a9bfa43e3b_QYFQHENY
2026-09-29 12:17:54,2026-09-29 12:20:42,0,100,167,1,2026-09-29 12:20:42,R_8uP2mIVpZqC44aN,anonymous,DE,1,FL_EOS_ID,,4,5,2,7,2,3,100,"Snickers,Mars,Ballisto,Kitkat",4.376,4.376,34.38,1,,1,,,1,1,1,1,1,1,1,1,1,1,,,,1,1,,,,1,,1,,1,1,1,1,1,1,1,1,1,1,,,1,1,,,,1,,,,1,,,1,1,,,,1,,,,,1,,,4.015,82.836,83.769,52,,,,,,,,,,,,,,,,,,,,,,,,,,,,,,,,,,,4,complete,,,,DE,1___b0a943f46a59669420ff6ad9fc5aae8f_QYFQHENY
2026-09-29 12:18:24,2026-09-29 12:20:43,0,100,138,1,2026-09-29 12:20:43,R_8rHs9JWcCS46Q0w,anonymous,DE,1,FL_EOS_ID,,4,6,1,6,3,3,100,"Kinderschokolade ",2,23.624,24.3,2,,1,,,1,1,1,1,,1,,,1,,,,,,1,,,,,,,,,1,,,,,,1,,,,,,1,,,,,,,,,1,1,1,,,,1,,,,,,,,,3.217,45.738,46.514,25,,,,,,,,,,,,,,,,,,,,,,,,,,,,,,,,,,,4,complete,,,,DE,1___caab479325be4961f8865ccef04ca214_QYFQHENY
2026-09-29 12:18:56,2026-09-29 12:20:48,0,100,111,1,2026-09-29 12:20:48,R_8rrpVs2FvzdSwxp,anonymous,DE,1,FL_EOS_ID,,5,3,1,2,4,6,100,"Duplo, Mars, Bounty ",1.971,15.368,16.064,2,,1,,,1,1,1,1,1,1,1,1,1,,,,,1,1,,,,1,,,,1,1,1,,1,,,,,,,,1,1,,,,,,,,1,,,,,,,,,,,,,,,,1.559,41.1,41.671,26,,,,,,,,,,,,,,,,,,,,,,,,,,,,,,,,,,,3,complete,,,true,DE,1___f3762be3e7dca9f3ecae4e90a9451fce_QYFQHENY
2026-09-29 12:18:03,2026-09-29 12:20:48,0,100,164,1,2026-09-29 12:20:48,R_82XNufj0QDXBuVJ,anonymous,DE,1,FL_EOS_ID,,2,4,1,9,4,5,100,"Mars, Ritter Sport, Twix",1.901,1.901,20.959,1,,1,,,1,1,1,1,1,1,,1,1,,,,,1,1,,,,,,,,,1,1,,,,1,1,,,,,,,,,,,,,,,,,,1,,1,1,,,,,,1,,,8.227,60.41,61.211,28,,,,,,,,,,,,,,,,,,,,,,,,,,,,,,,,,,,4,complete,,,,DE,1___5d99d3d9fbcb0bd9d2aa203ed441480f_QYFQHENY
2026-09-29 12:18:20,2026-09-29 12:20:49,0,100,148,1,2026-09-29 12:20:49,R_2zeI1xwXeFiJALC,anonymous,DE,1,FL_EOS_ID,,3,6,1,9,2,4,100,"Milka, Lindt, Ritter",2.411,2.411,33.196,1,,1,,,1,1,1,1,1,1,1,1,1,,,1,,1,1,1,,,,,,,,,,,,,,,,,,,,,,1,,,,,,,,,,,,,,,,,,,,,1,3.751,44.998,47.4,18,,,,,,,,,,,,,,,,,,,,,,,,,,,,,,,,,,,5,complete,,,,DE,1___469b8ff7e6eb1b21766d265c38c85f2f_QYFQHENY
2026-09-29 12:18:53,2026-09-29 12:20:50,0,100,117,1,2026-09-29 12:20:51,R_8A10Dmtg22dYQyN,anonymous,DE,1,FL_EOS_ID,,3,2,1,7,7,5,100,"Nussknacker
Lindt",1.279,1.279,14.802,1,,,,,1,,1,,1,1,1,1,1,,,,,1,1,,,,,,,,,,,1,,,,,,,,,,,,,,,,,,,,,1,,,,1,,,,,,1,,,0.596,42.618,43.191,29,,,,,,,,,,,,,,,,,,,,,,,,,,,,,,,,,,,5,complete,,,,DE,1___49c4c4f5c099af0d6238f3975d829236_QYFQHENY
2026-09-29 12:19:24,2026-09-29 12:20:54,0,100,89,1,2026-09-29 12:20:54,R_8z8gNOH1A7Si1uW,anonymous,DE,1,FL_EOS_ID,,3,5,1,6,5,6,100,Snickers twic,3.017,3.017,15.031,1,,,,,1,,1,,,,,,,,,,,,1,,,,,,,,,1,,,,1,,,,,,,,1,,,,,,,,,,,,,1,,,,,,,,1,,,3.693,24.543000000000003,25.118000000000002,11,,,,,,,,,,,,,,,,,,,,,,,,,,,,,,,,,,,3,complete,,,,DE,1___f00e4321c6cc8500dbcd3d276661b115_QYFQHENY
2026-09-29 12:18:57,2026-09-29 12:20:59,0,100,122,1,2026-09-29 12:20:59,R_8qpSmg6mHr6eM4b,anonymous,DE,0.8999999761581421,FL_EOS_ID,,2,4,2,9,4,4,100,"Duplo,Kinderlieder, Mars, snickers",1.893,27.658,28.1,2,,1,,,1,1,1,1,1,1,1,1,1,1,,,,1,1,,,,1,,,,1,1,1,1,1,,,,,,,,,,,,,1,,,,1,1,1,,1,,1,,,,,,,,,,2.502,48.759,50.717,37,,,,,,,,,,,,,,,,,,,,,,,,,,,,,,,,,,,3,complete,,,,DE,1___27253114d5b78cdd3e79c1c687b21677_QYFQHENY
2026-09-29 12:20:22,2026-09-29 12:20:59,0,100,36,1,2026-09-29 12:20:59,R_8myMXNwtzVanJpU,anonymous,DE,1,FL_EOS_ID,,1,2,1,4,2,2,100,Nike,1.028,1.028,3.001,1,,1,,,,1,,,,1,1,,,,,,,,,,,1,1,,,,1,,,,,1,,,,,,,,,,,1,,,,,,,,1,,,,,,,,,,,1,,0.792,4.8,5.466,17,,,,,,,,,,,,,,,,,,,,,,,,,,,,,,,,,,,3,complete,,,,DE,1___a6e7dc551b65bc97d33c7b902a1b6cce_QYFQHENY
2026-09-29 12:19:11,2026-09-29 12:21:00,0,100,108,1,2026-09-29 12:21:00,R_83q1gF9JXL9u57r,anonymous,DE,1,FL_EOS_ID,,2,3,2,7,2,4,100,Die Firma Ferrero.,1.764,1.764,19.073,1,,1,,,1,1,1,1,1,1,,1,1,1,,,,1,1,,,,1,,,,,1,1,,,,,,,,,,,,,,,1,,,1,1,1,1,,,,1,1,,,,,,1,,,3.14,45.653,46.357,46,,,,,,,,,,,,,,,,,,,,,,,,,,,,,,,,,,,3,complete,,,,DE,1___09317b8ab05f42178c79d1ea2df5320c_QYFQHENY
2026-09-29 12:19:25,2026-09-29 12:21:00,0,100,94,1,2026-09-29 12:21:01,R_2U4bDg7xShDyvLm,anonymous,DE,1,FL_EOS_ID,,2,3,1,2,5,5,100,"Milka, Raffaels",0.849,0.849,15.498,1,,1,,1,,1,1,1,,1,1,1,,1,,1,,1,1,,,,1,1,,1,1,1,1,1,1,1,1,1,1,,1,,1,1,,,,1,,,1,1,1,1,1,1,1,,1,1,,,,1,1,,,0.877,53.43,54.795,109,,,,,,,,,,,,,,,,,,,,,,,,,,,,,,,,,,,5,complete,,,,DE,1___2451d999da048fb7a1e57fc22503b40f_QYFQHENY
2026-09-29 12:19:32,2026-09-29 12:21:05,0,100,92,1,2026-09-29 12:21:05,R_2fdAfEdw15PAuRl,anonymous,DE,0.800000011920929,FL_EOS_ID,,4,5,1,2,5,4,99,"Kinder 
",3.145,12.116,12.587,2,,1,,,1,1,1,1,1,1,1,1,1,,,,,1,1,,,,1,,,1,,,1,1,1,,1,1,,,,,1,1,,,,,,,1,,1,,,,,,,,,,,,1,,,2.045,40.939,41.559,36,,,,,,,,,,,,,,,,,,,,,,,,,,,,,,,,,,,1,complete,,,,DE,1___3d8689de35317604966d4c809a6b6663_QYFQHENY
2026-09-29 12:18:57,2026-09-29 12:21:08,0,100,130,1,2026-09-29 12:21:08,R_8lo6WX26gZ9EG5W,anonymous,DE,1,FL_EOS_ID,,4,3,2,9,5,5,100,"Kinderriegel
Buenos
Duplo
Mars",1.4,1.4,19.056,1,,1,,,1,1,1,1,1,1,,1,1,,,,,1,1,,,,1,,,1,1,1,1,1,1,,1,1,,,,,1,1,,,,1,,,,,,,1,,,,,,,,,1,,,,3.901,32.838,35.89,27,,,,,,,,,,,,,,,,,,,,,,,,,,,,,,,,,,,3,complete,,,,DE,1___9445680c25a90968d93f6b1a63b9833e_QYFQHENY
2026-09-29 12:18:06,2026-09-29 12:21:09,0,100,182,1,2026-09-29 12:21:10,R_2pS84ilGYl10bsy,anonymous,DE,1,FL_EOS_ID,,4,6,2,7,4,6,100,"Milkyway twix, raider, Snickers Mars Bounty ",3.239,34.401,43.207,3,,1,,,1,1,1,1,1,1,1,1,1,,,,,1,1,,,,1,,,1,1,1,1,,,1,1,,,,,,,1,,,,1,,,1,1,,1,,1,1,,,,,,,,1,,,3.512,64.561,68.647,48,,,,,,,,,,,,,,,,,,,,,,,,,,,,,,,,,,,5,complete,,,,DE,1___3ce09ceadefdfbb735b66621b4f51a7f_QYFQHENY
2026-09-29 12:19:35,2026-09-29 12:21:11,0,100,95,1,2026-09-29 12:21:11,R_8YMsYMv6v5PfJ8H,anonymous,DE,1,FL_EOS_ID,,4,2,1,9,3,4,100,"Kinder ",1.589,5.96,6.948,2,,1,,,,,,1,1,1,,1,1,,,,,1,1,,,,,,,1,1,1,1,1,1,,1,1,,,,,1,1,,,,,,,,,,,,1,,,,,,,,1,,,,3.334,34.872,36.144,31,,,,,,,,,,,,,,,,,,,,,,,,,,,,,,,,,,,2,complete,,,,DE,1___015805066e27166edd87acf0f6df910f_QYFQHENY
2026-09-29 12:20:13,2026-09-29 12:21:13,0,100,59,1,2026-09-29 12:21:13,R_8GxHKkBvp0RxvRA,anonymous,DE,1,FL_EOS_ID,,2,4,2,2,3,4,100,Milka,1.435,1.435,5.733,1,,,,,,,1,,,,,,,,,,,,1,,,,,,,,,,,,1,,,,,,,,,1,,,,,,,,,,,,,,,1,,,,,,,,,1.674,15.961,17.589,16,,,,,,,,,,,,,,,,,,,,,,,,,,,,,,,,,,,5,complete,,,,DE,1___0f3551f9fb644e3f693319e043b81b4c_QYFQHENY
2026-09-29 12:19:32,2026-09-29 12:21:14,0,100,102,1,2026-09-29 12:21:15,R_28XSmHCondaWsKt,anonymous,DE,1,FL_EOS_ID,,4,2,2,7,3,5,100,Kinder Schokolade,1.79,11.781,12.177,5,,,,,1,1,1,1,,1,,1,1,1,,,,1,1,,,,,,,,,,,1,1,,,,,,,,,,,,,,,,,,,,,,,,,,,,,,,,1,2.333,33.769,36.087,25,,,,,,,,,,,,,,,,,,,,,,,,,,,,,,,,,,,5,complete,,,,DE,1___7ab751d50002067e8eb918917611e7be_QYFQHENY
2026-09-29 12:19:35,2026-09-29 12:21:18,0,100,103,1,2026-09-29 12:21:18,R_2EsCbGPXwGoqPgI,anonymous,DE,1,FL_EOS_ID,,2,2,2,7,3,3,100,"Snickers,Mars,Knoppers",0.901,0.901,12.29,1,,1,,,1,1,1,1,1,1,,1,1,,,1,,1,1,,,,1,,,,,1,,,1,,,1,,,,,1,,,,,1,,,,,,,,1,,1,,,,,,1,,,,2.779,34.211,35.842,56,,,,,,,,,,,,,,,,,,,,,,,,,,,,,,,,,,,3,complete,,,,DE,1___5889fd7811d53e9f5e1458f57a4dcba2_QYFQHENY
2026-09-29 12:20:54,2026-09-29 12:21:19,0,100,24,1,2026-09-29 12:21:19,R_8dM2SCXIGsX6ic8,anonymous,DE,1,FL_38,,1,2,1,3,4,5,76,,,,,,,,,,,,,,,,,,,,,,,,,,,,,,,,,,,,,,,,,,,,,,,,,,,,,,,,,,,,,,,,,,,,,,,,,,,,,,,,,,,,,,,,,,,,,,,,,,,,,,,,,,,,complete,,,true,DE,1___14327d3e03d92acf66e9d4df58ffdce9_QYFQHENY
2026-09-29 12:19:50,2026-09-29 12:21:21,0,100,90,1,2026-09-29 12:21:21,R_2UCYjjVWLdfgCTD,anonymous,DE,1,FL_EOS_ID,,2,4,2,3,4,6,100,Lindt,1.208,1.208,6.246,1,,,,,1,1,1,1,1,1,,1,1,,,1,,1,1,,,,,,,1,,1,,1,1,,1,1,,,,,1,1,,,,,,,1,,1,1,1,1,,,,,,,,1,1,,,3.375,43.283,44.384,61,,,,,,,,,,,,,,,,,,,,,,,,,,,,,,,,,,,3,complete,,,,DE,1___8cd813424d5b93fa6997c41aebcad6cb_QYFQHENY
2026-09-29 12:20:01,2026-09-29 12:21:22,0,100,80,1,2026-09-29 12:21:22,R_20cPqT4bfUdd2RW,anonymous,DE,0.8999999761581421,FL_EOS_ID,,4,4,1,2,3,7,100,Twix,2.044,2.044,5.89,1,,1,,,1,,1,1,1,1,1,,1,,,,,,1,,,,,,,,,,1,,1,1,,1,,,,,,,,,,,,,,,,,,1,1,,,,,,,,,,,3.059,29.761,31.2,15,,,,,,,,,,,,,,,,,,,,,,,,,,,,,,,,,,,4,complete,,,,DE,1___00e710f326358978ad7652e4cd5331e6_QYFQHENY
2026-09-29 12:19:24,2026-09-29 12:21:23,0,100,118,1,2026-09-29 12:21:24,R_8Fg6EF0Ygr7lCaR,anonymous,DE,0.5,FL_EOS_ID,,4,6,2,1,3,4,100,"Snickers Mars ",3.846,3.846,13.629,1,,1,,,1,1,1,1,1,1,1,1,1,1,,,,,1,,,,,,,,,1,1,,,1,,,,,,,,1,,,,,,,,,1,,,,1,,,,,,,,,,,4.295,62.394,63.674,24,,,,,,,,,,,,,,,,,,,,,,,,,,,,,,,,,,,5,complete,,,,DE,1___7ced0ae8d2238de08418eb2e1a694055_QYFQHENY
2026-09-29 12:18:48,2026-09-29 12:21:26,0,100,158,1,2026-09-29 12:21:27,R_85z6fqFyDeWgri1,anonymous,DE,1,FL_EOS_ID,,3,2,2,6,4,6,100,Kinder,0.813,0.813,8.1,1,,1,,,1,1,1,1,1,1,1,1,1,1,1,,,1,1,,,,1,,,,,,,1,1,,,,1,,,,1,1,,,,,,,,,,,1,,,,,1,,,,,,,,1.25,42.981,43.891,31,,,,1,,,,,,,,1,27,39,-2,18,5,2,,,,,,,,,,Kenne ich nicht,3,2,1.552,20.14,21.418,9,4,complete,,,,DE,1___8ce7d7126fdbf95c6ac5975cc8b11b6f_QYFQHENY
2026-09-29 12:21:04,2026-09-29 12:21:27,0,100,23,1,2026-09-29 12:21:27,R_2ESgyaRekplvH9p,anonymous,DE,1,FL_38,,2,2,1,2,2,5,20,,,,,,,,,,,,,,,,,,,,,,,,,,,,,,,,,,,,,,,,,,,,,,,,,,,,,,,,,,,,,,,,,,,,,,,,,,,,,,,,,,,,,,,,,,,,,,,,,,,,,,,,,,,,complete,,,,DE,1___337704dd3eeed8f15e1cfbc9965f30ff_QYFQHENY
2026-09-29 12:19:59,2026-09-29 12:21:32,0,100,93,1,2026-09-29 12:21:33,R_2zeCigS12zIC7JX,anonymous,DE,0.5,FL_EOS_ID,,5,3,1,1,4,4,100,Mars,1.401,1.401,4.295,1,,,,,,,,,1,,,1,1,,,,,,1,,,,,,,,,,,1,,,,,,,,,,,,,,,,,,,,,1,,,,1,,,,,,1,,,5.172,33.260000000000005,34.491,13,,,,,,,,,,,,,,,,,,,,,,,,,,,,,,,,,,,2,complete,,,,DE,1___8345baaa7f14d0e3d1825fa505b45d9c_QYFQHENY
2026-09-29 12:20:19,2026-09-29 12:21:33,0,100,74,1,2026-09-29 12:21:34,R_2FKA4DX77Snessx,anonymous,DE,0.8999999761581421,FL_EOS_ID,,1,3,1,9,6,6,100,Milka,0.931,3.696,4.954,2,,,,,,1,1,,1,1,,1,1,,,,,,1,,,,,,,,,1,,1,,,,1,,,,,,1,,,,,,,,1,1,,,,,1,1,,,,,,,,,1.463,24.083,24.7,20,,,,,,,,,,,,,,,,,,,,,,,,,,,,,,,,,,,5,complete,,,,DE,1___174336f0f022594e6a7a2b52d33143cf_QYFQHENY
2026-09-29 12:17:51,2026-09-29 12:21:34,0,100,223,1,2026-09-29 12:21:34,R_8j7ZzxW0pMEPRYt,anonymous,DE,0.699999988079071,FL_EOS_ID,,3,3,2,9,4,4,100,"Twix Mars snickers
",4.401,4.401,13.981,1,,1,,,1,1,1,1,1,1,1,1,1,,,,,1,1,,,,,,,,,,,1,,,,1,,,,,,,,,,,,,,,1,,1,,,,1,,,,,,1,,,4.243,50.976,51.675,37,,,,,,,,,,,,,,,,,,,,,,,,,,,,,,,,,,,3,complete,,,,DE,1___f250b86e6f47d78bc8de8cc5ce0dea75_QYFQHENY
2026-09-29 12:18:15,2026-09-29 12:21:36,0,100,201,1,2026-09-29 12:21:36,R_8yV439NK8mqpfyh,anonymous,DE,1,FL_EOS_ID,,4,6,1,1,4,5,100,"Mars, Milky Way, Snickers, Bounty, Lion, Knoppers, Hanuta, Duplo, KitKat",2.181,2.181,97.586,1,,1,,,1,1,1,1,1,1,1,1,1,,,,,1,1,,,,,,,1,,,,,,,1,,,,,,,1,,,,,,,,,,1,,1,,,,,,,,,1,,,4.109,55.07,58.174,20,,,,,,,,,,,,,,,,,,,,,,,,,,,,,,,,,,,4,complete,,,,DE,1___e2c412383c6508abb06c8f624335e329_QYFQHENY
2026-09-29 12:19:58,2026-09-29 12:21:37,0,100,98,1,2026-09-29 12:21:37,R_22Pxf9W9QNwljpy,anonymous,DE,0.8999999761581421,FL_EOS_ID,,2,6,2,7,4,6,100,"Lindt ",1.997,10.78,11.262,3,,1,,,1,1,1,1,1,1,1,1,1,,,,,,1,,,,1,,,1,1,1,,,1,,1,1,1,,,,,1,,,,1,,,1,1,1,,,,,1,1,,,,,,1,,,2.024,46.405,47.099,36,,,,,,,,,,,,,,,,,,,,,,,,,,,,,,,,,,,3,complete,,,,DE,1___e446e3092d222498e941397d2abc9f2b_QYFQHENY
2026-09-29 12:19:59,2026-09-29 12:21:38,0,100,98,1,2026-09-29 12:21:38,R_2wHvb7YBSlXkdhD,anonymous,DE,1,FL_EOS_ID,,3,3,2,9,2,3,100,Kinder riegel,2.162,2.162,11.396,1,1,1,,,1,1,1,1,1,1,,1,1,1,,,,1,1,,,,,,,,,,,1,1,,,,,,,,,,,,,,,,,,1,,1,,,,,,,,,,,,,5.736,34.439,35.164,24,,,,,,,,,,,,,,,,,,,,,,,,,,,,,,,,,,,4,complete,,,,DE,1___135b63453e4ebaa018496c5fd62a2fdd_QYFQHENY
2026-09-29 12:19:40,2026-09-29 12:21:38,0,100,118,1,2026-09-29 12:21:39,R_2EsmCs2DeaBx7in,anonymous,DE,1,FL_EOS_ID,,3,3,1,1,3,5,100,"Milka, Lindt, Storch",1.6,1.6,36.043,1,,1,1,,1,,1,1,1,1,,1,1,,,,,1,1,,,,,,,,,,,1,,,1,1,,,,,1,,,,,,,,,,,,1,,,,1,,,,,,,,,4.501,44.22,44.85,31,,,,,,,,,,,,,,,,,,,,,,,,,,,,,,,,,,,4,complete,,,,DE,1___4916cbfcfc99bf6b695a81383c6685d0_QYFQHENY
2026-09-29 12:19:39,2026-09-29 12:21:38,0,100,119,1,2026-09-29 12:21:39,R_2svUuTPzTDz6F0v,anonymous,DE,0.6000000238418579,FL_EOS_ID,,2,3,2,1,1,6,100,Mars,3.056,3.056,10.804,1,,1,,,1,,1,1,1,1,,1,1,,,,,1,1,,,,1,,,1,,1,1,1,1,,1,1,,,,,,1,,,,,,,1,1,,1,,1,,1,1,,,,,1,1,,,1.415,64.572,65.903,42,,,,,,,,,,,,,,,,,,,,,,,,,,,,,,,,,,,5,complete,,,,DE,1___cb51f6e0c5cdbeb433bd7e9c8927e704_QYFQHENY
2026-09-29 12:19:43,2026-09-29 12:21:39,0,100,115,1,2026-09-29 12:21:40,R_2RjUnydhua1Y3s4,anonymous,DE,1,FL_EOS_ID,,4,4,1,7,2,7,100,"Duplo, Kitkat, Knoppers",1.969,29.521,29.865,2,,1,,,1,1,1,1,1,1,,1,1,,,,,1,1,,,,,,,,,1,,,,,,,,,,,,1,,,,,,,,,,,,,,,,,,,,,1,,,3.344,38.634,41.52,14,,,,,,,,,,,,,,,,,,,,,,,,,,,,,,,,,,,2,complete,,,,DE,1___dc1304b4c2e6795f64f55f5779e27d51_QYFQHENY
2026-09-29 12:18:45,2026-09-29 12:21:40,0,100,174,1,2026-09-29 12:21:41,R_834dWeJGYKYRhWV,anonymous,DE,1,FL_EOS_ID,,6,3,1,2,3,3,100,"Kinder, Snickers, Mars, Milka, Twixx",4.675,46.533,47.302,2,,1,,,1,1,1,1,1,1,1,1,1,1,,,,1,1,,,,,,,,,,,1,1,,,1,,,,,,1,,,,,,,,,,,1,,,,1,,,,,,1,,,5.756,59.396,60.101,26,,,,,,,,,,,,,,,,,,,,,,,,,,,,,,,,,,,5,complete,,,,DE,1___df2b5b8b9d3fda215cae2cf38774e273_QYFQHENY
2026-09-29 12:21:24,2026-09-29 12:21:42,0,100,17,1,2026-09-29 12:21:42,R_8u17iriwNYEzRDP,anonymous,DE,1,FL_38,,1,2,1,3,3,7,67,,,,,,,,,,,,,,,,,,,,,,,,,,,,,,,,,,,,,,,,,,,,,,,,,,,,,,,,,,,,,,,,,,,,,,,,,,,,,,,,,,,,,,,,,,,,,,,,,,,,,,,,,,,,complete,,,,DE,1___cd347435e91941527db78d7d5d84ba9e_QYFQHENY
2026-09-29 12:19:11,2026-09-29 12:21:49,0,100,158,1,2026-09-29 12:21:50,R_2vBy4WvSefvL465,anonymous,DE,0.8999999761581421,FL_EOS_ID,,2,4,1,7,5,6,100,milka,1.651,9.035,15.017,2,,1,,,,,,,,,,,1,,,,,,,,,,,,,,,,,,,,,1,,,,,,,,,,,,,,,,,,,,,1,,,,,,,,,6.578,18.159,19.415,4,,,,,,,,,,,,,,,,,,,,,,,,,,,,,,,,,,,5,complete,,,,DE,1___1eeb225c47e9724e823f6bba62d0bfa1_QYFQHENY
2026-09-29 12:18:27,2026-09-29 12:21:50,0,100,202,1,2026-09-29 12:21:50,R_2PENzRzWtgNOuAi,anonymous,DE,1,FL_EOS_ID,,3,2,1,1,1,5,100,"Snickers, Mars, Bounty",1.624,1.624,9.976,1,,,,,1,1,1,1,1,1,,1,,,,,,1,1,,,,,,,1,1,1,1,1,1,,1,1,,,,,1,1,,,,,,,,,,1,,1,,1,,,,,,,,,,0.818,111.816,112.745,38,,,,,,,,,,,,,,,,,,,,,,,,,,,,,,,,,,,5,complete,,,,DE,1___5f090b0f1878929d48878f8d04d6ff0e_QYFQHENY
2026-09-29 12:20:20,2026-09-29 12:21:51,0,100,90,1,2026-09-29 12:21:51,R_8CZojsMOSe7RmpZ,anonymous,DE,1,FL_EOS_ID,,2,2,2,2,2,3,100,More,1.994,1.994,5.692,1,,,,,,1,1,1,1,,,,1,,,,,1,1,,,,,,,,,,,1,,,,,1,,,,,,,,,,,,,1,,,,,,,1,,,,,,1,,,1.45,35.617,36.333,25,,,,,,,,,,,,,,,,,,,,,,,,,,,,,,,,,,,5,complete,,,,DE,1___48b86117a7b2325579f612eb5d9c1976_QYFQHENY
2026-09-29 12:20:04,2026-09-29 12:21:55,0,100,110,1,2026-09-29 12:21:56,R_2wgQgh4Kpd6H9o5,anonymous,DE,1,FL_EOS_ID,,2,3,1,6,4,4,100,Snickers,1.746,1.746,12.718,1,,,,,,1,,,1,1,,1,,,1,,,1,1,,,,,,,,,,1,,,,,1,,,,,1,,1,,1,1,,,,,1,1,,1,,1,,1,,,,,,,,0.989,10.96,12.626,29,1,,,,1,,1,,,,,52,32,54,85,59,7,6,,,,,,,,,,"Ein wunderbarer Geschmack ",6,7,1.908,15.818,16.963,7,4,complete,,,,DE,1___7d5ab6854e1439d2dfb7ed0121e266b7_QYFQHENY
2026-09-29 12:17:58,2026-09-29 12:21:55,0,100,236,1,2026-09-29 12:21:56,R_2EjejAeS8IRFPKm,anonymous,DE,1,FL_EOS_ID,,6,6,1,3,5,4,100,"Kinder Schokolade, Merci, Mars, Snickers, Milkiway",5.12,5.12,97.553,1,,1,,1,1,1,1,1,1,1,1,1,1,,,,,1,1,,,,1,,,1,1,1,1,,1,,1,1,,,,,,1,,,,,,,1,,,,,,,,,,,,,,,,,5.046,64.788,68.446,23,,,,,,,,,,,,,,,,,,,,,,,,,,,,,,,,,,,3,complete,,,,DE,1___1be214181f718f3a69eb4cbfec1dcbc7_QYFQHENY
2026-09-29 12:19:34,2026-09-29 12:21:55,0,100,141,1,2026-09-29 12:21:56,R_8hyGS8WOAGV27nZ,anonymous,DE,1,FL_EOS_ID,,4,3,1,2,3,4,100,"Kinderschokolade
Duplo
Mars
Snikers 
Milka
",4.44,40.392,41.901,6,,1,,,1,,1,1,1,1,,1,1,1,,,,1,1,,,,,,,,,1,,,,,,1,,,,,,,,,,,,,,,,1,1,,,,,,,,,,,,,6.408,46.27,46.967,35,,,,,,,,,,,,,,,,,,,,,,,,,,,,,,,,,,,5,complete,,,true,DE,1___4d6415b07d3eeae1a8b33df08ffbcd4a_QYFQHENY
2026-09-29 12:19:01,2026-09-29 12:21:56,0,100,175,1,2026-09-29 12:21:57,R_2rwYvh3WSj5LsVT,anonymous,DE,0.699999988079071,FL_EOS_ID,,2,2,2,9,3,5,100,Corny,1.504,1.504,7.013,1,1,1,1,,1,1,1,1,1,1,,1,1,1,1,,1,1,1,,,,1,,,,,,,1,,,1,,,,,1,1,,,,,,,,,,,,,1,,1,,,,,,,1,,,8.397,45.294,46.603,30,,,,,,1,,,,,,46,64,-88,43,-100,8,5,,,,,,,,,,Appetitlich,4,7,3.687,33.628,34.613,10,3,complete,,,,DE,1___d900a4feb851d1fa7ab3c9015f4c879e_QYFQHENY
2026-09-29 12:19:24,2026-09-29 12:22:02,0,100,158,1,2026-09-29 12:22:03,R_8PmQ5mDgtB1YJDR,anonymous,DE,1,FL_38,,2,2,2,9,2,4,22,,,,,,,,,,,,,,,,,,,,,,,,,,,,,,,,,,,,,,,,,,,,,,,,,,,,,,,,,,,,,,,,,,,,,,,,,,,,,,,,,,,,,,,,,,,,,,,,,,,,,,,,,,,,complete,,,,DE,1___abad4bb0360d6928ff7b00e3f26e2580_QYFQHENY
2026-09-29 12:20:22,2026-09-29 12:22:05,0,100,102,1,2026-09-29 12:22:05,R_2EGYA4laeCqURlS,anonymous,DE,1,FL_EOS_ID,,4,3,2,3,4,4,100,Milka hanutta,2.704,11.785,24.026,2,,,,,,1,1,1,1,,,,1,,,,,1,1,,,,,,,,,,1,,,,,,,,,,1,,,,,,,,,,1,1,,,,,,,,,,1,,,,2.064,31.38,32.463,23,,,,,,,,,,,,,,,,,,,,,,,,,,,,,,,,,,,3,complete,,,,DE,1___ff3fb07b417622b4fdc8538c3e0b45a5_QYFQHENY
2026-09-29 12:20:00,2026-09-29 12:22:08,0,100,128,1,2026-09-29 12:22:09,R_2mwNrMdmhuBQqz1,anonymous,DE,1,FL_EOS_ID,,4,3,2,9,1,3,100,"Mars,  Snickers, Milky way, fantastic foods, Kinderriegel, Bounty, Twix",1.367,1.367,50.5,1,,1,,,1,,1,1,1,1,1,1,1,,,,,1,1,,,,,,,,,,1,,1,1,,,,,,,,,,,,,,,,,,,,,1,,,,,,,,,,,2.599,32.788,33.57,23,,,,,,,,,,,,,,,,,,,,,,,,,,,,,,,,,,,4,complete,,,,DE,1___183baf15a850e1c170eba029aaaf51c0_QYFQHENY
2026-09-29 12:20:31,2026-09-29 12:22:10,0,100,98,1,2026-09-29 12:22:11,R_25Mzpgis8rveCwF,anonymous,DE,1,FL_EOS_ID,,3,6,2,1,6,7,100,"Twix bounty Mars snickers ",0.967,0.967,21.248,1,,1,,,1,1,1,1,1,1,1,1,1,,,,,1,1,,,,1,,,1,1,1,1,1,1,,,,,,,,,1,,,,1,,,,,1,1,1,,,,,,,,,,,,,1.876,46.51,47.604,44,,,,,,,,,,,,,,,,,,,,,,,,,,,,,,,,,,,4,complete,,,,DE,1___0a79c73adda253a408e662919e30c5c1_QYFQHENY
2026-09-29 12:20:12,2026-09-29 12:22:14,0,100,121,1,2026-09-29 12:22:14,R_2OxD1yFuIJww8Jo,anonymous,DE,1,FL_EOS_ID,,3,3,1,9,3,2,100,"Milka, Riegler, Rita Sport ",2.748,2.748,25.043,1,,1,,,,1,1,,1,1,,1,1,,,,,1,1,,,,,,,,,,,,,,1,,,,,,,1,,,,,,,1,,,,,,,,1,,,,,,,,,1.439,34.608,35.365,17,,,,,,,,,,,,,,,,,,,,,,,,,,,,,,,,,,,3,complete,,,,DE,1___6a0787925dc4d2469a2215cb3ee62078_QYFQHENY
2026-09-29 12:20:27,2026-09-29 12:22:15,0,100,108,1,2026-09-29 12:22:15,R_25LWe5C09h1Ca0k,anonymous,DE,1,FL_EOS_ID,,3,3,2,9,2,3,100,"Milka, kinderschokilade",2.307,15.712,16.433,2,,,,,1,,1,1,1,1,,1,1,,,,,1,1,,,,,,,,,,,1,,,1,1,,,,,,,,,,,,,,,,,1,1,,,,,,,,,,,,5.073,31.947,32.83,28,,,,,,,,,,,,,,,,,,,,,,,,,,,,,,,,,,,3,complete,,,,DE,1___b3bb0e9c79bef5b50a835bbc2bec80bb_QYFQHENY
2026-09-29 12:20:27,2026-09-29 12:22:17,0,100,110,1,2026-09-29 12:22:17,R_2dxPLBXXDjFZ1Qg,anonymous,DE,1,FL_EOS_ID,,2,2,2,8,5,6,100,"mars snickers ",1.356,1.356,6.862,1,1,1,1,1,1,1,1,1,1,1,,1,1,1,1,,1,1,1,,,,,,,,1,,1,1,1,,,,1,,,,,,,,,1,,,,1,1,1,,,,,,,,,,,1,,,1.273,27.938,29.104,40,1,,,,1,1,1,,,,,44,87,20,70,1,6,7,,,,,,,,,,"sind eher so gesunde riegel ",5,6,1.131,14.136,14.775,9,4,complete,,,,DE,1___f4f95653ef8160d40f35b9582038439b_QYFQHENY
2026-09-29 12:20:15,2026-09-29 12:22:18,0,100,123,1,2026-09-29 12:22:18,R_8rkAcqXDKoyeZmi,anonymous,DE,1,FL_EOS_ID,,2,2,1,9,4,6,100,"Snickers, Balisto, Mars, koro",1.382,23.391,24.133,2,,1,1,1,1,1,1,1,1,1,1,1,1,1,,,,1,1,,,,,,,1,,1,,1,1,,,1,,,,,1,1,,,,,1,,1,,1,,1,,,,1,,,,,1,1,,,1.381,55.346,56.001,40,,,,,,,,,,,,,,,,,,,,,,,,,,,,,,,,,,,4,complete,,,true,DE,1___4f09065834cd1bb432394a37fa922fc9_QYFQHENY
2026-09-29 12:21:15,2026-09-29 12:22:19,0,100,63,1,2026-09-29 12:22:19,R_8YYwezd63B1xDmj,anonymous,DE,1,FL_38,,4,5,2,3,7,2,46,,,,,,,,,,,,,,,,,,,,,,,,,,,,,,,,,,,,,,,,,,,,,,,,,,,,,,,,,,,,,,,,,,,,,,,,,,,,,,,,,,,,,,,,,,,,,,,,,,,,,,,,,,,,complete,,,true,DE,1___b5a38fd74acd86d77765a16213c271fd_QYFQHENY
2026-09-29 12:20:18,2026-09-29 12:22:21,0,100,123,1,2026-09-29 12:22:22,R_2EjaKgMohTWAGe6,anonymous,DE,1,FL_EOS_ID,,3,3,1,2,6,5,100,"Mars, Snickers ",1.838,1.838,13.239,1,1,1,1,,1,1,1,1,1,1,,1,1,1,,,1,1,1,,,,,1,,1,1,,,1,1,,1,1,1,,,1,,1,,,,,1,,,,,,1,1,,,,1,,,,,,,,4.088,51.247,53.704,45,,,,,,,,,,,,,,,,,,,,,,,,,,,,,,,,,,,4,complete,,,,DE,1___cfeb7afcb2d198624f8f70a5b8bbbaf9_QYFQHENY
2026-09-29 12:21:55,2026-09-29 12:22:23,0,100,28,1,2026-09-29 12:22:24,R_8pS3OjfBEXK6fUI,anonymous,DE,1,FL_38,,3,4,2,4,3,4,0,,,,,,,,,,,,,,,,,,,,,,,,,,,,,,,,,,,,,,,,,,,,,,,,,,,,,,,,,,,,,,,,,,,,,,,,,,,,,,,,,,,,,,,,,,,,,,,,,,,,,,,,,,,,complete,,,,DE,1___147b6394106c18f23c5b37c182c0a6a0_QYFQHENY
2026-09-29 12:20:14,2026-09-29 12:22:28,0,100,134,1,2026-09-29 12:22:29,R_2ZWTDv17owGSme8,anonymous,DE,1,FL_EOS_ID,,6,5,1,4,4,4,100,Duplo,4.038,4.038,12.788,1,,,,,,,1,1,1,1,,,1,,,,,,,,,,,,,,,1,1,1,1,,,1,,,,,,,,,,,,,,,1,,1,,,,1,,,,,,,,,14.197,65.305,66.387,26,,,,,,,,,,,,,,,,,,,,,,,,,,,,,,,,,,,1,complete,,,,DE,1___b50f41b216166e0c18d7bd897b73353d_QYFQHENY
2026-09-29 12:19:03,2026-09-29 12:22:29,0,100,206,1,2026-09-29 12:22:30,R_2cdDqV8Wg3TffZ7,anonymous,DE,1,FL_EOS_ID,,2,2,1,6,6,6,100,"Mars ",0.613,5.21,12.132,2,,,,,,1,1,1,1,1,,1,1,,,,,,1,,,1,1,1,1,1,1,1,1,1,1,1,1,1,1,1,1,1,1,1,1,,,1,,,,1,1,1,1,1,,1,1,,,,,,1,,,0.746,136.099,136.757,52,,,,,,,,,,,,,,,,,,,,,,,,,,,,,,,,,,,3,complete,,,,DE,1___ff9c75436e6be0daff8ddd39b06b3414_QYFQHENY
2026-09-29 12:21:21,2026-09-29 12:22:30,0,100,69,1,2026-09-29 12:22:31,R_2foZJgeNQj59ODZ,anonymous,DE,1,FL_EOS_ID,,2,4,1,1,3,4,100,Snickers,1.603,11.19,13.148,2,,1,,,,1,1,1,1,1,,1,1,1,,,,,1,,,,,,,1,,,,,,,,,,,,,,,,,,1,,1,,,,,,,,,,1,,,,,,,,1.224,18.527,19.453,23,,,,,,,,,,,,,,,,,,,,,,,,,,,,,,,,,,,4,complete,,,,DE,1___1db89ac2f7f1b1d5a5c3a9c8c67d0802_QYFQHENY
2026-09-29 12:21:19,2026-09-29 12:22:31,0,100,71,1,2026-09-29 12:22:31,R_8QbjuyQidQN1AjF,anonymous,DE,0.800000011920929,FL_EOS_ID,,3,5,1,5,2,4,100,Milka,1.7,6.601,7.459,4,,,,,,,1,1,1,1,,,1,,,,,,1,,,,,,,,,,,,,,,1,,,,,,,,,,,,,,,,,,,,,1,,,,,,,,,2.838,22.219,22.821,14,,,,,,,,,,,,,,,,,,,,,,,,,,,,,,,,,,,3,complete,,,,DE,1___d32882da2b958725328c0ddc1622f293_QYFQHENY
2026-09-29 12:19:42,2026-09-29 12:22:33,0,100,170,1,2026-09-29 12:22:33,R_8LqhnFqA9kqvHmL,anonymous,DE,1,FL_EOS_ID,,5,5,2,7,4,6,100,"Milka, ",2.567,2.567,22.054,1,,1,,,1,,1,1,1,1,,1,1,,,,,,1,,,,,,,,,1,1,1,1,,,1,,,,,,,,,,,,,,,1,1,,1,,,1,,,,,,,,,5.643,63.915,66.641,23,,,,,,,,,,,,,,,,,,,,,,,,,,,,,,,,,,,5,complete,,,,DE,1___e0406ef91e0609d8ed1009abe41d3357_QYFQHENY
2026-09-29 12:20:50,2026-09-29 12:22:34,0,100,103,1,2026-09-29 12:22:35,R_82U5KIZ8v1ytpi9,anonymous,DE,1,FL_EOS_ID,,1,3,1,2,4,5,100,Corny,1.034,1.034,4.059,1,1,1,1,1,1,1,1,1,,1,,1,1,1,,,,1,1,1,,,,,1,1,1,,,,1,,1,,1,,,,1,1,,,,1,,,,1,1,,,,1,1,1,,,,,,1,,,17.852,50.484,51.119,34,,,,,,,,,,,,,,,,,,,,,,,,,,,,,,,,,,,4,complete,,,,DE,1___c8c1de2009e284a9952d14e36feb499f_QYFQHENY
2026-09-29 12:18:54,2026-09-29 12:22:36,0,100,221,1,2026-09-29 12:22:37,R_8jSssaMdJ3C96aU,anonymous,DE,1,FL_EOS_ID,,2,4,2,2,7,5,100,Kinder douplo,16.6,31.095,32.08,2,,,,,1,1,1,1,1,1,,1,1,,,,,1,,,,,,,,,,1,,1,,,,1,,,,,1,,,,,,,,,,,,1,,,,1,,,,,1,,,,22.283,60.086,60.688,26,,,,,,,,,,,,,,,,,,,,,,,,,,,,,,,,,,,4,complete,,,,DE,1___ab56577ef0f160ce7650661a8d55c20b_QYFQHENY
2026-09-29 12:21:06,2026-09-29 12:22:38,0,100,91,1,2026-09-29 12:22:39,R_28ZELn4A79JBtDD,anonymous,DE,1,FL_EOS_ID,,2,3,1,2,3,5,100,"snickers ",0.937,0.937,7.364,1,,,,,,1,1,1,,1,,1,1,,,,,1,1,,,,,,,,,1,,,1,,1,,,,,,,1,,,,,,,,,,,,,,1,,,,,,,1,,,2.773,39.804,41.1,23,,,,,,,,,,,,,,,,,,,,,,,,,,,,,,,,,,,1,complete,,,,DE,1___6311817cb1292a2d013b613900172c74_QYFQHENY
2026-09-29 12:21:20,2026-09-29 12:22:44,0,100,83,1,2026-09-29 12:22:44,R_2Po5Pble0cyvPkh,anonymous,DE,1,FL_EOS_ID,,3,4,1,2,5,5,100,Duplo,1.169,6.611,7.2,2,,1,,,1,1,1,1,1,1,1,1,1,1,,,,1,1,,,,1,,,,1,1,,1,,,,1,1,,,,1,,,,,1,,,,1,1,,1,,,,1,1,,,,1,,,,2.274,43.922,44.526,37,,,,,,,,,,,,,,,,,,,,,,,,,,,,,,,,,,,3,complete,,,,DE,1___9118f201c67c61223e73433d03a506e5_QYFQHENY
2026-09-29 12:21:14,2026-09-29 12:22:45,0,100,91,1,2026-09-29 12:22:46,R_26g1iuA8m6LnLvm,anonymous,DE,1,FL_EOS_ID,,2,4,1,9,7,2,100,Snickers,1.601,1.601,9.095,1,,,,,,,,,,,,,,,,,,,1,,,,,,,,,,,,,,,,,,,,,1,,,,,,,,,,,,,,,,,,,,,1,,,6.094,24.55,25.303,8,,,,,,,,,,,,,,,,,,,,,,,,,,,,,,,,,,,4,complete,,,true,DE,1___89abcdff795dea4c5808664259db486c_QYFQHENY
2026-09-29 12:20:34,2026-09-29 12:22:49,0,100,135,1,2026-09-29 12:22:49,R_8EJdoGcE8FPaT4d,anonymous,DE,1,FL_EOS_ID,,3,5,2,9,4,5,100,Milka,2.3,2.3,8.587,1,,,,,1,1,,1,1,1,,1,1,,,,,1,1,,,,,,,1,,,,1,,,,1,,,,,,1,,,,,,,,,,1,1,,,,1,,,,,,,,,1.701,52.71,53.481,37,,,,,,,,,,,,,,,,,,,,,,,,,,,,,,,,,,,5,complete,,,,DE,1___e7aec706363e23578e872f60862d9dd4_QYFQHENY
2026-09-29 12:21:03,2026-09-29 12:22:49,0,100,105,1,2026-09-29 12:22:49,R_2nJDL8nqzUeUyJU,anonymous,DE,1,FL_EOS_ID,,5,2,2,3,2,3,100,"Milka, kinderschokolade, lindt",1.725,1.725,17.395,1,,,,,1,1,1,1,1,1,,1,1,,,,,1,1,,,,1,,,1,1,1,1,1,1,,1,1,,,,,1,1,,,,1,,,,1,1,,1,,,,1,,,,,1,,,,1.519,52.86,52.878,43,,,,,,,,,,,,,,,,,,,,,,,,,,,,,,,,,,,3,complete,,,,DE,1___31ac8ab0a92dea294acd05fa6c40e6fe_QYFQHENY
2026-09-29 12:22:07,2026-09-29 12:22:50,0,100,42,1,2026-09-29 12:22:50,R_8CClztdeYp31Rel,anonymous,DE,1,FL_38,,2,4,2,9,6,7,35,,,,,,,,,,,,,,,,,,,,,,,,,,,,,,,,,,,,,,,,,,,,,,,,,,,,,,,,,,,,,,,,,,,,,,,,,,,,,,,,,,,,,,,,,,,,,,,,,,,,,,,,,,,,complete,,,true,DE,1___c2a6b07631f7f767a4731b6d1ecc0f4d_QYFQHENY
2026-09-29 12:20:14,2026-09-29 12:22:51,0,100,156,1,2026-09-29 12:22:51,R_8HAXHS4AmSd9mzy,anonymous,DE,0.699999988079071,FL_EOS_ID,,3,4,2,9,3,6,100,"duplo, kinderriebel, yoghurette, kinder bueno",1.524,1.524,32.34,1,,1,,,1,1,1,1,1,1,,1,1,,,,,1,1,,,,,,,,1,1,,1,,,,,,,,,,,,,,,,,,1,1,1,,,,,,,,,,,,,,5.725,56.558,59.429,17,,,,,,,,,,,,,,,,,,,,,,,,,,,,,,,,,,,4,complete,,,,DE,1___6b1ecf31f0af85e1b8c02aca86382f96_QYFQHENY
2026-09-29 12:21:12,2026-09-29 12:22:53,0,100,100,1,2026-09-29 12:22:54,R_2HHdztttVXSgoNp,anonymous,DE,1,FL_EOS_ID,,3,4,1,6,4,5,100,"Mars, Snickers, Twix,MilkyWay",2.1,20.656,21.188,2,,1,,,1,1,1,,1,1,,1,1,,,1,,1,1,,,,,,,,1,,,1,,,,,,,,,,,,,,,,,,,1,,1,,,,,,,,,,,,,0.996,39.365,39.96,23,,,,,,,,,,,,,,,,,,,,,,,,,,,,,,,,,,,3,complete,,,,DE,1___0e72c7f218aa3491744c276806258ca5_QYFQHENY
2026-09-29 12:21:05,2026-09-29 12:22:56,0,100,110,1,2026-09-29 12:22:57,R_20CTF5kaikrhRzF,anonymous,DE,1,FL_EOS_ID,,2,3,1,4,6,5,100,"Kinderriegel
Mars
Twix",1.309,1.309,13.727,1,,1,,,1,1,1,1,1,1,1,1,1,1,,,,1,1,1,,,,,,,1,1,1,1,1,,1,1,,,,,1,1,,,,,,,,,1,1,1,1,,1,1,,,,,1,1,,,0.956,48.299,48.817,41,,,,,,,,,,,,,,,,,,,,,,,,,,,,,,,,,,,3,complete,,,true,DE,1___0625d884a41e7f29916ebcc2ad27cb94_QYFQHENY
2026-09-29 12:21:26,2026-09-29 12:22:58,0,100,91,1,2026-09-29 12:22:58,R_2KOB2Dr0URCZuqI,anonymous,DE,1,FL_EOS_ID,,3,5,2,7,4,4,100,"Mars ",2.135,2.135,5.958,1,,1,,,1,1,1,1,1,1,,,1,,,,,,1,,,,1,,,,1,1,1,,1,,,,,,,,,1,,,,1,,,,,,,,1,,1,,,,,,,1,,,3.46,39.662,40.385,29,,,,,,,,,,,,,,,,,,,,,,,,,,,,,,,,,,,2,complete,,,true,DE,1___7b688ca002059fb317ae561c1d8e60fb_QYFQHENY
2026-09-29 12:22:39,2026-09-29 12:23:00,0,100,21,1,2026-09-29 12:23:00,R_8HcLbkm7nlRQOoq,anonymous,DE,1,FL_38,,2,2,1,9,2,5,26,,,,,,,,,,,,,,,,,,,,,,,,,,,,,,,,,,,,,,,,,,,,,,,,,,,,,,,,,,,,,,,,,,,,,,,,,,,,,,,,,,,,,,,,,,,,,,,,,,,,,,,,,,,,complete,,,,DE,1___8e59dc39d56acf31f4b3113906e6a6a8_QYFQHENY
2026-09-29 12:20:32,2026-09-29 12:23:02,0,100,150,1,2026-09-29 12:23:03,R_2aav41JgdveIOwV,anonymous,DE,0.800000011920929,FL_EOS_ID,,2,4,1,2,2,4,100,Milka,3.997,3.997,7.5,1,,1,,,1,1,1,1,,1,,1,1,,,1,1,1,1,,,,,,,1,,1,,,,,1,,,,,,,1,,,,,,,1,,,1,,1,,,,,,,1,,,,,7.799,66.406,67.001,35,,,,,,,,,,,,,,,,,,,,,,,,,,,,,,,,,,,3,complete,,,,DE,1___1ba8f5719ce6a353ee842e246c89d8c1_QYFQHENY
2026-09-29 12:21:03,2026-09-29 12:23:04,0,100,120,1,2026-09-29 12:23:04,R_8oSka9dlTwFMEJA,anonymous,DE,1,FL_EOS_ID,,4,2,2,6,2,2,100,Snickers Taxi mars,3.076,3.076,11.756,1,,1,,,1,1,1,1,1,1,1,1,1,,,,,,1,,,,,,,,1,1,1,1,1,,1,1,,,,,1,1,,,,,,,,,1,,1,1,,1,1,,,,,1,1,,,2.024,43.003,47.004,71,,,,,,,,,,,,,,,,,,,,,,,,,,,,,,,,,,,4,complete,,,,DE,1___50d99f84211d5998468df84c643a0253_QYFQHENY
2026-09-29 12:20:13,2026-09-29 12:23:11,0,100,178,1,2026-09-29 12:23:12,R_2s4O9tXuXSuT7P3,anonymous,DE,1,FL_EOS_ID,,4,4,2,1,4,6,100,"Snickers, Mars, Kinderriegel",5.365,21.15,21.798,3,1,1,,,1,1,1,1,1,1,,1,1,,,,,1,1,,,,,,,1,1,,,1,,,,,,,,,,1,,,,,,,,,,,,,,,,,,,,,,,1,8.94,108.465,109.41799999999999,30,,,,,,,,,,,,,,,,,,,,,,,,,,,,,,,,,,,5,complete,,,,DE,1___359b6ff401a9219779fadb618bd3857f_QYFQHENY
2026-09-29 12:20:32,2026-09-29 12:23:12,0,100,160,1,2026-09-29 12:23:13,R_8smFG8T3WfKC5fr,anonymous,DE,1,FL_EOS_ID,,4,3,2,9,6,2,100,Snickers Mars Milky Way,3.743,3.743,29.564,1,,1,,,1,1,,1,1,1,1,1,1,,,1,,1,1,,,,,,,,,,1,1,1,,,,,,,,,1,,,,,,,,,,,1,,,,1,,,,,,,,,6.896,58.932,59.747,26,,,,,,,,,,,,,,,,,,,,,,,,,,,,,,,,,,,5,complete,,,,DE,1___5a03e0ba8f2ac37e3c39831878ac8958_QYFQHENY
2026-09-29 12:22:41,2026-09-29 12:23:13,0,100,31,1,2026-09-29 12:23:13,R_8mvY7DlNlRqkCXp,anonymous,DE,1,FL_38,,3,2,2,5,3,5,28,,,,,,,,,,,,,,,,,,,,,,,,,,,,,,,,,,,,,,,,,,,,,,,,,,,,,,,,,,,,,,,,,,,,,,,,,,,,,,,,,,,,,,,,,,,,,,,,,,,,,,,,,,,,complete,,,,DE,1___a77ca838b44676f64875b6bf67921764_QYFQHENY
2026-09-29 12:21:47,2026-09-29 12:23:13,0,100,86,1,2026-09-29 12:23:14,R_226h4NitAfgxdHT,anonymous,DE,1,FL_EOS_ID,,3,3,1,7,6,6,100,"Snickers, Bueno",2.069,15.608,16.001,5,,,,,1,1,1,1,1,1,,1,1,,,,,,1,,,,,,,,,,,1,,,,1,,,,,,,,,,,,,,,,,1,,,,,,,,,,,,,4.395,31.306,32.081,20,,,,,,,,,,,,,,,,,,,,,,,,,,,,,,,,,,,4,complete,,,,DE,1___d511795f71b3b848c57a0f16a556fc89_QYFQHENY
2026-09-29 12:20:11,2026-09-29 12:23:18,0,100,186,1,2026-09-29 12:23:19,R_2dtX8xaGZZtNrIn,anonymous,DE,1,FL_EOS_ID,,4,4,2,4,4,5,100,"Mars
Twix
Snickers
Milky Way
Duplo
Habits
Balisto ",1.715,32.066,33.05,3,1,1,,,1,1,1,1,1,1,1,1,1,1,,,,1,1,,,,,,,,,1,1,1,1,,,,,,,,,,,,,,,,,,,1,,1,,,,,,,,,,,,2.698,82.956,84.241,75,,,,,,,,,,,,,,,,,,,,,,,,,,,,,,,,,,,4,complete,,,,DE,1___9e3d7eeffb64aeea0f7c19cda0ce718d_QYFQHENY
2026-09-29 12:22:45,2026-09-29 12:23:18,0,100,33,1,2026-09-29 12:23:19,R_87mm1XVbblGuErD,anonymous,DE,1,FL_38,,2,4,2,3,3,3,45,,,,,,,,,,,,,,,,,,,,,,,,,,,,,,,,,,,,,,,,,,,,,,,,,,,,,,,,,,,,,,,,,,,,,,,,,,,,,,,,,,,,,,,,,,,,,,,,,,,,,,,,,,,,complete,,,,DE,1___9a1b4fa28b7face90466418256170152_QYFQHENY
2026-09-29 12:19:16,2026-09-29 12:23:22,0,100,246,1,2026-09-29 12:23:22,R_2jEWGgHXQuqQ8nL,anonymous,DE,0.800000011920929,FL_EOS_ID,,5,4,1,1,2,4,100,"Kinderschokolade 
",2.804,13.833,14.236,2,1,1,,,1,1,1,1,,1,,1,1,1,1,,,,1,,,,1,,,,,1,1,1,1,,1,1,1,,,,,1,,,1,,,,,,,1,,,,,1,1,,,,,1,,,5.2,53.978,54.677,36,,,,1,,,,,,,,30,86,0,76,2,7,5,,,,,,,,,,"einfach lecker ",4,7,3.48,21.397,22.177,12,5,complete,,,true,DE,1___190526631af6019db714b096462adf70_QYFQHENY
2026-09-29 12:20:38,2026-09-29 12:23:26,0,100,168,1,2026-09-29 12:23:27,R_8DBfkJO1AGfZ7yV,anonymous,DE,1,FL_EOS_ID,,3,2,2,1,4,4,100,"Milka, Snickers, twix",1.674,1.674,15.54,1,1,1,1,,1,1,1,1,1,1,1,1,1,1,1,1,1,1,1,1,,1,,1,,,1,1,1,1,1,1,1,1,1,1,1,1,1,1,1,,1,,1,,,,,,1,,,,1,1,1,,1,,,,,1.307,51.452,52.194,65,,,,1,,,,,,,,100,100,2,100,15,10,10,,,,,,,,,,"Schokolade ohne Zucker die lecker ist ",5,10,1.346,22.065,22.805,11,5,complete,,,,DE,1___d3d295cd1dd3fd5ddcb751cd88aa2f7c_QYFQHENY
2026-09-29 12:21:53,2026-09-29 12:23:30,0,100,96,1,2026-09-29 12:23:30,R_8l0e3sRVR2snU0V,anonymous,DE,1,FL_EOS_ID,,6,3,2,2,6,7,100,"Koro, Corny, Milka, Kinder",2.236,2.236,14.091,1,,1,,,1,1,1,1,1,1,1,1,1,1,,,,1,1,,,,,,,1,1,,1,1,,,,,,,,,1,,,,,,,,,1,,,,,,,,,,,,,,,,5.116,37.572,39.137,19,,,,,,,,,,,,,,,,,,,,,,,,,,,,,,,,,,,5,complete,,,,DE,1___611868f4b05256f82439708352f8c634_QYFQHENY
2026-09-29 12:22:08,2026-09-29 12:23:31,0,100,83,1,2026-09-29 12:23:31,R_8r2IL273HUnXdeN,anonymous,DE,1,FL_EOS_ID,,4,5,2,5,1,5,100,Mars,1.931,1.931,5.858,1,,1,,,1,,,,,,,1,,,,,,,1,,,,,,,1,,,,,,,,,,,,,,,,,,,,,,,,,,,,,,,,,,,,,1,3.286,28.879,29.559,15,,,,,,,,,,,,,,,,,,,,,,,,,,,,,,,,,,,3,complete,,,true,DE,1___c1b457f5f3611d5f590fd4baf4789ef8_QYFQHENY
2026-09-29 12:22:18,2026-09-29 12:23:32,0,100,73,1,2026-09-29 12:23:32,R_23jBnIVAFNn8XXr,anonymous,DE,1,FL_EOS_ID,,2,2,2,6,4,4,100,"Kinder Schokolade ",1.656,1.656,9.684,1,,,,,1,1,,,1,,,1,,,,,,,,,,,,,,1,,,,1,,,,,,,,,,,,,,,,,,,,,1,,,,,,,,,,1,,,0.99,31.524,32.904,32,,,,,,,,,,,,,,,,,,,,,,,,,,,,,,,,,,,3,complete,,,,DE,1___587e3865cfa27f928e11bac9063ffde3_QYFQHENY
2026-09-29 12:22:08,2026-09-29 12:23:33,0,100,85,1,2026-09-29 12:23:33,R_85NkDIEyGAYQyg6,anonymous,DE,1,FL_EOS_ID,,3,2,2,9,5,2,100,"Milka,schogetten",3.773,3.773,10.418,1,,,,,1,,,1,1,1,,1,1,,,,,,1,,,,,,,1,,,,1,,,,1,,,,,,,,,,,,,1,,,1,1,,,1,1,,,,,,,,,1.647,26.679,27.491,25,,,,,,,,,,,,,,,,,,,,,,,,,,,,,,,,,,,5,complete,,,,DE,1___51e3b7f6d5de95a61d5a5116a2b70388_QYFQHENY
2026-09-29 12:18:50,2026-09-29 12:23:33,0,100,283,1,2026-09-29 12:23:34,R_8p4ms0dSyQkNbAb,anonymous,DE,0.6000000238418579,FL_EOS_ID,,3,3,2,5,7,9,100,Hanuta,1.089,10.532,11.521,2,,1,1,1,1,1,1,1,1,1,,1,1,1,,1,,1,1,,,,1,,1,1,1,1,1,1,1,,1,1,1,,,,1,1,,,,1,,,1,1,1,,1,1,,,1,,,,,1,1,,,51.941,136.981,138.743,41,,,,,,,,,,,,,,,,,,,,,,,,,,,,,,,,,,,4,complete,,,,DE,1___3279edf9e13529ad8ee983b8f0ac260e_QYFQHENY
2026-09-29 12:21:02,2026-09-29 12:23:34,0,100,152,1,2026-09-29 12:23:34,R_2VOXufk66HLXtb7,anonymous,DE,1,FL_EOS_ID,,4,4,2,7,6,4,100,Balisto,11.444,49.513,56.651,2,,1,,,1,1,1,,,,,1,,,,,,,,,,,,,,,1,,,,,,1,,,,,,,,,,,1,,,,1,,,,,,1,,,,,,,,,,7.701,40.066,40.905,10,,,,,,,,,,,,,,,,,,,,,,,,,,,,,,,,,,,3,complete,,,true,DE,1___95df09349677ae76e5a3ed807207bcc6_QYFQHENY
2026-09-29 12:22:30,2026-09-29 12:23:38,0,100,68,1,2026-09-29 12:23:38,R_2ITbSGoISsVMJcs,anonymous,DE,1,FL_38,,6,2,1,6,2,2,32,,,,,,,,,,,,,,,,,,,,,,,,,,,,,,,,,,,,,,,,,,,,,,,,,,,,,,,,,,,,,,,,,,,,,,,,,,,,,,,,,,,,,,,,,,,,,,,,,,,,,,,,,,,,complete,,,,DE,1___89c01227d55519fb52ec7bc9faeaf523_QYFQHENY
2026-09-29 12:20:04,2026-09-29 12:23:39,0,100,214,1,2026-09-29 12:23:40,R_84kpBztFFTaKHfE,anonymous,DE,1,FL_EOS_ID,,3,4,2,2,5,5,100,"Hanuta ",1.991,1.991,16.419,1,,1,,,1,1,1,1,1,1,1,1,1,,,,,1,1,,,,1,,,1,1,1,1,1,1,1,1,1,,,1,,1,1,,,,,,,1,,1,1,1,1,1,,1,,,,,,1,,,1.263,72.849,73.416,45,,,,,,,,,,,,,,,,,,,,,,,,,,,,,,,,,,,5,complete,,,,DE,1___81c8d09fd7d72a492670ff9633650885_QYFQHENY
2026-09-29 12:21:23,2026-09-29 12:23:41,0,100,138,1,2026-09-29 12:23:42,R_2O1bZqxcJRJYLXO,anonymous,DE,1,FL_EOS_ID,,4,5,1,9,5,5,100,Mars,4.201,4.201,13.454,1,,1,,,1,,1,1,1,,,1,,,,,,1,1,,,,,,,1,,1,,,,,,,,,,,,1,,,,,,,,,1,,,,,,,,,,,,1,,,7.085,43.269,46.257,13,,,,,,,,,,,,,,,,,,,,,,,,,,,,,,,,,,,2,complete,,,,DE,1___3b20f200224a2225d9c2e811f5138ff1_QYFQHENY
2026-09-29 12:22:26,2026-09-29 12:23:42,0,100,76,1,2026-09-29 12:23:43,R_8s4yElD7bDFIdR7,anonymous,DE,1,FL_EOS_ID,,3,3,1,9,4,6,100,Müller,1.307,1.307,4.317,1,,1,,,,,,,1,1,,1,,1,,,,,,,,,,,,,,,,1,,,,,,,,,,,,,,,,,,,,,1,,,,,,1,,,,,,,1.263,14.808,16.303,29,,,,,,,,,,,,,,,,,,,,,,,,,,,,,,,,,,,3,complete,,,,DE,1___6bf0cae2e25c00de0ff994af7eac9e34_QYFQHENY
2026-09-29 12:21:46,2026-09-29 12:23:43,0,100,116,1,2026-09-29 12:23:43,R_8opvn9LLu24jPBq,anonymous,DE,1,FL_EOS_ID,,2,4,2,2,6,7,100,Kinder,1.232,3.962,4.33,2,,1,,1,,1,,,1,1,,1,1,1,,1,1,1,1,1,,,1,,1,,1,,,1,1,,1,1,1,,1,1,1,1,1,,,,,,,,,,,,,1,1,,,,,,1,,,2.625,52.336,52.79,49,,,,,,,,,,,,,,,,,,,,,,,,,,,,,,,,,,,3,complete,,,,DE,1___32b5d8de1830b7da2d9488c1b1801028_QYFQHENY
2026-09-29 12:21:30,2026-09-29 12:23:44,0,100,134,1,2026-09-29 12:23:45,R_2uTARpvR6HLDMoX,anonymous,DE,1,FL_EOS_ID,,3,3,2,3,3,6,100,"Ritter Sport, Milka, Tonys",2.77,2.77,16.27,1,1,1,,1,1,1,1,1,1,1,1,1,1,,,,1,1,1,,,,1,,,,,,,,,,,,,,,1,,,,,,,,,,1,,,,,,,,,,,,,1,,,3.78,53.336,57.701,20,,,,,,,,,,,,,,,,,,,,,,,,,,,,,,,,,,,3,complete,,,,DE,1___3abfd026a8789dc58add4d5c31cd268a_QYFQHENY
2026-09-29 12:22:14,2026-09-29 12:23:48,0,100,94,1,2026-09-29 12:23:49,R_80T0IN004poMgSV,anonymous,DE,1,FL_EOS_ID,,3,4,1,9,6,4,100,"Kinder Schokolade ",1.684,1.684,9.865,1,,1,,,1,1,1,1,1,1,,1,1,,,,,1,1,,,,,,,,,,,1,,,,1,,,,,,,,,,,,,,,1,1,1,,,,1,,,,,,,,,3.603,38.552,39.602,42,,,,,,,,,,,,,,,,,,,,,,,,,,,,,,,,,,,4,complete,,,,DE,1___eae33b0ad5f2069b3656346326598591_QYFQHENY
2026-09-29 12:22:29,2026-09-29 12:23:48,0,100,79,1,2026-09-29 12:23:49,R_8S9R7ZQgMSWwiPv,anonymous,DE,0.5,FL_EOS_ID,,2,2,2,7,3,5,100,Mars,1.699,1.699,4.13,1,,1,,,1,1,1,1,1,1,,1,1,1,,,,1,1,,,,,,,,1,,,1,1,,1,1,,,,,,1,,,,,,,1,,1,1,1,,,1,,,,,,,,,,1.901,29.407,29.829,35,,,,,,,,,,,,,,,,,,,,,,,,,,,,,,,,,,,4,complete,,,,DE,1___ba0f5c738ac7a079aad1ded07c3bfdf2_QYFQHENY
2026-09-29 12:20:47,2026-09-29 12:23:49,0,100,181,1,2026-09-29 12:23:49,R_8TufxWPNFvOp6ho,anonymous,DE,1,FL_EOS_ID,,6,3,1,2,3,4,100,"Kinder, rittersport ",2.403,2.403,14.099,1,,,1,,1,1,1,1,1,1,,1,1,1,,,,1,1,,,,,1,,,,,,1,,,,,1,,,,,,,,,,1,,,,,,,,,,,,,,,,,,,1.07,133.421,133.805,28,,,,,,,,,,,,,,,,,,,,,,,,,,,,,,,,,,,4,complete,,,,DE,1___0a3d0df91126e18a007f0b9f5033d0e6_QYFQHENY
2026-09-29 12:22:04,2026-09-29 12:23:50,0,100,106,1,2026-09-29 12:23:50,R_8P6R5VzLa2YS8rt,anonymous,DE,1,FL_EOS_ID,,3,3,1,4,2,4,100,"Kinder, Mars,milky way, snickers,Twix ",1.471,18.809,19.72,2,,1,,,1,1,1,1,1,1,,1,1,,,,,1,1,,,,,,,,,1,,1,1,,1,1,,,,,,1,,,,,,,,,1,1,1,1,,,1,,,,,,1,,,1.309,36.41,37.502,34,,,,,,,,,,,,,,,,,,,,,,,,,,,,,,,,,,,3,complete,,,,DE,1___83432b9efde26f1148f8f1b2efdda304_QYFQHENY
2026-09-29 12:22:13,2026-09-29 12:23:53,0,100,99,1,2026-09-29 12:23:53,R_8kU2ISGQvruK3jH,anonymous,DE,1,FL_EOS_ID,,1,4,2,9,3,6,100,"mars
twix
bounty
kinderriegel
bueno
lion
kitkat
snickers
",1.026,1.026,22.64,1,1,1,1,,1,1,1,1,1,1,1,1,1,1,,,,1,1,,,,,,,1,,1,1,1,,,1,,,,,,,,,,,1,,,1,1,1,,1,1,,1,1,1,,,,1,1,,,2.87,37.041,38.086,32,,,,,,,,,,,,,,,,,,,,,,,,,,,,,,,,,,,2,complete,,,,DE,1___acc9477ec45947250249b7e7d3162ef7_QYFQHENY
2026-09-29 12:22:42,2026-09-29 12:23:53,0,100,70,1,2026-09-29 12:23:53,R_2gUCSKJaQ50ULAn,anonymous,DE,1,FL_EOS_ID,,3,3,2,4,4,5,100,"Kinder ",1.877,1.877,5.704,1,,1,,,1,1,1,1,1,1,,1,1,,,,,1,1,,,,,,,1,,,,1,1,,,,,,,,,,,,,,,,,,,,1,,,,,,,,,,,,,1.382,35.607,36.976,25,,,,,,,,,,,,,,,,,,,,,,,,,,,,,,,,,,,4,complete,,,,DE,1___2c4bb988f09b664e7977de6ce571065d_QYFQHENY
2026-09-29 12:22:34,2026-09-29 12:23:53,0,100,79,1,2026-09-29 12:23:54,R_807bmVBypT0ixBj,anonymous,DE,1,FL_EOS_ID,,2,3,2,2,3,4,100,Kinder,1.334,1.334,5.032,1,,1,,,1,1,1,1,1,1,1,1,1,,,,,1,1,,,,1,,,1,,1,1,1,1,1,1,,,,,,,1,,,,,,,,,1,1,1,1,,,,,,,,,,,,1.212,39.383,40.3,44,,,,,,,,,,,,,,,,,,,,,,,,,,,,,,,,,,,1,complete,,,,DE,1___81de6bdbf8a257a9aa9869b0c9eb2282_QYFQHENY
2026-09-29 12:23:18,2026-09-29 12:23:54,0,100,36,1,2026-09-29 12:23:54,R_8WAU5ClYdbD898w,anonymous,DE,1,FL_38,,5,4,1,8,4,2,47,,,,,,,,,,,,,,,,,,,,,,,,,,,,,,,,,,,,,,,,,,,,,,,,,,,,,,,,,,,,,,,,,,,,,,,,,,,,,,,,,,,,,,,,,,,,,,,,,,,,,,,,,,,,complete,,,,DE,1___3296e15bb2ba9797c61a4df50ee72f76_QYFQHENY
2026-09-29 12:21:03,2026-09-29 12:23:55,0,100,172,1,2026-09-29 12:23:56,R_8b2A7qSPJdSfmlo,anonymous,DE,1,FL_EOS_ID,,3,5,2,3,4,3,100,"Ritter Sport,alpia, Milka, Kinderriegel ",2.8,46.463,47.643,2,,1,,,1,1,1,,1,1,,1,1,,,,,1,1,,,,,,,,,1,1,,1,,,,,,,,,,,,,1,,,,,,,,1,,,,,,,,1,,,,4.559,63.525,64.465,28,,,,,,,,,,,,,,,,,,,,,,,,,,,,,,,,,,,3,complete,,,true,DE,1___290b7c391b1b6ae1fab2dbab90000207_QYFQHENY
2026-09-29 12:22:00,2026-09-29 12:23:56,0,100,115,1,2026-09-29 12:23:56,R_8uRPaZkVItnnIm5,anonymous,DE,1,FL_EOS_ID,,4,4,2,2,3,4,100,"Kinderschokolade
Ferrero",1.802,1.802,20.546,1,1,1,1,1,1,1,1,1,1,1,1,1,1,1,,1,1,1,1,,,1,1,,1,1,1,1,1,1,1,1,1,1,1,,,,,1,,,1,,,,,,1,1,1,1,,1,1,,,,,,1,,,1.776,51.973,53.26,47,,,,,,,,,,,,,,,,,,,,,,,,,,,,,,,,,,,4,complete,,,,DE,1___10fc3f6a6873a5a8af1d16187afeb898_QYFQHENY
2026-09-29 12:21:47,2026-09-29 12:24:00,0,100,132,1,2026-09-29 12:24:00,R_81hnj41YM3wmGOR,anonymous,DE,1,FL_EOS_ID,,4,2,1,3,1,3,100,"Kinder Riegel
Duplo 
Milka",1.701,1.701,29.225,1,,,,,1,1,1,1,1,1,,1,1,,,1,,1,1,,,,,,,,,1,1,1,1,,,1,,,,,1,,,,,,,,,,1,1,,1,,1,1,,,,,,1,,,4.002,47.702,48.407,41,,,,,,,,,,,,,,,,,,,,,,,,,,,,,,,,,,,3,complete,,,true,DE,1___9805b3529e66036c2ff80de2939bc447_QYFQHENY
2026-09-29 12:20:19,2026-09-29 12:24:03,0,100,223,1,2026-09-29 12:24:03,R_2Wxphtr1byfhIN4,anonymous,DE,1,FL_EOS_ID,,6,5,2,2,7,2,100,Kinderriegel,9.518,9.518,19.752,1,,1,,,1,1,1,1,1,1,,1,1,,,,,1,1,,,,1,,,1,1,1,1,1,1,,1,1,,,1,,1,1,,,,1,,,,,1,1,1,1,,,1,,,1,,,,,,11.795,119.642,121.669,68,,,,,,,,,,,,,,,,,,,,,,,,,,,,,,,,,,,5,complete,,,,DE,1___afdfe719f64650862bb899ee32a5a245_QYFQHENY
2026-09-29 12:19:45,2026-09-29 12:24:04,0,100,258,1,2026-09-29 12:24:04,R_8l5uynOc8CPPyhz,anonymous,DE,1,FL_EOS_ID,,3,6,2,9,3,7,100,"Mars, Bounty, Twix, Snickers",3.978,49.066,51.553,2,,,,,1,,1,1,1,1,,1,1,,,,,1,1,,,,,,,1,,1,,,,,1,,,,,,,,,,,,,,1,,1,1,,,,1,,,,,,,,,,8.958,90.798,91.502,31,,,,,,,,,,,,,,,,,,,,,,,,,,,,,,,,,,,3,complete,,,,DE,1___e019c3f8a44b18d6981cb9819a9f1f54_QYFQHENY
2026-09-29 12:23:32,2026-09-29 12:24:08,0,100,35,1,2026-09-29 12:24:08,R_20eyUEqaxQciYYV,anonymous,DE,1,FL_38,,3,4,1,9,3,4,30,,,,,,,,,,,,,,,,,,,,,,,,,,,,,,,,,,,,,,,,,,,,,,,,,,,,,,,,,,,,,,,,,,,,,,,,,,,,,,,,,,,,,,,,,,,,,,,,,,,,,,,,,,,,complete,,,,DE,1___313aa5e7c1e06f89fc6f75d088ae7f31_QYFQHENY
2026-09-29 12:21:07,2026-09-29 12:24:08,0,100,181,1,2026-09-29 12:24:08,R_2wHu4YwIIauddJ3,anonymous,DE,1,FL_EOS_ID,,2,4,2,3,3,3,100,"Kinderriegel ",3.049,3.049,11.536,1,,1,1,,,,1,,1,1,,1,1,1,,,,1,1,,,,,,,,,,,,1,,,1,,,,,,1,,,,,,,,,1,,1,1,,,1,,,,,,,,,10.201,56.192,56.866,22,,,,,,,,,,,,,,,,,,,,,,,,,,,,,,,,,,,3,complete,,,,DE,1___329d0b9d50ddc573caee80a05f3acb1e_QYFQHENY
2026-09-29 12:19:00,2026-09-29 12:24:10,0,100,309,1,2026-09-29 12:24:10,R_8uL2SQS9quOwawt,anonymous,DE,0.8999999761581421,FL_EOS_ID,,2,5,2,3,2,4,100,"Lindt, Bounty, Kit Kat, Neo, Esn, Kinder, Milky Way, Corny,Mars, Snickers, Duplo",3.3,3.3,67.4,1,1,1,,,1,1,1,1,1,1,1,1,1,1,1,,,1,1,,,1,1,,,1,1,,1,1,1,1,1,,,,,,,,,,,1,,,1,,,,1,,,,,,,,,,,,,8.478,74.712,75.44,42,1,1,,1,,,,,,,,33,59,49,9,12,2,2,,,,,,,,,,Eine gesündere Süßigkeit,1,2,5.601,47.978,48.758,10,3,complete,,,,DE,1___d372f8fb95b0089b5685fdb98502845a_QYFQHENY
2026-09-29 12:22:53,2026-09-29 12:24:12,0,100,79,1,2026-09-29 12:24:12,R_8y2Q2tcW1STYejV,anonymous,DE,1,FL_EOS_ID,,4,4,2,7,6,6,100,"Lindt, Milka, ferrero",0.907,0.907,11.781,1,,1,1,,1,1,1,1,1,1,1,1,1,,,,,1,1,,,,1,,,,,1,,1,1,,,,,,,,,1,,,,,,,,,,,1,1,,,,,,,,,1,,,1.421,40.589,41.297,33,,,,,,,,,,,,,,,,,,,,,,,,,,,,,,,,,,,3,complete,,,,DE,1___2f38b602bcc72d17bb548853e97add0d_QYFQHENY
2026-09-29 12:20:48,2026-09-29 12:24:15,0,100,206,1,2026-09-29 12:24:15,R_8FexmtsktH09mE7,anonymous,DE,1,FL_EOS_ID,,1,4,1,7,6,4,100,"Duplo, Kit Kat, Pick Up ",7.801,7.801,64.658,1,,1,,,1,1,1,1,1,1,1,1,1,1,,,,1,1,,,,1,,,1,1,1,1,1,1,1,1,1,1,,1,,1,1,,,,,,,,1,1,1,1,1,,1,,,,,,1,1,,,7.301,93.978,95.29,45,,,,,,,,,,,,,,,,,,,,,,,,,,,,,,,,,,,3,complete,,,,DE,1___a8c29089ef99ffe589ffcb8225d07a4a_QYFQHENY
2026-09-29 12:23:42,2026-09-29 12:24:18,0,100,35,1,2026-09-29 12:24:18,R_8P3cS8pTLQv8ggh,anonymous,DE,0.800000011920929,FL_38,,3,2,2,2,1,5,34,,,,,,,,,,,,,,,,,,,,,,,,,,,,,,,,,,,,,,,,,,,,,,,,,,,,,,,,,,,,,,,,,,,,,,,,,,,,,,,,,,,,,,,,,,,,,,,,,,,,,,,,,,,,complete,,,,DE,1___5c288d1678e2d64c548e3d1414dd984a_QYFQHENY
2026-09-29 12:23:44,2026-09-29 12:24:19,0,100,35,1,2026-09-29 12:24:19,R_8fpqPPqJ6cIxWLv,anonymous,DE,0.8999999761581421,FL_38,,1,4,1,2,5,5,63,,,,,,,,,,,,,,,,,,,,,,,,,,,,,,,,,,,,,,,,,,,,,,,,,,,,,,,,,,,,,,,,,,,,,,,,,,,,,,,,,,,,,,,,,,,,,,,,,,,,,,,,,,,,complete,,,,DE,1___72ca7027119240b1c3b111e907068e1a_QYFQHENY
2026-09-29 12:22:50,2026-09-29 12:24:21,0,100,90,1,2026-09-29 12:24:21,R_2Ce7LUOCBCtdTjo,anonymous,DE,1,FL_EOS_ID,,2,4,1,2,6,7,100,"Snickers ",1.4,1.4,5.365,1,,1,,,1,1,1,1,1,1,1,1,1,1,,1,,1,1,,,1,,1,,1,,1,1,1,1,1,,1,1,,,1,1,1,,,,1,,1,1,1,1,,1,1,,,,1,,,1,,,,,1.101,31.465,32.25,44,,,,,,,,,,,,,,,,,,,,,,,,,,,,,,,,,,,4,complete,,,true,DE,1___f8820ff51f10a2c14139bd1781cf9e6c_QYFQHENY
2026-09-29 12:19:23,2026-09-29 12:24:23,0,100,299,1,2026-09-29 12:24:23,R_8wcOwYxy7yush3p,anonymous,DE,1,FL_EOS_ID,,6,6,2,7,3,4,100,"Twitter, Mars, Stickern, Lion",3.402,3.402,32.577,1,,1,,,1,,1,1,1,1,,1,1,,,,,1,1,,,,1,,,1,,1,1,,1,,1,,,,,,,1,,,,1,,,,,,,,,,,,,,,,,,,,72.555,124.508,125.69,33,,,,,,,,,,,,,,,,,,,,,,,,,,,,,,,,,,,1,complete,,,true,DE,1___d190a21de897707a5d898e5dd1cb35bc_QYFQHENY
2026-09-29 12:21:10,2026-09-29 12:24:28,0,100,198,1,2026-09-29 12:24:29,R_8NvssWdA6KHLJNn,anonymous,DE,1,FL_EOS_ID,,3,3,2,7,3,4,100,"Kinder, Mars",3.225,3.225,10.363,1,,1,,,1,1,1,1,1,1,,1,1,1,,1,1,1,1,1,,,,,,1,1,1,1,1,1,,,1,,,,,1,1,,,,,,,,1,1,1,1,,,1,,,,,,1,1,,,1.853,44.989,45.401,32,,,,,,,,,,,,,,,,,,,,,,,,,,,,,,,,,,,3,complete,,,,DE,1___62e7082342e0c2c0ccb697fdbb3fdc9c_QYFQHENY
2026-09-29 12:23:08,2026-09-29 12:24:28,0,100,80,1,2026-09-29 12:24:29,R_2jNtOjK89EG1Zhg,anonymous,DE,1,FL_EOS_ID,,2,2,2,1,3,5,100,Milka Rittersport,1.615,1.615,11.517,1,,,,,1,1,1,1,1,1,,1,1,,,,,,1,,,,,,,,,,1,,,,,,,,,,,,,,,,,,,,,,,,,,,,,,,,,,1,1.346,34.038,35.232,23,,,,,,,,,,,,,,,,,,,,,,,,,,,,,,,,,,,2,complete,,,,DE,1___e3f4a6fa445c4a5790fd6c6e321adc3a_QYFQHENY
2026-09-29 12:22:29,2026-09-29 12:24:30,0,100,121,1,2026-09-29 12:24:31,R_8YDMsUdnCtZZW1N,anonymous,DE,1,FL_EOS_ID,,2,2,2,6,4,7,100,"Nutella, milka",1.717,10.869,11.248,5,,,,,,,,1,1,,,,1,,,,,,1,,,,,,,,1,,1,,,,,1,,,,,,,,,,,,,,,1,1,,,,,1,,,,,,,,,4.849,44.044,45.14,15,,,,,,,,,,,,,,,,,,,,,,,,,,,,,,,,,,,2,complete,,,,DE,1___816275fffd794b9f6ff167dd5da2b691_QYFQHENY
2026-09-29 12:23:05,2026-09-29 12:24:31,0,100,85,1,2026-09-29 12:24:31,R_82zFrrP5caVDfR6,anonymous,DE,1,FL_EOS_ID,,4,5,2,9,4,4,100,"Mars Raider ",1.074,1.074,8.428,1,,1,,,1,1,1,1,1,1,1,1,1,,,,,1,1,,,,,,,,,1,1,,1,,1,,,,,,,,,,,,,,,,,,,1,,,,,,,,,,,,5.29,28.883,29.6,17,,,,,,,,,,,,,,,,,,,,,,,,,,,,,,,,,,,5,complete,,,,DE,1___90df9cd291b345762bedbcc594a48cee_QYFQHENY
2026-09-29 12:22:58,2026-09-29 12:24:32,0,100,93,1,2026-09-29 12:24:32,R_2NE9s5vdBxRaTPA,anonymous,DE,1,FL_EOS_ID,,4,5,2,1,1,4,100,Mars,1.301,7.379,8.342,2,,1,,,1,,1,1,1,1,,1,1,,,,,,1,,,,,,,,,1,,1,,,1,,,,,,,,,,,,,,,,,,1,,,,,,,,,,,,,3,39.91,40.6,20,,,,,,,,,,,,,,,,,,,,,,,,,,,,,,,,,,,5,complete,,,,DE,1___7364cc4dd2c1bebcfa700d7ccd77ad8a_QYFQHENY
2026-09-29 12:21:32,2026-09-29 12:24:32,0,100,179,1,2026-09-29 12:24:32,R_8kFWskezU3KYm6e,anonymous,DE,1,FL_EOS_ID,,2,4,1,2,5,6,100,"Mars, Snickers, milky way, Twix ",1.049,16.116,17.09,2,,1,,,1,,1,1,1,1,1,1,1,,1,,,1,1,,,,1,,,,1,1,1,1,1,1,1,,,,,,1,1,,,,,,,,1,1,,1,1,1,,,,,,,,,,,2.316,44.656,45.226,41,,,,,,,,1,,,,16,22,-37,17,-1,5,0,,,,,,,,,,"Neumodischer Schokoriegel für Yuppies ",3,3,5.089,24.516,25.459,15,3,complete,,,true,DE,1___5fd0031fb34c6275277c4c13e40839fe_QYFQHENY
2026-09-29 12:23:22,2026-09-29 12:24:41,0,100,79,1,2026-09-29 12:24:42,R_87rqPG5UcfvIpy5,anonymous,DE,1,FL_EOS_ID,,4,2,2,6,2,5,100,GG,3.001,3.001,6.6,1,,,,,1,,1,,,1,,1,1,,,,,,1,,,,,,,1,,1,,,,,,,,,,,,1,,,,,,,,,1,,,,,,1,,,,,,,,,5.5,30.523,31.538,18,,,,,,,,,,,,,,,,,,,,,,,,,,,,,,,,,,,3,complete,,,,DE,1___75c26bbc631d383f015523c3a672a59f_QYFQHENY
2026-09-29 12:24:07,2026-09-29 12:24:47,0,100,39,1,2026-09-29 12:24:47,R_2O0eEKyu8uW3Ntf,anonymous,DE,1,FL_38,,2,2,2,9,4,4,41,,,,,,,,,,,,,,,,,,,,,,,,,,,,,,,,,,,,,,,,,,,,,,,,,,,,,,,,,,,,,,,,,,,,,,,,,,,,,,,,,,,,,,,,,,,,,,,,,,,,,,,,,,,,complete,,,,DE,1___5ff0c3e755d553cedd09ed7d8f4c33a1_QYFQHENY
2026-09-29 12:22:56,2026-09-29 12:24:51,0,100,115,1,2026-09-29 12:24:52,R_8rT2C78oG2p0ouq,anonymous,DE,1,FL_EOS_ID,,4,4,1,8,6,3,100,"Mars, Snickers,Kinder,Lion,duplo",2.516,23.865,24.896,2,1,1,1,,1,1,1,1,1,1,,1,1,1,,,,1,1,,,1,,1,,,1,1,1,1,1,,1,1,,,,,1,1,,,,1,,,,,,,1,1,,,,,,,,1,,,,1.532,44.203,48.033,37,,,,,,,,,,,,,,,,,,,,,,,,,,,,,,,,,,,4,complete,,,,DE,1___fa7dee1cd7e3bb9b4c8d90a213b1ee31_QYFQHENY
2026-09-29 12:23:08,2026-09-29 12:24:55,0,100,106,1,2026-09-29 12:24:56,R_2ktEEgLxiCNI4Co,anonymous,DE,1,FL_EOS_ID,,3,3,1,9,4,5,100,"Duplo, Knoppers, Twix",1.408,1.408,13.865,1,,1,1,,1,1,1,1,1,1,1,1,1,,,,,1,1,,,,1,,,,1,1,1,,1,1,1,,,,,,1,,,,,,,,,1,1,,,1,,,,,,,,,,,,3.908,35.071,37.296,24,,,,,,,,,,,,,,,,,,,,,,,,,,,,,,,,,,,3,complete,,,,DE,1___97301474fa107ce3ee4f6e2f7dd67518_QYFQHENY
2026-09-29 12:21:54,2026-09-29 12:24:58,0,100,183,1,2026-09-29 12:24:58,R_8Ky93WS13wAlN8r,anonymous,DE,1,FL_EOS_ID,,3,2,2,4,3,5,100,"Kinderschokolade, Milka, ritter Sport, snickers, Mars ",2.692,53.289,72.114,12,,,,,1,1,1,1,1,,,1,1,1,,,,1,1,,,,,,,,,1,,,,,1,,1,,,,,,,,,,,,,,1,,,,,,,1,,,,,,,,2.956,34.787,35.704,25,,,,,,,,,,,,,,,,,,,,,,,,,,,,,,,,,,,4,complete,,,,DE,1___b7d13a6c796711563e91f0eff01c5bd7_QYFQHENY
2026-09-29 12:23:17,2026-09-29 12:24:59,0,100,101,1,2026-09-29 12:24:59,R_83fozGAtyExt3kf,anonymous,DE,1,FL_EOS_ID,,2,4,2,7,4,4,100,Mars sticker balisto knopppers,1.101,22.428,23.043,2,1,1,1,,1,1,1,1,1,1,1,1,1,1,,1,,1,1,,,,1,,,1,1,1,1,1,1,,1,1,,,,,1,1,,,,1,,,,,,1,1,1,,,,,,,,1,1,,,2.801,33.986,34.871,45,,,,,,,,,,,,,,,,,,,,,,,,,,,,,,,,,,,4,complete,,,,DE,1___54b5e36a32ebdd53dc30266cc3960d6c_QYFQHENY
2026-09-29 12:23:25,2026-09-29 12:25:00,0,100,95,1,2026-09-29 12:25:01,R_2pWgoXNPx2xOMqM,anonymous,DE,0.800000011920929,FL_EOS_ID,,1,3,2,4,3,4,100,"Kinder Riegel
Snickers
Mars
Kit Kat ",1.791,1.791,20.07,1,1,,,,1,1,1,1,1,1,,1,1,1,,,,1,1,,,1,1,,,1,1,1,,,1,,1,1,1,,,,1,1,,,1,1,,,,1,,,,,,1,,1,,,,1,,,,2.723,39.589,41.16,40,,,,,,,,,,,,,,,,,,,,,,,,,,,,,,,,,,,4,complete,,,true,DE,1___c72ad1f49c3bf1e6083efece5bda60fb_QYFQHENY
2026-09-29 12:24:30,2026-09-29 12:25:00,0,100,29,1,2026-09-29 12:25:01,R_8UejbW0ayTVxrkR,anonymous,DE,1,FL_38,,2,3,2,9,2,4,73,,,,,,,,,,,,,,,,,,,,,,,,,,,,,,,,,,,,,,,,,,,,,,,,,,,,,,,,,,,,,,,,,,,,,,,,,,,,,,,,,,,,,,,,,,,,,,,,,,,,,,,,,,,,complete,,,,DE,1___00877b1406b79c3fa703184e2318ee35_QYFQHENY
2026-09-29 12:24:38,2026-09-29 12:25:02,0,100,24,1,2026-09-29 12:25:03,R_8Dotn8M9yQLf7py,anonymous,DE,1,FL_38,,2,3,2,7,3,3,-4,,,,,,,,,,,,,,,,,,,,,,,,,,,,,,,,,,,,,,,,,,,,,,,,,,,,,,,,,,,,,,,,,,,,,,,,,,,,,,,,,,,,,,,,,,,,,,,,,,,,,,,,,,,,complete,,,,DE,1___858867fcf2cb2bcdae091cdf85ac2504_QYFQHENY
2026-09-29 12:19:18,2026-09-29 12:25:03,0,100,345,1,2026-09-29 12:25:04,R_2sQpehjLxtNlveV,anonymous,DE,0.5,FL_EOS_ID,,3,5,1,4,6,7,100,"Knoppers, Mars, Snickers, Twix, Kinder bueno",1.781,1.781,27.694,1,,1,,,1,1,1,1,1,1,1,1,1,,,1,,1,1,,,,1,,,,,,1,1,1,,,,,,,,,1,,,,,,,,1,,1,,,,1,1,,,,,,,,,4.011,35.567,36.688,27,,,,,,,,,,,,,,,,,,,,,,,,,,,,,,,,,,,4,complete,,,,DE,1___6d611652d65940d303a6ecc4e00ffc54_QYFQHENY
2026-09-29 12:22:22,2026-09-29 12:25:04,0,100,161,1,2026-09-29 12:25:04,R_8Kxzoejx7pe1hMC,anonymous,DE,1,FL_EOS_ID,,4,2,2,9,7,4,100,"Knoppers riegel
Snickers
Twix
Bounty
Mars 
Corny",3.267,35.714,36.641,2,,1,,,1,1,1,1,1,1,,1,1,1,,,,1,1,,,,,,,1,1,,,,,,,,,,,,1,1,,,,,,,,1,,,1,,,,,,,,,1,,,,1.384,53.688,54.751,33,,,,,,,,,,,,,,,,,,,,,,,,,,,,,,,,,,,3,complete,,,,DE,1___39b15598efe85ea5d6ae80e1609cd725_QYFQHENY
2026-09-29 12:22:21,2026-09-29 12:25:04,0,100,163,1,2026-09-29 12:25:05,R_82xoWvNhd1izhus,anonymous,DE,1,FL_EOS_ID,,2,4,2,7,3,5,100,"Knoppers, Milka, Kinderschokolade",3.069,3.069,27.357,1,1,1,,,1,1,1,1,1,1,1,1,1,1,,,,1,1,,,,1,,,,,1,1,,1,,1,1,,,,,,,,,,,,,,,,,,1,,,1,,,,,,,,,6.33,52.551,53.873,30,,,,,,,,,,,,,,,,,,,,,,,,,,,,,,,,,,,5,complete,,,,DE,1___7678145ef10159b37c36549074a06892_QYFQHENY
2026-09-29 12:23:05,2026-09-29 12:25:05,0,100,120,1,2026-09-29 12:25:05,R_8lraCJodG3LOTsc,anonymous,DE,1,FL_EOS_ID,,4,5,1,2,6,5,100,"Ritter Sport, Milka",1.947,1.947,15.403,1,,1,,,1,1,1,1,1,1,,1,1,,,1,,1,1,,,,,,,1,,1,,,,,,1,,,,,,,,,,,,,1,,1,,,,,,1,,,,,,,,,1.323,59.287,60.033,34,,,,,,,,,,,,,,,,,,,,,,,,,,,,,,,,,,,4,complete,,,,DE,1___51969835c9b4dfa5c13c6bb3fab73545_QYFQHENY
2026-09-29 12:24:45,2026-09-29 12:25:07,0,100,21,1,2026-09-29 12:25:08,R_2ASZJqWVxYWn8GJ,anonymous,DE,1,FL_38,,6,3,2,9,5,4,-40,,,,,,,,,,,,,,,,,,,,,,,,,,,,,,,,,,,,,,,,,,,,,,,,,,,,,,,,,,,,,,,,,,,,,,,,,,,,,,,,,,,,,,,,,,,,,,,,,,,,,,,,,,,,complete,,,,DE,1___3bb29e335e1e000fcb0d3a926306be62_QYFQHENY
2026-09-29 12:21:32,2026-09-29 12:25:09,0,100,216,1,2026-09-29 12:25:09,R_8jeNRN2sPSEHCye,anonymous,DE,1,FL_EOS_ID,,4,3,2,3,3,4,100,"Kinderschokolade
Snikers
Mars ",1.302,1.302,22.944,1,1,1,,,1,1,1,1,1,1,1,1,1,1,1,,,1,1,,,,,,,,,1,,1,1,,,,,,,,1,,,,,,,,,,1,,1,1,,,,,,,,,,,,3.594,49.178,49.602,37,,,,,,,,1,,,,0,18,-38,0,0,3,1,,,,,,,,,,"Zuckerfreie Alternative zu normalen Schokoriegeleln ",4,4,2.569,33.085,33.566,16,3,complete,,,,DE,1___f8619acf144e0c941bdf7cc9f8712d46_QYFQHENY
2026-09-29 12:21:46,2026-09-29 12:25:16,0,100,209,1,2026-09-29 12:25:16,R_8qv5Hy9bfbP9bfb,anonymous,DE,1,FL_EOS_ID,,2,4,2,9,6,5,100,"Koro corny es mars snickers bounty
",3.301,38.442,39.367,2,,1,1,,1,1,1,1,1,1,1,1,1,1,,,1,1,1,,,1,1,1,1,1,1,1,1,1,1,1,1,1,1,1,1,1,1,1,1,,,1,1,,1,1,1,,1,1,,1,,,,,,1,1,,,1.801,85.053,85.762,62,,,,,,,,,,,,,,,,,,,,,,,,,,,,,,,,,,,4,complete,,,,DE,1___2ee9ec92cc8fe2a81e1d9e5604ddc555_QYFQHENY
2026-09-29 12:23:29,2026-09-29 12:25:21,0,100,111,1,2026-09-29 12:25:21,R_2EZ0ji33Drzqswe,anonymous,DE,1,FL_EOS_ID,,2,5,1,6,3,4,100,Mars twix,1.5,11.107,11.75,2,,,,,1,,1,1,,,1,,1,,,,,1,1,,,,,,,,,1,1,,,,,,,,,,,,,,,,,,,,,1,,,,,,,,,,,,,,3.074,39.989,41.186,21,,,,,,,,,,,,,,,,,,,,,,,,,,,,,,,,,,,2,complete,,,,DE,1___341ead762d24d8fc32fbb685b5962f06_QYFQHENY
2026-09-29 12:22:32,2026-09-29 12:25:23,0,100,171,1,2026-09-29 12:25:23,R_8E5mMcJv5Xr7aGF,anonymous,DE,1,FL_EOS_ID,,6,3,2,2,4,6,95,Neslie,9.148,9.148,16.795,1,,,,,1,,,,,,,,1,,,,,,,,,,,,,,1,,,1,1,,1,1,,,,,,,,,,,,1,,,,,1,,,,,,,,,,,,,1.506,103.752,105.1,20,,,,,,,,,,,,,,,,,,,,,,,,,,,,,,,,,,,5,complete,,,,DE,1___54888f492cbc8d7087f98a8c5a5c47a9_QYFQHENY
2026-09-29 12:23:09,2026-09-29 12:25:29,0,100,139,1,2026-09-29 12:25:29,R_8HbrWD96OKpmFcV,anonymous,DE,1,FL_EOS_ID,,3,3,1,3,5,6,100,"kinder, lindt, milka usw",1.495,1.495,13.772,1,,1,,,1,1,1,1,1,,,1,1,1,,1,,1,1,,,,1,,,,,1,1,1,1,,,1,,,,,,,,,,1,,,,,,1,1,1,,,1,,,,,,,,,3.081,42.777,44.059,32,,,,,,,,,,,,,,,,,,,,,,,,,,,,,,,,,,,3,complete,,,,DE,1___648fcca67affdf39e0b1eb44912cfd94_QYFQHENY
2026-09-29 12:25:00,2026-09-29 12:25:34,0,100,33,1,2026-09-29 12:25:34,R_2BIC3YXJUfxP6il,anonymous,DE,0.800000011920929,FL_38,,4,2,1,9,3,3,60,,,,,,,,,,,,,,,,,,,,,,,,,,,,,,,,,,,,,,,,,,,,,,,,,,,,,,,,,,,,,,,,,,,,,,,,,,,,,,,,,,,,,,,,,,,,,,,,,,,,,,,,,,,,complete,,,true,DE,1___dcdf61a0e1b2183c548defdad2bae698_QYFQHENY
2026-09-29 12:20:00,2026-09-29 12:25:34,0,100,334,1,2026-09-29 12:25:35,R_2FS1rgsEe8Oculr,anonymous,DE,1,FL_EOS_ID,,4,4,2,9,2,3,100,"Mars snickers Kinder bounty Kinder Riegel 
",2.325,2.325,39.604,1,,1,,,1,1,1,1,1,1,,1,1,,,,,1,1,,,,,,,1,,1,1,1,1,,1,,,,,,,1,,,,,,,,,,1,1,1,,,,,,,,,,,,1.727,140.469,147.589,65,,,,,,,,,,,,,,,,,,,,,,,,,,,,,,,,,,,5,complete,,,,DE,1___761b87ce2389167769b69c18ac20bc25_QYFQHENY
2026-09-29 12:23:11,2026-09-29 12:25:36,0,100,144,1,2026-09-29 12:25:36,R_8mmgCqhPNwq02Wq,anonymous,DE,1,FL_EOS_ID,,2,3,2,2,3,4,100,"Kinderriegel, Yogurette",2.559,24.771,25.369,2,,1,,,1,1,1,1,1,1,,1,1,,,,,1,1,,,,,,,,,1,,1,1,,1,1,,,,,,1,,,,,,,,,1,,1,1,,1,1,,,,,,1,,,5.673,51.002,51.522,33,,,,,,,,,,,,,,,,,,,,,,,,,,,,,,,,,,,3,complete,,,,DE,1___f676acd00692f0113f3b96bf6358dc43_QYFQHENY
2026-09-29 12:24:22,2026-09-29 12:25:38,0,100,76,1,2026-09-29 12:25:39,R_8VO7NEkUMhQPRvA,anonymous,DE,1,FL_EOS_ID,,2,3,2,3,4,5,100,Duplo,1.35,1.35,6.794,1,1,1,,,1,1,1,1,1,1,1,1,1,1,,,,1,1,,,1,1,,,1,1,1,1,1,1,1,,1,1,,,,1,,,,,,,,,1,,1,1,1,,,,,,,,,,,,1.27,33.424,33.795,45,,,,,,,,,,,,,,,,,,,,,,,,,,,,,,,,,,,3,complete,,,,DE,1___cda4f135a2758eed26e35243fd9da611_QYFQHENY
2026-09-29 12:24:04,2026-09-29 12:25:41,0,100,97,1,2026-09-29 12:25:41,R_8o2e3NbyrlgX8ot,anonymous,DE,1,FL_EOS_ID,,3,5,2,1,3,4,100,Duplo Mars Twix Balisto Kinder,0.972,0.972,12.386,1,,1,,,1,1,1,1,1,1,1,1,1,1,,,,1,1,,,,1,,,,1,1,1,1,1,1,1,1,,,,,1,1,,,,1,,,,,1,,1,1,1,,,,,,,,1,,,1.516,48.898,51.864,32,,,,,,,,,,,,,,,,,,,,,,,,,,,,,,,,,,,5,complete,,,,DE,1___24244b2c2804efa551a063a27002318b_QYFQHENY
2026-09-29 12:23:59,2026-09-29 12:25:44,0,100,104,1,2026-09-29 12:25:44,R_8r3tEZf4txfrTY3,anonymous,DE,1,FL_EOS_ID,,3,3,2,3,2,4,100,"Ferrero, mars",3.06,3.06,12.902,1,1,1,,,1,1,1,1,1,1,1,1,1,1,,,,1,1,,,,1,,,1,1,1,1,1,1,1,1,,1,,,,1,1,,,,,,,1,1,1,1,1,,,1,,,,,,1,1,,,1.433,48.772,49.655,44,,,,,,,,,,,,,,,,,,,,,,,,,,,,,,,,,,,3,complete,,,,DE,1___1e9339a3616f4f9a9386e09f16864e5e_QYFQHENY
2026-09-29 12:23:53,2026-09-29 12:25:46,0,100,112,1,2026-09-29 12:25:46,R_8Lid0uIfvAni8uf,anonymous,DE,1,FL_EOS_ID,,3,4,1,9,6,3,100,"Kinderriegel, Snickers, Mars, Bounty, twix",1.301,1.301,21.443,1,,1,,,1,1,1,1,1,1,1,1,1,1,,,,1,1,,,,1,,,1,,,,1,,,,,1,,,,,1,,,,,,,,,,,1,1,,,,,,,,,,,,3.001,39.59,40.491,28,,,,,,,,,,,,,,,,,,,,,,,,,,,,,,,,,,,4,complete,,,,DE,1___d63d0470b528107075c519a2942a98f1_QYFQHENY
2026-09-29 12:24:02,2026-09-29 12:25:46,0,100,103,1,2026-09-29 12:25:46,R_8j8mxneCbOnIYDg,anonymous,DE,1,FL_EOS_ID,,4,4,1,3,2,4,100,"Mars Bounty Snickers ",2.197,2.197,15.845,1,,,,,1,,1,1,1,1,1,1,1,,,,,1,1,,,,,,,1,,1,,1,1,1,1,,,,,,1,1,,,,,,,1,,1,,1,,,1,,,,,,,,1,,3.408,51.982,52.6,28,,,,,,,,,,,,,,,,,,,,,,,,,,,,,,,,,,,3,complete,,,,DE,1___3b81da7ba14d5fa33f694d3969425fae_QYFQHENY
2026-09-29 12:24:33,2026-09-29 12:25:46,0,100,73,1,2026-09-29 12:25:47,R_2a3J34bvLSlOSeB,anonymous,DE,1,FL_EOS_ID,,5,4,1,7,4,5,100,"Snickers, Mars, Twix",0.868,0.868,8.965,1,,1,,1,1,1,1,1,1,1,,1,1,,,,,1,1,,,,,,,,,1,1,1,1,,,,,,,,,1,,,,,,,,,,,,,,,,,,,,,1,,,1.502,35.95,36.716,20,,,,,,,,,,,,,,,,,,,,,,,,,,,,,,,,,,,4,complete,,,,DE,1___9ab3d7d1c0bfac3afe987d2190d1f9a1_QYFQHENY
2026-09-29 12:23:04,2026-09-29 12:25:47,0,100,162,1,2026-09-29 12:25:47,R_8X0qdEZUSpjRH4l,anonymous,DE,0.6000000238418579,FL_EOS_ID,,2,3,2,2,3,5,100,"Kinder Bueno
Kinder Riegel
Twixx
Lion",2.601,35.224,36.4,2,,1,,,1,1,1,1,1,1,,1,1,1,,,,1,1,,,,1,,,1,1,1,1,1,1,,1,1,1,,,,1,1,,,,,,,1,,,,1,,,,1,,,,,,1,,,4.302,60.213,61.252,53,,,,,,,,,,,,,,,,,,,,,,,,,,,,,,,,,,,3,complete,,,,DE,1___0ba95712f91bcfdf9f16513a54fad9fc_QYFQHENY
2026-09-29 12:21:28,2026-09-29 12:26:02,0,100,274,1,2026-09-29 12:26:02,R_21ZVaeXgVUuDB6q,anonymous,DE,1,FL_EOS_ID,,4,3,1,9,2,5,100,"Mars, snickers, milky way, Nestlé, Lindt, Ritter ",1.3,33.154,34.927,2,,1,,,,1,1,1,1,1,,1,1,,1,,,1,1,,,,,,,,,,,1,,,,,,1,,,,,,,,,,,,,,,1,1,,,,,,,,1,,,,2,44.742,46.941,34,,,,,,,,1,1,,,74,70,-15,70,0,7,5,1,,,,,1,,,,Schmeckt gut aber ist gesünder und kalorienarm aber halt auch etwas teurer.,5,6,1.301,51.659,52.258,11,4,complete,,,,DE,1___983c3e88b86f807205f2b20079b83b7e_QYFQHENY
2026-09-29 12:24:31,2026-09-29 12:26:03,0,100,91,1,2026-09-29 12:26:03,R_2r2Nqnu5i5o5UkL,anonymous,DE,1,FL_EOS_ID,,3,4,2,7,6,5,100,"Mars, Twix, Snickers, Bounty",1.45,1.45,31.642,1,,1,,,1,1,1,1,1,1,,1,1,,,,,1,1,,,,1,,,1,,,,,,,1,1,,,,,,1,,,,1,1,,,,,,,,,,,,,,,,,,,4.498,34.213,35.343,29,,,,,,,,,,,,,,,,,,,,,,,,,,,,,,,,,,,4,complete,,,,DE,1___62d3c97bd5fddf31f783347a61e815ad_QYFQHENY
2026-09-29 12:23:11,2026-09-29 12:26:05,0,100,173,1,2026-09-29 12:26:06,R_8hxr9xwOg0J7fzE,anonymous,DE,1,FL_EOS_ID,,2,4,2,8,3,4,100,"Twix Mars bounty kinderriegel Kinder Buenos ",2.5,2.5,36.617,1,1,1,,,1,1,1,1,1,1,1,1,1,1,,,,1,1,,,1,,,,1,,,,1,,,,,1,,,,,1,,,1,,,,,,1,,1,1,1,,,,,,,,1,,,16.056,64.55,66.457,38,,,,,,,,,,,,,,,,,,,,,,,,,,,,,,,,,,,1,complete,,,,DE,1___9ee3e5e4d22a02ed5c113cb21fa73bc6_QYFQHENY
2026-09-29 12:23:23,2026-09-29 12:26:06,0,100,162,1,2026-09-29 12:26:06,R_8SjkYeD3p65fgUF,anonymous,DE,1,FL_EOS_ID,,3,5,1,9,4,4,100,Twix snickers mars,2.814,2.814,23.863,1,,1,,,1,1,1,1,1,1,1,1,1,,,,,1,1,,,,1,,,,,1,1,1,1,,1,1,,,,,1,1,,,,,,,,,1,1,1,1,,,,,,,,,1,,,6.973,67.749,69.103,33,,,,,,,,,,,,,,,,,,,,,,,,,,,,,,,,,,,3,complete,,,,DE,1___9360746e11098586bb0c746d29977caa_QYFQHENY
2026-09-29 12:24:23,2026-09-29 12:26:06,0,100,103,1,2026-09-29 12:26:07,R_878Bk3bmf6vjFuS,anonymous,DE,1,FL_EOS_ID,,4,5,1,2,2,3,100,Milka,3.487,3.487,10.46,1,,1,,,1,,1,1,1,,,1,1,,,,,,1,,,,,,,,,,,,1,,,,,,,,,1,,,,,,,,,,,,,,,1,,,,,,,,,3.472,44.604,45.225,27,,,,,,,,,,,,,,,,,,,,,,,,,,,,,,,,,,,3,complete,,,,DE,1___a4da7168909bde9f022f4bf20d7473f5_QYFQHENY
2026-09-29 12:23:19,2026-09-29 12:26:08,0,100,168,1,2026-09-29 12:26:09,R_8QX7ZYaAXjFCqHf,anonymous,DE,1,FL_EOS_ID,,5,5,2,9,1,2,100,"Kinderriegel
Duplo",3.412,3.412,17.158,1,,,,,1,1,1,1,1,1,,1,1,,,,,1,1,,,,1,,,1,1,1,1,1,1,,1,1,,,,,1,1,,,,,,,,,1,1,1,1,,,1,,,,,,1,,,4.271,64.082,65.301,65,,,,,,,,,,,,,,,,,,,,,,,,,,,,,,,,,,,3,complete,,,,DE,1___3bd203602bb74e4ff107729d45ce3a55_QYFQHENY
2026-09-29 12:23:17,2026-09-29 12:26:09,0,100,171,1,2026-09-29 12:26:09,R_8CgCW6QwdxiPd7j,anonymous,DE,1,FL_EOS_ID,,5,3,1,9,3,6,100,"Kinder, dublo, hanuta ",2.355,33.325,34.719,3,,1,,,1,1,1,1,1,1,,1,1,,,,,1,1,,,,,,,,,1,1,1,1,,,1,,,,,,,,,,,,,,,,,1,,,,1,,,,,,,,,3.427,55.848,56.202,29,,,,,,,,,,,,,,,,,,,,,,,,,,,,,,,,,,,4,complete,,,,DE,1___391853911185973487e827ee492e0e6c_QYFQHENY
2026-09-29 12:24:14,2026-09-29 12:26:10,0,100,115,1,2026-09-29 12:26:11,R_8Hqf6trPwRJ5Xhf,anonymous,DE,1,FL_EOS_ID,,2,4,2,4,3,5,100,"Kinder, balisto",9.003,9.003,14.664,1,,1,1,1,1,1,1,1,1,1,1,1,1,,,,1,1,1,,,,1,,,,,1,1,1,1,,,,,,,,1,,,,,1,,,,,,,1,,,,,,,,,,,,,2.044,21.781,22.737,27,,,,,,,,,,,,,,,,,,,,,,,,,,,,,,,,,,,3,complete,,,,DE,1___bb25d06573e55dc9344c8f4c6385c0a5_QYFQHENY
2026-09-29 12:24:17,2026-09-29 12:26:13,0,100,115,1,2026-09-29 12:26:13,R_2t36qdLTz6irVS0,anonymous,DE,1,FL_EOS_ID,,3,4,2,7,6,4,100,"Milka Snickers KitKat ",0.734,11.935,12.565,2,1,1,1,1,1,1,1,1,1,1,1,1,1,1,1,1,1,1,1,1,,,1,,,1,1,1,,1,,,,1,,,,,,1,,,,1,,,1,1,1,1,1,1,,,1,,,,,,1,,,1.88,31.389,31.692999999999998,48,,,1,1,,,,,,,,79,82,78,87,100,9,9,,,,,,,,,,Eine gesunde Alternative zum Naschen,6,9,1.385,10.157,10.561,10,5,complete,,,,DE,1___7406240b254635022c9dc51744ce8e4e_QYFQHENY
2026-09-29 12:25:02,2026-09-29 12:26:14,0,100,71,1,2026-09-29 12:26:14,R_8r86ISo4dzt48ri,anonymous,DE,1,FL_EOS_ID,,4,4,2,9,7,4,100,Ja,2.16,2.16,4.671,1,,,,,1,,1,,,1,,,,1,,,,,,,,,,1,,,,,,,1,,,,1,,,,,,,,,,,,,,,,,1,,,,1,,,,,,,,3.407,30.43,31.201,14,,,,,,,,,,,,,,,,,,,,,,,,,,,,,,,,,,,5,complete,,,,DE,1___4a81b9544b06b8c6b25e7a27906f358c_QYFQHENY
2026-09-29 12:22:55,2026-09-29 12:26:17,0,100,201,1,2026-09-29 12:26:17,R_2GNcLuqT6ZHwkWR,anonymous,DE,1,FL_EOS_ID,,3,3,2,1,4,7,100,"Ferrero Kinder, Snickers, Knoppers",2.251,2.251,61.763,1,,1,,,1,1,1,1,1,1,,1,1,1,,,1,1,1,,,,1,,,,1,,1,1,1,,,1,1,,,,,1,,,,,,,,,,,1,1,,,,,,,,,1,,,4.801,64.978,65.861,30,,,,,,,,,,,,,,,,,,,,,,,,,,,,,,,,,,,3,complete,,,,DE,1___922cdd0fe273e50ed9d19b5854646fa6_QYFQHENY
2026-09-29 12:24:07,2026-09-29 12:26:17,0,100,129,1,2026-09-29 12:26:17,R_8vVbm1vAmsZiPiV,anonymous,DE,1,FL_EOS_ID,,2,4,2,6,5,6,100,"Sneakers, Lindt, Rittersport, Milka",1.927,1.927,28.277,1,,,,1,1,1,1,1,1,1,,1,1,1,,,1,,1,,,,,,,,,,,1,,,,1,,,,,,1,,,,,,,,,,1,1,1,,,1,,,,,,1,,,2.677,46.753,47.946,31,,,,,,,,,,,,,,,,,,,,,,,,,,,,,,,,,,,3,complete,,,,DE,1___f6b97c65a530e9290311e0e3e5f668df_QYFQHENY
2026-09-29 12:25:55,2026-09-29 12:26:19,0,100,24,1,2026-09-29 12:26:19,R_2Lw0OV24WErCAjP,anonymous,DE,1,FL_38,,2,3,2,9,3,7,70,,,,,,,,,,,,,,,,,,,,,,,,,,,,,,,,,,,,,,,,,,,,,,,,,,,,,,,,,,,,,,,,,,,,,,,,,,,,,,,,,,,,,,,,,,,,,,,,,,,,,,,,,,,,complete,,,true,DE,1___6545da3f603a9ff90b7bbe22a0e83fe4_QYFQHENY
2026-09-29 12:24:16,2026-09-29 12:26:19,0,100,122,1,2026-09-29 12:26:19,R_8OIVbfVJbQdWCxf,anonymous,DE,0.8999999761581421,FL_EOS_ID,,5,4,1,2,4,7,100,"Mars
Snickers
Twix
",3.001,22.2,25.444,4,,1,,,1,1,1,1,1,1,1,1,1,1,,,,1,1,,,,1,,,,,1,,,,1,,,,,,,,,,,,1,,,,,,,,,,,,,,,,,,,,3.377,46.257,46.649,28,,,,,,,,,,,,,,,,,,,,,,,,,,,,,,,,,,,5,complete,,,,DE,1___a84168f17ea24875db6b88351989b9f7_QYFQHENY
2026-09-29 12:24:50,2026-09-29 12:26:19,0,100,88,1,2026-09-29 12:26:20,R_2qWbIU9BzUBshOY,anonymous,DE,1,FL_EOS_ID,,2,4,1,2,3,7,100,"Snickers, Twix, Milky Way",2.143,2.143,13.697,1,,,,,,1,,1,,,,1,,,,,,,1,,,,,,,,,,,,1,,,,,,,,,1,,,,,,,,,,,,,,,,,,,,,1,,,4.611,25.407,26.6,7,,,,,,,,,,,,,,,,,,,,,,,,,,,,,,,,,,,3,complete,,,,DE,1___9d41aa225b6a86027a40eafaacea5125_QYFQHENY
2026-09-29 12:24:50,2026-09-29 12:26:20,0,100,89,1,2026-09-29 12:26:21,R_8BRMrOGFmIpmDYt,anonymous,DE,0.800000011920929,FL_EOS_ID,,3,3,1,4,3,3,100,"Mars, snickers",2,2,10.647,1,,1,,,1,1,1,1,1,1,,1,1,,,,,1,1,,,,,,,,,,,,1,,1,,,,,,,1,,,,,,,,,,,1,1,,1,1,,,,,,1,,,4.361,39.692,40.052,34,,,,,,,,,,,,,,,,,,,,,,,,,,,,,,,,,,,2,complete,,,,DE,1___fdfb448b45193e4163ce1705f02b1180_QYFQHENY
2026-09-29 12:25:15,2026-09-29 12:26:23,0,100,68,1,2026-09-29 12:26:24,R_2TZ5oMeE42mLy2c,anonymous,DE,1,FL_EOS_ID,,5,5,2,9,1,5,100,Ritter Sport rum,1.788,1.788,8.788,1,,1,,,,,1,,,,,,,,,,,,,,,,,,,,,,,,1,,,,,,,,,,,,,,,,,,,1,,,,,,,,,,,,,,4.901,14.881,15.785,9,,,,,,,,,,,,,,,,,,,,,,,,,,,,,,,,,,,4,complete,,,,DE,1___1c6914d032b03332e31ebef29a31212f_QYFQHENY
2026-09-29 12:19:56,2026-09-29 12:26:31,0,100,395,1,2026-09-29 12:26:31,R_8BC2c8aFb0MeuCB,anonymous,DE,1,FL_EOS_ID,,5,5,1,1,3,4,100,"Milka
Twix 
",2.917,16.127,25.753,7,,1,,,1,1,1,1,1,1,1,1,1,,,1,,1,1,,,,1,,,,1,1,1,1,1,1,1,,,,,,1,1,,,,,,,,1,1,1,1,1,,,1,,,,,,1,,,4.548,80.246,80.988,61,,,,,,,,,,,,,,,,,,,,,,,,,,,,,,,,,,,4,complete,,,,DE,1___9969a3387fb509d9265ed9e90db130d5_QYFQHENY
2026-09-29 12:24:00,2026-09-29 12:26:32,0,100,151,1,2026-09-29 12:26:32,R_2ZQ9ZkSEuedJd1m,anonymous,DE,1,FL_EOS_ID,,4,3,2,2,2,3,100,"Kinder, Duplo",0.946,0.946,17.588,1,,1,,,1,,1,1,1,1,1,1,1,,,,,1,1,,,,1,,,1,,1,1,1,,1,,1,,,,,,,,,,,,,,,,,,,,,1,,,,,,,,,1.379,41.765,43.095,56,,,,,,,,,,,,,,,,,,,,,,,,,,,,,,,,,,,4,complete,,,,DE,1___dae73bf132264a9654745fb79db0d123_QYFQHENY
2026-09-29 12:24:07,2026-09-29 12:26:32,0,100,144,1,2026-09-29 12:26:32,R_2p8oz5ogWRSeVVv,anonymous,DE,1,FL_EOS_ID,,3,2,1,9,1,5,100,"Milka
Ritter Sport",1.486,1.486,31.24,1,,,,,,,1,1,,1,,,1,,,,,,1,,,,,,,,,,1,,,,1,1,,,,,,,,,,,,,,,1,,,1,,1,1,,,,,,,,,1.27,33.575,34.487,20,,,,,,,,,,,,,,,,,,,,,,,,,,,,,,,,,,,4,complete,,,,DE,1___aa4de6b6f27a161c7355d5ca0800701e_QYFQHENY
2026-09-29 12:22:27,2026-09-29 12:26:33,0,100,246,1,2026-09-29 12:26:34,R_2CTjhppvRkoSLZf,anonymous,DE,0.800000011920929,FL_EOS_ID,,2,5,2,9,2,3,100,"Milka, Snickers, Bounty, Milky way, Mars ",8.801,35.644,36.08,2,,1,,,1,1,1,1,1,1,,1,1,,,,,1,1,,,,1,,,1,,1,1,1,1,,1,1,,,,,,1,,,,1,,,1,,,1,1,1,,,,,,,,,1,,,8.801,81.033,81.792,45,,,,,,,,,,,,,,,,,,,,,,,,,,,,,,,,,,,3,complete,,,,DE,1___771022084a86d16a4463de74b43a32de_QYFQHENY
2026-09-29 12:23:50,2026-09-29 12:26:35,0,100,165,1,2026-09-29 12:26:36,R_2oBp0wDH533OTPm,anonymous,DE,1,FL_EOS_ID,,2,5,1,7,3,4,100,"Edeka herzstücke 
",2.9,2.9,24.101,1,,,,,1,,,,1,,,,,,,,,,,,,,,,,1,,,1,,,,,,,,,,,,,,,,,,1,,,,1,,,,1,,,,,,,,,10.201,51.91,52.788,10,,,,,,,,,,,,,,,,,,,,,,,,,,,,,,,,,,,5,complete,,,true,DE,1___d9e530ec37daa1ead777c5964398267a_QYFQHENY
2026-09-29 12:25:11,2026-09-29 12:26:36,0,100,84,1,2026-09-29 12:26:36,R_2KPn9PFkiYqaYtD,anonymous,DE,1,FL_EOS_ID,,2,2,2,9,3,4,100,"Milka Kinder ",1.587,1.587,7.168,1,,1,,,1,1,1,1,1,1,,1,1,,,1,,1,1,,,,1,,,1,1,1,1,1,1,,1,1,,,,,1,1,,,,,,,,1,1,,,1,,,1,,,,,,1,,,1.451,31.567,32.649,40,,,,,,,,,,,,,,,,,,,,,,,,,,,,,,,,,,,5,complete,,,,DE,1___241961d156ec7e426ced359a130aa9d6_QYFQHENY
2026-09-29 12:24:07,2026-09-29 12:26:39,0,100,151,1,2026-09-29 12:26:39,R_2lazjQKznAU90M7,anonymous,DE,1,FL_EOS_ID,,3,2,2,3,6,4,100,"Kinder, snickers, twix, mars",7.029,40.118,41.248,2,,1,1,,1,1,1,1,1,1,,1,1,,,1,,1,1,,,,1,,,1,,1,1,1,1,,1,,,,,,1,,,,,,,,1,,,,1,1,,,,,,,,1,1,,,1.252,65.316,66.205,50,,,,,,,,,,,,,,,,,,,,,,,,,,,,,,,,,,,3,complete,,,,DE,1___6d9566cbb486a01e743d3d8597f1f90d_QYFQHENY
2026-09-29 12:24:29,2026-09-29 12:26:39,0,100,130,1,2026-09-29 12:26:40,R_2awxYb1xx4CJ4Wh,anonymous,DE,1,FL_EOS_ID,,4,3,2,7,5,7,100,"Mars 
Snickers 
Bounty",4.185,31.496,32.235,2,,1,,,1,1,1,1,1,1,1,1,1,1,,,,1,1,,,,,,,1,1,1,1,1,1,1,1,,,,,,1,1,,,,,,,1,,,1,1,1,,,,,,,,,,,,2.801,45.893,47.045,37,,,,,,,,,,,,,,,,,,,,,,,,,,,,,,,,,,,4,complete,,,,DE,1___ea8b179715c647dd9162c4c8a4e74ba7_QYFQHENY
2026-09-29 12:25:27,2026-09-29 12:26:45,0,100,78,1,2026-09-29 12:26:46,R_2t0rN0VeMpkHCGl,anonymous,DE,1,FL_38,,2,3,1,2,3,6,35,,,,,,,,,,,,,,,,,,,,,,,,,,,,,,,,,,,,,,,,,,,,,,,,,,,,,,,,,,,,,,,,,,,,,,,,,,,,,,,,,,,,,,,,,,,,,,,,,,,,,,,,,,,,complete,,,,DE,1___a9c5cb143150a6736df8ec1fd5a955a8_QYFQHENY
2026-09-29 12:24:52,2026-09-29 12:26:45,0,100,113,1,2026-09-29 12:26:46,R_805i1ZKGVFDDBrH,anonymous,DE,0.30000001192092896,FL_EOS_ID,,2,4,1,2,6,5,100,Snickers; Nuts; Mars; Milka,1.645,1.645,21.502,1,,1,,,1,1,1,1,1,1,1,1,1,,,1,,1,1,,,,,,,,,,,,1,,,1,,,,,,1,,,,,,,,,,,1,,1,,1,,,,,,1,,,1.902,45.406,47.861,20,,,,,,,,,,,,,,,,,,,,,,,,,,,,,,,,,,,4,complete,,,,DE,1___b246f4981648d9b2b4cea41cd02b965d_QYFQHENY
2026-09-29 12:25:38,2026-09-29 12:26:47,0,100,68,1,2026-09-29 12:26:48,R_2iO7qVrkpTRCRJP,anonymous,DE,0.800000011920929,FL_EOS_ID,,2,4,2,6,5,6,100,"Toblerone, milka",1.212,10.426,11.126,2,,1,,,1,1,1,1,1,1,,1,1,1,,,,1,1,,,,,,,,1,1,1,,,,,,,,,,1,,,,1,,1,,,,,,1,1,,,,,,,,,,,,1.356,24.957,25.74,28,,,,,,,,,,,,,,,,,,,,,,,,,,,,,,,,,,,4,complete,,,,DE,1___393cd61b82049e773369a0e94390731c_QYFQHENY
2026-09-29 12:18:57,2026-09-29 12:26:49,0,100,472,1,2026-09-29 12:26:50,R_2ep4Mntp1eWhBoB,anonymous,DE,1,FL_EOS_ID,,4,4,2,1,3,6,100,"Ritter Sport, Lindt, Milka",3.7,72.26,74.104,2,1,1,1,1,,,,,,,1,,,1,1,1,1,,,1,,,,,,,1,1,1,1,,,1,,,,,,,1,,,,,,,,,1,1,1,1,,,1,,,,,,1,,,18.001,84.529,85.53,36,,,,,,,,,,,1,0,0,5,2,0,5,1,,,,,,,,,,"Ich kenne diese Marke ",3,1,11.801,53.343,54.701,8,5,complete,,,true,DE,1___ab7889d35246b02761e22afc772bdf4d_QYFQHENY
2026-09-29 12:25:09,2026-09-29 12:26:50,0,100,100,1,2026-09-29 12:26:50,R_2IAFFsjjmScjZDb,anonymous,DE,1,FL_EOS_ID,,3,5,2,1,2,4,100,Mars  snickers  duplo,1.861,12.149,12.88,2,,1,,,1,,1,1,1,1,,1,1,,,,,1,1,,,,1,,,,,,,,,,1,,,,,,,1,,,,,,,,,1,,,,,,,,,,,,,,,3.201,34.107,34.993,24,,,,,,,,,,,,,,,,,,,,,,,,,,,,,,,,,,,2,complete,,,,DE,1___babe5b336a4a1623bde1b89147915835_QYFQHENY
2026-09-29 12:24:43,2026-09-29 12:26:51,0,100,128,1,2026-09-29 12:26:52,R_82nKotxdR5K4ger,anonymous,DE,1,FL_EOS_ID,,3,2,2,7,3,5,100,"Snickers, Mars, more, Ferrero, Kinderriegel ",1.265,1.265,24.759,1,,1,,,1,1,1,1,1,1,,1,1,1,,,,1,1,,,,,,,,1,1,,1,,,,1,1,,,,,1,,,,,,,,1,,1,1,,,,,1,,,,,1,,,3.143,51.277,52.431,34,,,,,,,,,,,,,,,,,,,,,,,,,,,,,,,,,,,3,complete,,,,DE,1___fa18044ffb3b7506266eb52bd2c5b81e_QYFQHENY
2026-09-29 12:23:36,2026-09-29 12:26:52,0,100,196,1,2026-09-29 12:26:52,R_85shXhRbX3IUaI0,anonymous,DE,1,FL_EOS_ID,,2,5,2,7,2,4,100,"Kinderriegel ",5.31,18.668,19.312,2,,,,,1,1,1,1,1,1,,1,1,,,,,1,1,,,,,,,1,,,,,,,,,,,,,,,,,,,,,,,,,1,,,,,,,,,,,,,10.548,53.42,54.265,17,,,,,,,,,,,,,,,,,,,,,,,,,,,,,,,,,,,3,complete,,,,DE,1___6849d87774be3ac7c8f08d575caf8205_QYFQHENY
2026-09-29 12:22:51,2026-09-29 12:26:52,0,100,241,1,2026-09-29 12:26:53,R_2IlJZcCzF5iNQJP,anonymous,DE,1,FL_EOS_ID,,2,5,1,6,6,7,100,"Duplo, Kinder",1.033,7.708,7.718,2,,,,,,,1,,1,,,,,,,,,,,,,,,,,,,1,,1,,,,,,,,,,,,,,,,,,,1,,1,,,,,,,,,,,,,1.927,20.6,21.103,12,,,,,,,,,,,,,,,,,,,,,,,,,,,,,,,,,,,3,complete,,,,DE,1___c07405b5ebba1e4ae2dc990e0ee5bacd_QYFQHENY
2026-09-29 12:23:48,2026-09-29 12:26:53,0,100,184,1,2026-09-29 12:26:53,R_2eahQtDwKjVa4XU,anonymous,DE,1,FL_EOS_ID,,2,2,1,2,4,6,100,"Kinder, Duplo, Corny",0.723,14.498,14.814,2,,,,,1,1,1,1,1,1,1,1,1,,,,,1,1,,,,,,,,1,1,1,1,1,,1,1,,,,,1,1,,,,,,,,,1,,,1,,1,1,,,,,1,,,,2.578,121.449,122.416,28,,,,,,,,,,,,,,,,,,,,,,,,,,,,,,,,,,,3,complete,,,,DE,1___8e25e197b48a081bf18733aae238a1e1_QYFQHENY
2026-09-29 12:24:51,2026-09-29 12:26:54,0,100,123,1,2026-09-29 12:26:55,R_8ZQyWZWKeaxspLD,anonymous,DE,1,FL_EOS_ID,,4,5,1,7,5,6,100,"Balisto, Corny, ",2.084,2.084,21.357,1,,1,,,,1,1,1,1,1,1,1,1,1,,,,1,1,,,,1,,,,1,,,,,,,,1,,,,,,,,,1,,,,,,,,,,,,,,,,,,,,1.684,39.748,40.504,19,,,,,,,,,,,,,,,,,,,,,,,,,,,,,,,,,,,5,complete,,,,DE,1___2dbf42e2e7ffabbd27ccc21117bbf92a_QYFQHENY
2026-09-29 12:25:16,2026-09-29 12:26:59,0,100,103,1,2026-09-29 12:27:00,R_8VJ2zl4SOjyDNEB,anonymous,DE,1,FL_EOS_ID,,2,3,2,8,1,6,100,Duplo,2.428,13.242,14.385,2,,,,,1,,1,,,,,1,1,,,,,,,,,,,,,1,,,,,1,,,,,,,,,,,,,,,,1,,1,,,1,,1,1,,,,,1,,,,4.064,35.599,36.6,38,,,,,,,,,,,,,,,,,,,,,,,,,,,,,,,,,,,5,complete,,,,DE,1___fa199d51b3e5a2b6a6fc151ef24a4913_QYFQHENY
2026-09-29 12:24:24,2026-09-29 12:27:09,0,100,164,1,2026-09-29 12:27:09,R_8oo0jiChRCWaO6Q,anonymous,DE,1,FL_EOS_ID,,2,3,1,2,4,6,100,Milka,5.468,23.221,23.592,5,,,,,1,,1,,1,,,1,1,,,,,,,,,,,,,1,,1,,1,,,1,,,,,,1,,,,,,,,1,,1,,1,,,1,1,,,,,,,,,6.44,79.39,79.914,21,,,,,,,,,,,,,,,,,,,,,,,,,,,,,,,,,,,5,complete,,,,DE,1___7f45dc07336a2a7d4e5e633685d2a898_QYFQHENY
2026-09-29 12:25:57,2026-09-29 12:27:11,0,100,73,1,2026-09-29 12:27:11,R_21m7CO5pRMWs43Q,anonymous,DE,1,FL_EOS_ID,,2,2,1,2,3,6,100,"Kinder, Heidel, Knoppers, Milka",0.926,0.926,14.386,1,,,,,1,1,1,,1,1,,1,1,,,,,1,1,,,,1,,,1,1,1,1,1,1,,1,1,,,,,1,1,,,,,,,1,,1,,,1,,1,1,,,,,1,1,,,2.073,32.385,33.001,30,,,,,,,,,,,,,,,,,,,,,,,,,,,,,,,,,,,4,complete,,,,DE,1___7078e7612ab612e6240109938a1b37a6_QYFQHENY
2026-09-29 12:25:12,2026-09-29 12:27:14,0,100,121,1,2026-09-29 12:27:14,R_25HhXCZ6Rgh8wvy,anonymous,DE,1,FL_EOS_ID,,2,3,2,1,5,4,100,"Kinder und corny ",2.736,2.736,8.886,1,,1,,,1,1,1,1,1,1,1,1,1,1,,,,1,1,,,,1,,,1,1,1,1,1,1,1,1,1,1,,,,1,1,,,,1,,,1,1,1,1,1,1,1,1,,,,,,,1,,,3.711,68.971,69.902,53,,,,,,,,,,,,,,,,,,,,,,,,,,,,,,,,,,,3,complete,,,,DE,1___d341de824863616ab2e6b48ed4ab01cc_QYFQHENY
2026-09-29 12:24:54,2026-09-29 12:27:19,0,100,144,1,2026-09-29 12:27:19,R_8GcSVRxxqMvMNn2,anonymous,DE,1,FL_EOS_ID,,4,5,2,8,2,4,100,"Mars, Duplo,kinder ",2.501,2.501,28.554,1,,1,,,1,1,1,1,1,1,1,1,1,,,1,,1,1,,,,,,,1,,1,,1,,1,1,1,,,,,,,,,,,,,,,1,,1,,1,1,1,,,,,,,,,4.201,53.145,54.776,36,,,,,,,,,,,,,,,,,,,,,,,,,,,,,,,,,,,5,complete,,,,DE,1___a525a836c68e81094106c5fa039b4044_QYFQHENY
2026-09-29 12:23:26,2026-09-29 12:27:20,0,100,234,1,2026-09-29 12:27:21,R_8Toc7k4xgkpefwf,anonymous,DE,1,FL_EOS_ID,,2,3,2,2,1,2,100,"Kitkat,milka,lindt,ritter sport,snickers",1.426,38.509,39.06,4,,1,1,,1,1,1,1,1,1,,1,1,,1,,,1,1,,,,,,,,,1,,1,1,,,,,,,,,1,,,,,,,,,1,,1,1,,,,,,,,,,,,2.991,42.949,43.7,32,,,,,,,,,,,1,21,-41,-100,-40,1,1,0,,,,,,,,,,Ein schocko riegel mit zero zucker kann mann naschen ohne reue.,1,5,2.172,47.563,48.582,9,5,complete,,,,DE,1___cd8e70fcf6d26626620f4ec1d8b22fb3_QYFQHENY
2026-09-29 12:24:29,2026-09-29 12:27:21,0,100,172,1,2026-09-29 12:27:21,R_8Yd9sPftYGpxqH7,anonymous,DE,0.8999999761581421,FL_EOS_ID,,4,5,1,7,5,7,100,duplo,3.322,3.322,8.907,1,,1,,,1,1,1,1,1,1,,1,1,,,,,1,,,,,1,,,,,1,,,,,,,,,,,,,,,,1,,,,,1,,,,,,,,,,,,,,,2.854,58.802,63.523,15,,,,,,,,,,,,,,,,,,,,,,,,,,,,,,,,,,,5,complete,,,,DE,1___dffebf3858315a935683aea1a46d0e57_QYFQHENY
2026-09-29 12:24:03,2026-09-29 12:27:23,0,100,200,1,2026-09-29 12:27:23,R_2Eoh5EMNBODSE7d,anonymous,DE,1,FL_EOS_ID,,2,5,2,1,4,3,100,Milka Lindt Nutella schogetten Kinderriegel,1.9,45.456,46.044,4,1,1,,,,,1,1,1,1,,1,1,1,,,,1,1,,,,1,,,1,,1,1,,1,,,,,,,,,1,,,,,,,,,,,,1,,,1,,,,,,1,,,5.101,79.784,82.547,31,,,,,,,,,,,,,,,,,,,,,,,,,,,,,,,,,,,5,complete,,,,DE,1___5ea649f436daaf1029394c7cd468090d_QYFQHENY
2026-09-29 12:26:02,2026-09-29 12:27:23,0,100,80,1,2026-09-29 12:27:23,R_8SpI5bf7xlE4Slw,anonymous,DE,1,FL_EOS_ID,,3,5,2,3,4,5,100,"Mars, Bounty , Kinder, Corny",1.128,1.128,13.476,1,,1,,,1,1,1,1,1,,,1,,,,,,,1,,,,,,,,1,,1,1,,,1,1,,,,,,,,,,,,,1,1,,,,,,1,,,,,,,,,,1.972,30.623,32.348,16,,,,,,,,,,,,,,,,,,,,,,,,,,,,,,,,,,,5,complete,,,true,DE,1___e4804c85bae5b6f55082d2bfa0726820_QYFQHENY
2026-09-29 12:25:20,2026-09-29 12:27:34,0,100,133,1,2026-09-29 12:27:35,R_8hEzoQu95aU20xJ,anonymous,DE,1,FL_EOS_ID,,2,2,1,7,6,2,100,"Milka, hassel nuss twix snickers",3.334,3.334,20.672,1,,,,,1,1,1,1,1,1,,1,,,,,,,1,,,,,,,1,1,1,1,1,1,,1,1,,,,,1,1,,,,,,,,,,,1,,,1,1,,,,,,,,,2.271,50.202,51.153,38,,,,,,,,,,,,,,,,,,,,,,,,,,,,,,,,,,,5,complete,,,,DE,1___c452ffa2af2663917367f4f8023a5349_QYFQHENY
2026-09-29 12:22:04,2026-09-29 12:27:37,0,100,333,1,2026-09-29 12:27:37,R_8ISHPc1I0KawF2a,anonymous,DE,1,FL_EOS_ID,,3,2,2,3,4,5,100,Kinder,2.751,2.751,6.095,1,1,1,,,1,1,1,1,1,1,1,1,1,1,1,1,1,1,1,,,1,1,,,,1,1,1,1,1,,,1,1,1,,,1,,,,,,,,,1,1,,1,1,,,1,1,,,,1,,,,3.041,130.361,131.469,50,,,,1,1,1,,,,,,38,33,31,55,41,5,5,,1,,1,,1,,,,"Tolle Alternative ",4,5,3.813,22.257,23.675,12,4,complete,,,,DE,1___76b1ec6fa3e963f5e032816cb652f702_QYFQHENY
2026-09-29 12:24:47,2026-09-29 12:27:38,0,100,171,1,2026-09-29 12:27:39,R_8tG82xxZ23zWzSg,anonymous,DE,1,FL_EOS_ID,,6,5,2,6,4,2,100,"Duplo ",2.8,2.8,9.161,1,,1,,,1,1,1,1,1,1,,1,1,1,,,,1,1,,,,1,,,1,1,,,,,,,1,,,,,,1,,,,1,,,1,1,,,,,,,,,,,,,1,,,4.263,70.5,71.428,32,,,,,,,,,,,,,,,,,,,,,,,,,,,,,,,,,,,5,complete,,,,DE,1___6d857c3742b49f08d85dbefea0288cc6_QYFQHENY
2026-09-29 12:24:33,2026-09-29 12:27:46,0,100,192,1,2026-09-29 12:27:46,R_8GMpnxIV0o00bRv,anonymous,DE,1,FL_EOS_ID,,6,4,2,9,1,1,100,Mars,5.008,5.635,15.095,2,,1,,,1,1,1,1,1,1,,1,1,,,,,1,1,,,,1,,,1,1,1,1,1,1,,1,1,,,,,1,1,,,,,,,1,1,1,1,1,1,,1,1,,,,,1,1,,,6.067,74.219,77.634,43,,,,,,,,,,,,,,,,,,,,,,,,,,,,,,,,,,,5,complete,,,,DE,1___70b0756b35d5c4cb5739f1d145760bed_QYFQHENY
2026-09-29 12:24:55,2026-09-29 12:27:50,0,100,174,1,2026-09-29 12:27:50,R_8uHjVC5uWk5TXS9,anonymous,DE,1,FL_EOS_ID,,3,5,2,1,4,3,100,"Snickers ",2.101,2.101,7.897,1,,1,,,1,,1,1,1,1,,1,1,,,,,1,1,,,,1,,,1,,1,1,1,1,,1,1,,,,,1,1,,,,,,,,,,,1,1,,1,,,,,,,1,,,2.475,70.918,72.264,30,,,,,,,,,,,,,,,,,,,,,,,,,,,,,,,,,,,3,complete,,,,DE,1___c27a69eb6268ed220eb06677d152ff2b_QYFQHENY
2026-09-29 12:25:48,2026-09-29 12:27:50,0,100,122,1,2026-09-29 12:27:50,R_2B6L98vhGFrOAFz,anonymous,DE,1,FL_EOS_ID,,4,3,2,3,3,4,100,"Kinder Schokolade 
Milch Mäuse 
Snickers 
Mars ",1.951,1.951,26.896,1,,1,,,1,1,,1,1,1,,1,1,1,,,,,1,,,,1,,,,,1,1,1,1,,1,,,,,,1,1,,,,1,,,,,,1,1,1,,,,,,,,1,,,,3.25,44.504,45.4,33,,,,,,,,,,,,,,,,,,,,,,,,,,,,,,,,,,,5,complete,,,,DE,1___0c4e8ae5badb4374a4caf0cc48736bdc_QYFQHENY
2026-09-29 12:23:33,2026-09-29 12:27:59,0,100,265,1,2026-09-29 12:27:59,R_2rcuNAcTM0ZMl9Q,anonymous,DE,1,FL_EOS_ID,,6,5,1,2,2,4,100,"Mars, Snickers",3.753,3.753,18.324,1,,1,,,1,1,1,1,1,1,,1,1,,,,,1,1,,,,,,,,,,,,,,,,,,,,,,,1,,,,,,,,,,,,,,,,,,,,,1,6.473,37.294,38.154,23,,,,,,,,,,,,,,,,,,,,,,,,,,,,,,,,,,,5,complete,,,,DE,1___7285d83ecb5d01951e1eb09149e4a0f3_QYFQHENY
2026-09-29 12:24:05,2026-09-29 12:28:04,0,100,239,1,2026-09-29 12:28:04,R_8DNsYJYHOFkTo3K,anonymous,DE,1,FL_EOS_ID,,2,3,2,7,2,4,100,"Milka, Kinder Riegel, merci, Nuss beißer",2.5,45.5,73.637,2,,1,,1,1,1,1,1,1,1,1,1,1,,,,,1,1,,,,1,,,,,1,1,1,,1,,1,,,,,1,1,,,,,,,,,1,1,1,,1,,1,,,,,,,,,3.7,59.322,60.572,40,,,,,,,,,,,,,,,,,,,,,,,,,,,,,,,,,,,5,complete,,,,DE,1___30c0de35cf9f55b96ca391dd39daffba_QYFQHENY
2026-09-29 12:25:40,2026-09-29 12:28:04,0,100,144,1,2026-09-29 12:28:05,R_87pX2XeNOtxzR0F,anonymous,DE,1,FL_EOS_ID,,4,4,2,1,3,6,100,Knoppers Riegel Kinderschokolade Twix Mars Snickers,1.719,1.719,41.525,1,,1,,,1,1,1,1,1,1,,1,1,,,,,1,1,,,,1,,,,1,1,1,1,1,,1,1,,,,,1,1,,,,,,,,,1,,,1,,,,,,,,,,,,3.065,62.88,64.233,35,,,,,,,,,,,,,,,,,,,,,,,,,,,,,,,,,,,4,complete,,,,DE,1___f4d398118819d6a25e7aa477b7313fba_QYFQHENY
2026-09-29 12:26:30,2026-09-29 12:28:05,0,100,95,1,2026-09-29 12:28:06,R_8jK9cUIWmqNfnkM,anonymous,DE,1,FL_38,,5,4,1,2,5,4,40,,,,,,,,,,,,,,,,,,,,,,,,,,,,,,,,,,,,,,,,,,,,,,,,,,,,,,,,,,,,,,,,,,,,,,,,,,,,,,,,,,,,,,,,,,,,,,,,,,,,,,,,,,,,complete,,,,DE,1___83537af102f5d4a6e054db6f766b0bcb_QYFQHENY
2026-09-29 12:23:54,2026-09-29 12:28:07,0,100,253,1,2026-09-29 12:28:08,R_24DjP0Mq44Koalb,anonymous,DE,0.800000011920929,FL_EOS_ID,,2,5,2,9,2,4,100,"Milka saroty. Stork,",9.31,64.538,65.574,2,,1,,,1,1,1,1,1,1,,1,1,,,,,1,1,,,,,,,1,,,,,1,,,1,,,,,,1,,,,,,,1,,1,,,,,,1,,,,,,,,,9.017,65.024,65.977,23,,,,,,,,,,,,,,,,,,,,,,,,,,,,,,,,,,,4,complete,,,true,DE,1___000a6301fdb5d83097e4553d73c744b3_QYFQHENY
2026-09-29 12:25:30,2026-09-29 12:28:09,0,100,158,1,2026-09-29 12:28:10,R_2BmkS1lp5NvCK17,anonymous,DE,1,FL_EOS_ID,,2,5,2,9,5,3,100,Kinderschokolade,2.928,2.928,23.2,1,,,,,1,,1,1,1,1,1,1,1,,,,,1,1,,,,,,,1,,1,,1,,,1,,,,,,,,,,,,,,1,,,,1,,,1,1,,,,,,,,,3.683,59.857,61.1,45,,,,,,,,,,,,,,,,,,,,,,,,,,,,,,,,,,,3,complete,,,true,DE,1___5843d615edcfe96f6f1c7dfaea98d170_QYFQHENY
2026-09-29 12:24:37,2026-09-29 12:28:10,0,100,212,1,2026-09-29 12:28:10,R_27fg44JWhGTSmu9,anonymous,DE,1,FL_EOS_ID,,3,3,2,2,3,2,100,Milka leon kokos,4.501,23.674,30.768,3,,,,,1,,,1,1,,,1,1,,,,,,,,,,,,,1,,1,,,,1,,,,1,,,,,,,,,,,1,,,1,1,,,,1,,,,,,,,,21.7,88.617,89.318,27,,,,,,,,,,,,,,,,,,,,,,,,,,,,,,,,,,,4,complete,,,true,DE,1___b019f9e1b47ac449f5bd64acceaef54f_QYFQHENY
2026-09-29 12:21:07,2026-09-29 12:28:11,0,100,423,1,2026-09-29 12:28:11,R_2megBiMdHRitlIC,anonymous,DE,1,FL_EOS_ID,,3,3,1,2,4,7,100,"Molka ",2.786,11.188,15.849,3,,,,,1,,,1,1,1,,1,1,,,,,,1,,,,,,,1,,,1,1,,,1,1,,,,,,,,,,,,,1,,,,,,,1,1,,,,,,1,,,1.327,33.111,33.858,26,,,,,,,,,,,,,,,,,,,,,,,,,,,,,,,,,,,5,complete,,,,DE,1___9dd0e5374cabd11db5056ff296d58fed_QYFQHENY
2026-09-29 12:25:56,2026-09-29 12:28:13,0,100,137,1,2026-09-29 12:28:13,R_24kPQ90UcFyBEod,anonymous,DE,1,FL_EOS_ID,,4,2,2,2,7,5,100,Corny kitkat,1.996,13.019,13.767,2,1,1,,,1,1,1,1,1,1,1,1,1,1,,1,,1,1,,,1,1,,,1,1,1,1,1,,1,1,1,1,,,,1,1,,,,,,,1,1,1,1,,1,,1,,,,,,1,1,,,3.608,57.772,58.988,51,,,,,,,,,,,,,,,,,,,,,,,,,,,,,,,,,,,1,complete,,,,DE,1___f9b587c761472e7035e02dbae10c351a_QYFQHENY
2026-09-29 12:27:03,2026-09-29 12:28:18,0,100,75,1,2026-09-29 12:28:19,R_2JCrmFNE3cHgmm7,anonymous,DE,1,FL_EOS_ID,,2,2,1,9,2,4,100,Milka,1.599,4.088,4.553,2,,1,,,,1,,1,1,1,,1,1,,,,,,1,,,,,,,1,1,1,,,1,,1,1,,,,,1,,,,,,,,,,1,,1,1,,1,1,,,,,,,,,1.8,28.02,28.699,36,,,,,,,,,,,,,,,,,,,,,,,,,,,,,,,,,,,3,complete,,,true,DE,1___485422b03bbff07bf3fd46093645636b_QYFQHENY
2026-09-29 12:24:00,2026-09-29 12:28:28,0,100,267,1,2026-09-29 12:28:28,R_8sOYEKl7f8S17AR,anonymous,DE,0.800000011920929,FL_EOS_ID,,4,4,1,9,3,4,100,"Mondelez, Milka, Nestlé ",7.317,49.547,92.832,3,,1,,,1,1,1,1,1,1,,1,1,,,,,1,1,,,,,,,,,1,,1,1,,,,,,,,,,,,,,,,,,1,,1,1,,,,,,,,,1,,,7.739,93.765,94.401,25,,,,,,,,,,,,,,,,,,,,,,,,,,,,,,,,,,,4,complete,,,,DE,1___1438eb3fedb6ee6d56485368f7a9f38e_QYFQHENY
2026-09-29 12:26:04,2026-09-29 12:28:30,0,100,145,1,2026-09-29 12:28:30,R_2saFX46n7PBIqK9,anonymous,DE,1,FL_EOS_ID,,3,2,1,8,2,4,100,"Müsliriegel, ESN",2.671,2.671,22.483,1,,,1,,1,1,1,1,,1,,1,1,1,,,,1,1,,,,1,,,1,1,1,1,1,1,,1,1,1,,,,1,1,,,,,,,,1,1,1,1,,,1,,1,,,,,1,,,1.334,50.315,50.99,48,,,,,,,,,,,,,,,,,,,,,,,,,,,,,,,,,,,4,complete,,,,DE,1___0e354765fd40ba47c1746001e37f2139_QYFQHENY
2026-09-29 12:23:00,2026-09-29 12:28:30,0,100,329,1,2026-09-29 12:28:30,R_816XRFlgEcY30Dm,anonymous,DE,1,FL_EOS_ID,,4,4,1,9,3,6,100,"Milka, Ritter Sport, Kinder, Mars, Snickers, Twix",1.709,111.068,114.675,11,,1,,,,,1,,1,1,,1,1,,,,,,1,,,,,,,,,1,,1,1,,1,1,,,,,,1,,,,,,,,,,,,,,1,1,,,,,,1,,,9.126,80.278,81.897,16,,,,,,,,,,,,,,,,,,,,,,,,,,,,,,,,,,,5,complete,,,,DE,1___b814e4a0a8f8b3ce09224788c4b9c246_QYFQHENY
2026-09-29 12:26:32,2026-09-29 12:28:30,0,100,118,1,2026-09-29 12:28:31,R_202DdU2YOntXCW0,anonymous,DE,1,FL_EOS_ID,,4,3,2,7,4,3,100,"Kinder, knoppers",2,10.551,11.101,2,,1,,,1,1,1,1,1,1,,1,1,,,,,1,1,,,,,,,1,,1,1,1,1,,,1,,,,,1,1,,,,,,,,,1,,1,,,,,,,,,,,,,8.714,46.581,47.07,35,,,,,,,,,,,,,,,,,,,,,,,,,,,,,,,,,,,4,complete,,,true,DE,1___87f6716691a74b67ac1aecee5a490375_QYFQHENY
2026-09-29 12:23:50,2026-09-29 12:28:31,0,100,281,1,2026-09-29 12:28:32,R_8jOYtFxyN3fTD3P,anonymous,DE,1,FL_EOS_ID,,2,3,1,7,2,1,100,"Kinder schokolade , milka, Ritter Sport, Lindt, Ferrero, ",2.795,2.795,33.445,1,,1,1,,1,1,1,1,1,1,,1,1,1,1,1,,1,1,,,,,1,,,,,,1,,,,1,,,,,,,,,,,,,,,,,1,,,,1,1,,,,,,,,7.761,73.259,73.759,38,,,1,,,,,1,,,,100,100,-100,62,55,10,4,,,,,,,,,,"Schmeckt der lecker,  fast wie das original. Aber zu teuer.",1,0,3.172,38.289,38.653,11,5,complete,,,,DE,1___52f1b6dfabf6fb6188894d83d7a8be50_QYFQHENY
2026-09-29 12:24:27,2026-09-29 12:28:47,0,100,259,1,2026-09-29 12:28:47,R_2wMItFoZaGZra0X,anonymous,DE,1,FL_EOS_ID,,2,2,1,1,5,5,100,"Kinder Riegel 
Snickers 
Lyon 
Mars 
Pick up",4.871,4.871,52.927,1,,1,,,1,1,1,1,1,1,,1,,,,,,1,1,,,,1,,,1,,1,1,1,1,,1,,,,,,1,1,,,,1,,,1,1,1,1,1,1,,1,,,,,,1,1,,,1.259,47.954,48.67,42,,,,,,,,,,,,,,,,,,,,,,,,,,,,,,,,,,,3,complete,,,,DE,1___392b9fcdcfe7f6d549d5e19f59f8056f_QYFQHENY
2026-09-29 12:26:23,2026-09-29 12:29:04,0,100,160,1,2026-09-29 12:29:04,R_2jHDgpYfUS75Va5,anonymous,DE,1,FL_EOS_ID,,2,2,2,3,2,3,100,"Kinderschokolade
Mars 
Snikers ",2.044,26.284,27.141,2,,1,,,1,1,1,1,1,1,,1,1,,,1,,1,1,,,,,,,1,1,,,1,,,,1,,,,,1,,,,,1,,,,1,,,1,,,,1,,,,,,,,,8.453,56.171,56.852,30,,,,,,,,,,,,,,,,,,,,,,,,,,,,,,,,,,,4,complete,,,,DE,1___33f75dcc702421c2e28f8abce07c7254_QYFQHENY
2026-09-29 12:22:51,2026-09-29 12:29:09,0,100,378,1,2026-09-29 12:29:10,R_8IcIvnwmDk53M4Z,anonymous,DE,1,FL_EOS_ID,,2,3,2,9,3,3,100,Duplo Kinder knoppers,9.602,25.419,25.851,2,1,1,,,1,,1,1,1,1,,1,1,,1,1,,1,1,,,,,,,,1,,,1,,,,1,,1,1,,1,,,,1,,,,1,,1,1,1,1,,,1,,1,,,1,,,,1.586,254.174,254.626,42,,,,,,1,,1,,,,67,89,-49,51,45,5,4,,,,,,,,,,Lecker aber weniger zucker,3,8,1.801,15.861,16.188,12,5,complete,,,,DE,1___e4329ed2b11f98221515dbbfb4d73f6d_QYFQHENY
2026-09-29 12:20:29,2026-09-29 12:29:13,0,100,523,1,2026-09-29 12:29:14,R_8CHLJbJnCCNGtjl,anonymous,DE,1,FL_EOS_ID,,1,2,2,9,1,6,100,"• Snickers
• Twix
• Mars
• KitKat
• Milka (Milka Riegel veya Milka Oreo)
• Duplo
• Knoppers (Knoppers Riegel)
• Kinder Bueno / Kinder Riegel
• Bounty",9.225,13.354,14.156,4,,,,,1,1,1,,1,1,,1,1,,,,,,1,,,,1,,,,,,,1,1,,1,1,,,,,1,,,,,,,,1,,,,1,,,1,1,,,,,,,,,1.458,29.537,30.378,28,,,,,,,,,,,,,,,,,,,,,,,,,,,,,,,,,,,3,complete,,,,DE,1___c314b771bfd2565c7a5e3ce02b41c0b8_QYFQHENY
2026-09-29 12:27:04,2026-09-29 12:29:18,0,100,133,1,2026-09-29 12:29:18,R_8vvOOpichiGgEEN,anonymous,DE,0.800000011920929,FL_EOS_ID,,4,5,2,3,3,4,100,"Knoppers
Hanuta",3.627,6.334,22.732,2,,1,,,1,1,1,1,1,1,,1,,,,,,,1,,,,,,,,,1,1,,1,,,,,,,,,,,,,,,,,,1,1,,1,,,,,,,,,,,,3.587,59.258,60.164,33,,,,,,,,,,,,,,,,,,,,,,,,,,,,,,,,,,,4,complete,,,,DE,1___0085d96e85269b60363db2509b30cdac_QYFQHENY
2026-09-29 12:27:23,2026-09-29 12:29:24,0,100,120,1,2026-09-29 12:29:24,R_8xjvnELGlGbIcJX,anonymous,DE,1,FL_EOS_ID,,4,3,2,6,5,3,100,Kinder,4.289,4.289,7.258,1,1,1,,,1,1,1,1,1,1,,1,1,1,,,,1,,,,,,,,1,1,1,,1,1,,,,,,,,1,1,,,,,,,,,1,,1,,,,,,,,,,,,,5.192,47.85,48.525,29,,,,,,,,,,,,,,,,,,,,,,,,,,,,,,,,,,,3,complete,,,,DE,1___9a6130f968a0f9111b74374e8b85199f_QYFQHENY
2026-09-29 12:26:00,2026-09-29 12:29:42,0,100,222,1,2026-09-29 12:29:43,R_8qBD3m1w1A2Fg2G,anonymous,DE,1,FL_EOS_ID,,4,2,2,2,7,3,100,"Esn, Dm",2.582,2.582,9.284,1,1,,1,,,,,1,1,,,,1,1,,,,,1,,,,,1,,,,,,,,,,,1,,,,1,1,,,,,,,,,,,,,,,,1,,,,,,,,2.582,137.643,138.538,26,,,,,,,,,,,,,,,,,,,,,,,,,,,,,,,,,,,4,complete,,,,DE,1___391d4ba1ec8d48aa13ae32d82c004c7f_QYFQHENY
2026-09-29 12:25:29,2026-09-29 12:29:50,0,100,260,1,2026-09-29 12:29:50,R_2fqcD9jLQkuedMh,anonymous,DE,1,FL_EOS_ID,,3,6,1,2,3,4,100,snickers,36.403,36.403,43.948,1,,1,,,1,1,1,1,1,,,1,1,,,,,1,1,,,,,,,,,,,,1,,,,,,,,,1,,,,,,,,,1,,,1,,,,,,,,,1,,,5.015,55.38,57.557,19,,,,,,,,,,,,,,,,,,,,,,,,,,,,,,,,,,,3,complete,,,true,DE,1___36715e73331195eebb27e30a32223e66_QYFQHENY
2026-09-29 12:28:19,2026-09-29 12:29:50,0,100,91,1,2026-09-29 12:29:50,R_8jDq2B0tGL8Nx1V,anonymous,DE,1,FL_EOS_ID,,2,3,2,1,4,6,100,"Kinder, Ferrero",1.778,15.658,16.319,4,,1,,,1,1,1,,1,1,,1,1,1,,,,1,1,,,,1,,,1,,,1,1,1,,,,,,,,,1,,,,,,,,,1,,1,1,,,,,,,,1,,,,1.396,36.002,36.831,26,,,,,,,,,,,,,,,,,,,,,,,,,,,,,,,,,,,5,complete,,,,DE,1___5f15c562b7982dde0aeb58879845e85b_QYFQHENY
2026-09-29 12:25:48,2026-09-29 12:29:52,0,100,243,1,2026-09-29 12:29:52,R_2aazOeyUdN5Ispj,anonymous,DE,1,FL_EOS_ID,,2,5,1,9,5,4,100,"Lion, snickers",2.635,11.787,13.281,2,,1,1,,1,1,1,1,1,1,,1,1,,,1,,1,1,,,,1,1,,1,,1,1,1,1,,1,1,,,1,,1,1,,,,1,1,,1,1,1,1,1,1,,1,1,,,1,,1,1,,,2.665,155.097,156.901,58,,,,,,,,,,,,,,,,,,,,,,,,,,,,,,,,,,,2,complete,,,,DE,1___dbddbf20f6866b36f3a03cccedbe8f6e_QYFQHENY
2026-09-29 12:25:46,2026-09-29 12:30:04,0,100,257,1,2026-09-29 12:30:04,R_2KhxhScLPTTrtKh,anonymous,DE,1,FL_EOS_ID,,3,5,1,6,4,7,100,Duplo,2.549,38.137,40.447,2,,1,,,1,1,1,,,1,,,1,,,,,,,,,,,,,,1,,,,1,,,,,,,,,,,,,1,,,,,,,,1,,,,,,,,,,,,5.271,53.082,54.702,18,,,,,,,,,,,,,,,,,,,,,,,,,,,,,,,,,,,5,complete,,,,DE,1___0ccc7df68c59d553686504066ccd2095_QYFQHENY
2026-09-29 12:28:10,2026-09-29 12:30:14,0,100,124,1,2026-09-29 12:30:14,R_8dNsFerc3WavNpg,anonymous,DE,1,FL_EOS_ID,,3,3,2,9,2,3,100,Kinderriegel Mika Ritter Sport,2.463,2.463,31.518,1,,1,,,1,1,1,1,1,1,,1,1,,,,,1,1,,,,,,,,1,1,1,1,1,,,1,,,,,1,,,,,,,,,1,,,1,1,,,1,,,,,1,,,,4.828,45.118,47.865,34,,,,,,,,,,,,,,,,,,,,,,,,,,,,,,,,,,,4,complete,,,,DE,1___f26abc418a387ab823da5d837b49f57f_QYFQHENY
2026-09-29 12:26:54,2026-09-29 12:30:19,0,100,205,1,2026-09-29 12:30:20,R_28IC7MTGeP25Jlo,anonymous,DE,1,FL_EOS_ID,,2,5,2,3,4,4,100,Kinder Milka Ferrero,9.457,25.399,26.055,2,1,1,,,1,1,1,1,1,1,1,,1,,,,,1,1,,,,,,,1,,1,1,1,,,1,1,,,,,1,1,,,,,,,1,,1,,1,,,1,1,1,,,,1,,,,5.223,132.523,134.153,53,,,,,,,,,,,,,,,,,,,,,,,,,,,,,,,,,,,3,complete,,,,DE,1___21318fa2974d3552f820ce28eb4f14fd_QYFQHENY
2026-09-29 12:26:30,2026-09-29 12:30:41,0,100,250,1,2026-09-29 12:30:41,R_2EEkN88cIb7QfoQ,anonymous,DE,1,FL_EOS_ID,,4,2,1,2,3,3,100,"nestle, snickers, mars, kitkat, bounty, twix",2.226,2.226,19.469,1,1,1,,,1,1,1,1,1,1,,1,1,,1,,,1,1,,,,,,,,,1,1,,1,,,1,,,,,1,1,,,,,,,,,,,,,,,1,,1,,,1,,,,0.954,55.317,56.26,39,,,,,1,1,1,1,,,,88,92,64,70,4,7,5,,,,,,,,,,Energiereich,4,6,2.869,36.517,37.269,12,5,complete,,,,DE,1___e7c658369946bc929c4a21e3e4dd7418_QYFQHENY
2026-09-29 12:27:46,2026-09-29 12:30:46,0,100,179,1,2026-09-29 12:30:47,R_8LoITZ61J88ZQKO,anonymous,DE,0.800000011920929,FL_EOS_ID,,2,4,1,1,5,7,100,"Snickers ",4.876,4.876,11.678,1,1,,,,1,,1,1,1,1,,,1,,,,,,1,,,1,1,,,,,1,1,1,1,1,1,1,,,,,1,1,,,,,,,1,,1,1,,1,,1,1,,,,,1,1,,,8.295,66.232,67.082,41,,,,,,,,,,,,,,,,,,,,,,,,,,,,,,,,,,,4,complete,,,,DE,1___44f7dbec871b8badb51d1d7a6185b814_QYFQHENY
2026-09-29 12:27:18,2026-09-29 12:30:50,0,100,211,1,2026-09-29 12:30:50,R_8gCFT3k3WpBGs6B,anonymous,DE,1,FL_EOS_ID,,4,3,1,9,2,5,100,"Kitkat  Milka. ",15.575,15.575,41.355,1,,,,1,1,,,,,1,,1,1,,,,,1,1,,,,,,1,,,,,1,1,,1,,,,,,1,1,,,,,,,,,,,1,1,,1,1,,,,,1,,,,10.2,73.295,74.163,31,,,,,,,,,,,,,,,,,,,,,,,,,,,,,,,,,,,4,complete,,,,DE,1___fe221018283d611b7a85bd1895d5e294_QYFQHENY
2026-09-29 12:28:30,2026-09-29 12:30:52,0,100,141,1,2026-09-29 12:30:53,R_8dwu6HcdNWjTkdP,anonymous,DE,0.800000011920929,FL_EOS_ID,,4,3,2,7,1,2,100,"Kinderschokolade ",2.701,2.701,13.001,1,,,,,1,,1,,1,1,,1,,,,,,1,1,,,,,,,1,,1,1,1,1,,1,1,,,,,1,1,,,,,,,1,,,,,1,,,1,,,,,,,,,5.501,47.042,48.888,25,,,,,,,,,,,,,,,,,,,,,,,,,,,,,,,,,,,3,complete,,,,DE,1___9a1ab16b4dfb9e8302207f98ba70a8b6_QYFQHENY
2026-09-29 12:27:28,2026-09-29 12:30:55,0,100,207,1,2026-09-29 12:30:56,R_8iIlfyLR8XciIHT,anonymous,DE,1,FL_EOS_ID,,5,3,2,7,3,4,100,"Milka ",2.31,2.31,15.679,1,,,,,,,,,,,,,1,,,,,,,,,,,,,,,,,1,,,,,,,,,,,,,,,,,,1,,,,,,,1,,,,,,,,,2.572,35.563,36.218,21,,,,,,,,,,,,,,,,,,,,,,,,,,,,,,,,,,,3,complete,,,,DE,1___f1dced3b7681082a96b329b87b609a8b_QYFQHENY
2026-09-29 12:25:28,2026-09-29 12:31:30,0,100,362,1,2026-09-29 12:31:31,R_2E18OCC7ndrejfb,anonymous,DE,1,FL_EOS_ID,,3,2,2,7,3,3,100,Mars,28.615,28.615,31.005,1,1,,,,,,1,,,1,,1,1,,,,,1,,,,,,,,,,,,,,,,,1,,,,1,,,,,,,,,,,,,,,,,,1,,,,,,,30.788,45.224,45.656,19,,,,,,,,,,,,,,,,,,,,,,,,,,,,,,,,,,,3,complete,,,,DE,1___939881063cd73461a8c7ba78de36955c_QYFQHENY
2026-09-29 12:20:49,2026-09-29 12:31:39,0,100,649,1,2026-09-29 12:31:39,R_8rPwTzTwZQsCDhG,anonymous,DE,1,FL_EOS_ID,,3,6,2,9,4,4,100,"Mars, Snickes, Bounty",1.185,1.185,10.496,1,,1,,,1,1,1,1,1,1,1,1,1,,,,,1,1,,,,1,,,1,,1,1,,1,,,1,,,1,,1,1,,,,,,,,,,1,,,,,,,,,,,1,,,2.506,40.051,41.962,23,,,,,,,,,,,,,,,,,,,,,,,,,,,,,,,,,,,1,complete,,,,DE,1___48c321bd462a5b94927648dc22175cae_QYFQHENY
2026-09-29 12:30:23,2026-09-29 12:32:20,0,100,117,1,2026-09-29 12:32:21,R_8jBsMjhjy4Plg7N,anonymous,DE,1,FL_EOS_ID,,3,3,2,1,3,6,100,"snickers, Mars, Bounty",1.294,1.294,14.168,1,,1,,,1,1,1,1,1,1,,1,1,1,,,,1,1,,,,,,,,,,,1,,,,,,,,,,,,,,1,,,,,,,,,,,,,,,,,,,,12.7,35.625,38.201,33,,,,,,,,,,,,,,,,,,,,,,,,,,,,,,,,,,,4,complete,,,,DE,1___bee99c4d77b31fa93b00dd6235188445_QYFQHENY
2026-09-29 12:28:32,2026-09-29 12:32:35,0,100,243,1,2026-09-29 12:32:36,R_8taEzg19mJd4wpy,anonymous,DE,1,FL_EOS_ID,,3,5,2,7,2,4,100,"Mars, Snickers, Twix, Milkyway, Bounty, Duplo, Kitkat",8.49,8.49,64.628,1,,1,,,1,1,1,1,1,1,1,1,1,,,1,,1,1,,,,1,,,1,1,1,1,1,1,1,1,,,,,,,1,,,,,,,,,1,1,1,1,1,,,,,,,,,,,7.058,84.254,89.192,30,,,,,,,,,,,,,,,,,,,,,,,,,,,,,,,,,,,2,complete,,,,DE,1___69894f99927f12fe795f18a419326861_QYFQHENY
2026-09-29 12:25:55,2026-09-29 12:33:03,0,100,428,1,2026-09-29 12:33:03,R_2PyHUn5bXtoc2TO,anonymous,DE,0.8999999761581421,FL_EOS_ID,,5,5,2,9,5,4,100,"Snickers, Mars, Bounty, Twix, Lion, Kitkat, ",4.12,4.12,178.034,1,1,1,,1,1,1,1,1,1,1,1,1,1,,1,,1,1,1,,,1,,,1,,1,1,,,,1,,1,,,,,,1,,,1,,,,,,,,,,,,1,,,,,,,,,2.956,72.178,73.176,26,,,,,,,,1,,,,58,62,0,0,0,5,4,,,,,,,,,,zuckerreduzierte Schokoriegel,4,5,12.177,26.984,27.902,3,3,complete,,,,DE,1___e73c185c2f8a1b75bb0df407aaa5f8dc_QYFQHENY
2026-09-29 12:36:20,2026-09-29 12:37:50,0,100,90,1,2026-09-29 12:37:50,R_8flmwlV2gk5gesS,anonymous,DE,1,FL_EOS_ID,,2,2,1,2,3,3,100,"Knoppers, Snickers ",1.087,1.087,11.201,1,,,,,,,,,1,1,,1,1,,1,,,,,,,,,,,,,,1,,1,,,,1,1,1,,,,,,,,1,,,1,,,,,1,,,,,,,,1,,,1.645,16.382,16.85,23,1,,,,1,1,,,,,,53,-34,60,37,50,8,5,1,1,,,1,,,,,"Lecker aber teuer ",5,4,1.596,10.947,11.51,8,4,complete,,,,DE,1___a180b346fe277678a9d88f5558b9db7e_QYFQHENY
2026-09-29 12:37:31,2026-09-29 12:39:13,0,100,102,1,2026-09-29 12:39:13,R_8cnCdCgq49BbTQW,anonymous,DE,1,FL_EOS_ID,,2,2,1,4,2,4,100,Mars,4.655,10.986,11.39,2,,,,,1,,1,1,1,1,,1,,,,,,1,1,,,,,,,,,,,,,,1,,,,,,,,,,,,,,1,,,,1,,,1,,,,,,1,,,,5.346,39.347,40.2,24,,,,,,,,,,,,,,,,,,,,,,,,,,,,,,,,,,,4,complete,,,,DE,1___f03689304e62d95519162293c824a780_QYFQHENY
2026-09-29 12:36:37,2026-09-29 12:39:22,0,100,165,1,2026-09-29 12:39:22,R_2PYmavNXqaoaQ6g,anonymous,DE,1,FL_EOS_ID,,3,2,2,9,7,5,100,"Kinder Riegel, Hanuta, knoppers, kitkat, Snikers, Twix ",2.015,2.015,48.804,1,,,,,1,,1,1,1,1,,1,1,,,,,1,1,,,,,,,,,1,,1,1,,,1,,,,,,1,,,,,,,,,1,1,1,,,,1,,,,,,1,,,0.977,49.969,50.89,40,,,,,,,,,,,,,,,,,,,,,,,,,,,,,,,,,,,3,complete,,,,DE,1___feb40bbae2abcf660c8d814d15b592b7_QYFQHENY
2026-09-29 12:37:42,2026-09-29 12:39:25,0,100,102,1,2026-09-29 12:39:25,R_87CYndQMleq4x7e,anonymous,DE,1,FL_EOS_ID,,3,2,1,6,3,5,100,Milka,1.319,8.4,8.759,5,,1,,,1,1,1,1,1,1,,1,1,,,,,1,,,,,1,,,,1,1,1,1,1,,1,1,,,,,1,1,,,,,,,,,1,,1,,,,1,,,,,,,,,2.126,47.402,48.451,43,,,,,,,,,,,,,,,,,,,,,,,,,,,,,,,,,,,2,complete,,,,DE,1___a619b4cb82d33d9eff5ea0f4a5b87a01_QYFQHENY
2026-09-29 12:36:38,2026-09-29 12:39:33,0,100,174,1,2026-09-29 12:39:34,R_8yFqkULCvfLVYDT,anonymous,DE,1,FL_EOS_ID,,2,2,2,5,2,5,100,"Milka ",3.954,3.954,9.84,1,1,1,1,,1,1,1,1,1,1,1,1,1,1,,,1,1,1,,,,,1,,1,,,1,1,1,,,1,1,,,,,1,,,1,,1,,,,1,1,,1,,1,1,1,,,,1,1,,,2.043,88.853,89.483,47,,,,,,,,,,,,,,,,,,,,,,,,,,,,,,,,,,,5,complete,,,,DE,1___99c9564ab1e62046e36d74ca36a9325e_QYFQHENY
2026-09-29 12:36:27,2026-09-29 12:39:37,0,100,190,1,2026-09-29 12:39:38,R_216r6nYFBBJu9ep,anonymous,DE,0.800000011920929,FL_EOS_ID,,4,2,2,3,2,5,100,"Snickers Twix Mars ",1.904,17.438,18.065,2,,1,,,1,1,1,1,1,1,,1,1,1,1,1,,1,1,,,,,,,,,,,,,,,1,,,,,1,,,,,,,,1,,1,1,,,,,,1,,,,,,,,6.701,43.352,44.102,33,,,,,1,1,,,,,,58,53,21,62,-48,8,3,,,,,,,,,,"Es schmeckt echt gut 
",3,7,1.501,17.231,17.994,8,3,complete,,,,DE,1___74c45d3e0d1bfc0098d3237748b3fa26_QYFQHENY
2026-09-29 12:36:49,2026-09-29 12:39:53,0,100,184,1,2026-09-29 12:39:54,R_2kj4iIJhz9MiH5c,anonymous,DE,1,FL_EOS_ID,,5,2,1,3,1,2,100,"Lind Kinder ",11.93,21.565,23.848,2,,1,,,1,1,1,1,1,1,,1,1,,,,,1,1,,,,1,,,1,1,1,1,1,1,,1,1,,,1,,1,1,,,,1,,,1,1,1,1,1,1,,1,1,,,1,,1,1,,,1.2,77.025,79.032,50,,,,,,,,,,,,,,,,,,,,,,,,,,,,,,,,,,,2,complete,,,,DE,1___c58ea7c220080415a80b4293ae072f5c_QYFQHENY
2026-09-29 12:37:10,2026-09-29 12:39:55,0,100,165,1,2026-09-29 12:39:55,R_8Ezta0OIkRPf5p2,anonymous,DE,,FL_EOS_ID,,1,2,2,3,6,6,100,"Deluxe ",7.579,34.743,35.301,2,,,,,,,,,1,,1,1,,1,,,,,,,,1,,1,,,,,,,,,,1,,,,,,,1,,,1,,,,,1,,,,,,,,1,1,,,,,,6.31,14.005,14.707,19,,,,,,,,,,,,,,,,,,,,,,,,,,,,,,,,,,,5,error,timeout,,,DE,1___5fca2edb57db244ab90c3c2403776562_QYFQHENY
2026-09-29 12:39:08,2026-09-29 12:40:28,0,100,80,1,2026-09-29 12:40:29,R_8sbylByUsg8Vtcn,anonymous,DE,0.800000011920929,FL_EOS_ID,,3,2,1,3,3,5,100,"Snickers, KitKat, Milka, Hanuta",1.002,1.002,15.098,1,,1,,,1,1,1,1,1,1,,,1,,,,,1,1,,,,,,,,,,1,1,,,,1,,,,,,,,,,,,,,,,,1,,,,1,,,,,,,,,3.701,29.202,29.6,31,,,,,,,,,,,,,,,,,,,,,,,,,,,,,,,,,,,3,complete,,,,DE,1___196aa1304b8ea0092e4904c867be91a9_QYFQHENY
2026-09-29 12:37:01,2026-09-29 12:40:32,0,100,211,1,2026-09-29 12:40:33,R_2wvsEXarj70zg3Y,anonymous,DE,1,FL_EOS_ID,,4,2,1,7,3,6,100,"Mika, Kinder, Fin Carré",2.374,41.608,43.533,3,,,,,1,,,,1,,,,1,,,,,,,,,,,,,1,,,,1,,,,1,,,,,,,,,,,,,,,,,1,,,,1,,,,,,,,,6.069,60.748,61.445,36,,,,,,,,,,,,,,,,,,,,,,,,,,,,,,,,,,,4,complete,,,,DE,1___2c0e056d75e2cad6e9b5228fe08575bb_QYFQHENY
2026-09-29 12:37:56,2026-09-29 12:40:45,0,100,168,1,2026-09-29 12:40:45,R_8eS0oc2K6ArxM8u,anonymous,DE,1,FL_EOS_ID,,3,2,1,3,2,5,100,"Kitkat, milka, Bueno ",2.112,2.112,18.626,1,,1,,,1,1,1,1,1,1,,1,1,1,1,,,1,1,,,,,,,,,,,,,,,1,,,,,,,,,,,,,,,,,,,,,1,1,,,,,,,,2.564,28.254,29.004,31,,,,,,,,1,,,,39,22,-9,23,31,2,3,,,,,,,,,,"Sehr lecker wenig Kalorien ",4,3,1.924,14.217,15.855,8,5,complete,,,,DE,1___d5441b34027126ae2e203ba4b6ef8103_QYFQHENY
2026-09-29 12:26:22,2026-09-29 12:40:46,0,100,864,1,2026-09-29 12:40:47,R_2yd3FtfZ9kuFBXa,anonymous,DE,1,FL_EOS_ID,,4,2,1,3,2,4,100,Snickers,0.666,0.666,8.049,1,,,,,,,1,,1,,,,,1,,,,1,1,,,,,,,,,,,1,,,,,,,,,,,,,,,,,,,,,1,,,,,,,,,,,,,2.203,31.254,34.255,26,,,,,,,,,,,,,,,,,,,,,,,,,,,,,,,,,,,4,complete,,,,DE,1___a0b4eb807b872bff8f722310a3d4409d_QYFQHENY
2026-09-29 12:41:07,2026-09-29 12:41:26,0,100,18,1,2026-09-29 12:41:26,R_8IejqAyzHTuBtkZ,anonymous,DE,1,FL_38,,3,3,3,7,6,,64,,,,,,,,,,,,,,,,,,,,,,,,,,,,,,,,,,,,,,,,,,,,,,,,,,,,,,,,,,,,,,,,,,,,,,,,,,,,,,,,,,,,,,,,,,,,,,,,,,,,,,,,,,,,complete,,,,DE,1___d329c4617fe8335faa09706661582785_QYFQHENY
2026-09-29 12:39:43,2026-09-29 12:41:30,0,100,106,1,2026-09-29 12:41:30,R_2iqlMDENin8Av0D,anonymous,DE,,FL_EOS_ID,,4,2,1,4,3,3,100,"Ritter Sport, Milka ",1.967,1.967,15.669,1,,1,,,1,1,1,1,1,1,,1,1,,,,,1,1,,,,,,,,1,,1,,1,,,,,,,,,1,,,,,,,,1,1,1,1,,,,1,,,,,1,1,,,2.574,35.185,36.485,28,,,,,,,,,,,,,,,,,,,,,,,,,,,,,,,,,,,3,error,[object Object],,,DE,1___d5e9c1bf43c012af3c6323043be7bd25_QYFQHENY
2026-09-29 12:40:10,2026-09-29 12:41:53,0,100,103,1,2026-09-29 12:41:54,R_28XUynMu6IGNKdk,anonymous,DE,1,FL_EOS_ID,,3,2,1,7,3,4,100,ESN,2.823,2.823,8.952,1,,,,,1,1,1,1,1,1,,1,1,,,,,1,1,,,,,,,,,,,,,,,,,,,,1,,,,,,,,,,,,,,,,,,,,,1,,,,1.406,36.059,37.786,23,,,,,,,,,,,,,,,,,,,,,,,,,,,,,,,,,,,5,complete,,,,DE,1___8a37f7fcfc4c7b4823406a497cedddbb_QYFQHENY
2026-09-29 12:40:02,2026-09-29 12:42:17,0,100,135,1,2026-09-29 12:42:18,R_8iYaDWOHpDlNSBH,anonymous,DE,1,FL_EOS_ID,,3,2,1,4,5,4,100,"Mars Snickers kinderschokolade ",2.099,17.523,18.301,2,,1,1,1,1,1,1,1,1,1,,1,1,1,,,1,1,1,,,1,1,1,1,1,1,1,1,1,1,1,1,1,1,1,1,1,1,1,1,,,,,,,,,1,1,,,1,,,,,,,1,,,3.936,47.83,48.7,54,,,,,,,,,,,,,,,,,,,,,,,,,,,,,,,,,,,4,complete,,,,DE,1___b313bf8ff6d794c211ca52e1c016103b_QYFQHENY
2026-09-29 12:42:24,2026-09-29 12:44:03,0,100,98,1,2026-09-29 12:44:03,R_2zpf0NHnHqp60F7,anonymous,DE,1,FL_EOS_ID,,5,2,1,2,3,3,100,"Milka 
",1.408,6.163,6.995,3,,,,,1,1,1,1,1,1,,1,1,,,1,,1,1,1,,,,,,,,,,,,,,,,,,,,,,1,,,,,,1,,,1,,,,,,,,,,,,,0.848,35.991,35.903,27,,,,,,,,,,,,,,,,,,,,,,,,,,,,,,,,,,,2,complete,,,,DE,1___a6c86b178a2acdb19897733fad8a6ce8_QYFQHENY
2026-09-29 12:42:38,2026-09-29 12:44:26,0,100,108,1,2026-09-29 12:44:26,R_27TlA9saSgA1MXD,anonymous,DE,1,FL_EOS_ID,,2,2,1,6,2,4,100,"Snickers 
Twix
More
Mars
Bounty",1.858,24.01,25.301,2,,1,,,1,1,1,1,1,1,,1,1,1,,,,1,1,,,,1,,,1,,1,1,,,,,,,,,,,,,,,,,,,,1,,,,,,,,,,,,,,,2.1,40.277,40.849,29,,,,,,,,,,,,,,,,,,,,,,,,,,,,,,,,,,,3,complete,,,,DE,1___52bccb09c1adf153de729cbd28358e0f_QYFQHENY
2026-09-29 12:44:32,2026-09-29 12:45:01,0,100,29,1,2026-09-29 12:45:01,R_80h6yoTniAc7Jg5,anonymous,DE,1,FL_38,,2,2,1,3,4,6,-44,,,,,,,,,,,,,,,,,,,,,,,,,,,,,,,,,,,,,,,,,,,,,,,,,,,,,,,,,,,,,,,,,,,,,,,,,,,,,,,,,,,,,,,,,,,,,,,,,,,,,,,,,,,,complete,,,,DE,1___dcb4fa84e0145394a6f9b1db89e9d090_QYFQHENY
2026-09-29 12:43:28,2026-09-29 12:45:09,0,100,101,1,2026-09-29 12:45:09,R_2n0fagMLoQ3fzaV,anonymous,DE,1,FL_EOS_ID,,6,2,2,3,4,3,100,Kinder,1.808,1.808,5.757,1,,,,,,,1,1,1,1,,1,1,1,,,,,1,,,,,,,,,1,,1,,,,,1,,,,,,,,,,,,,,,,,,,,,1,,,,,,,,1.532,40.501,41.543,22,,,,,,,,,,,,,,,,,,,,,,,,,,,,,,,,,,,3,complete,,,,DE,1___bde553401c27a5a78d4b270efc800d9b_QYFQHENY
2026-09-29 12:44:48,2026-09-29 12:45:42,0,100,54,1,2026-09-29 12:45:42,R_2Qsf4jVCUYrBZUQ,anonymous,DE,0.800000011920929,FL_38,,6,3,1,1,3,3,22,,,,,,,,,,,,,,,,,,,,,,,,,,,,,,,,,,,,,,,,,,,,,,,,,,,,,,,,,,,,,,,,,,,,,,,,,,,,,,,,,,,,,,,,,,,,,,,,,,,,,,,,,,,,complete,,,,DE,1___314fc740aeb50a63a899557bfeed1fa1_QYFQHENY
2026-09-29 12:41:55,2026-09-29 12:45:58,0,100,242,1,2026-09-29 12:45:58,R_24ve32HHovik3y5,anonymous,DE,0.800000011920929,FL_EOS_ID,,2,2,2,2,5,7,100,"Milka, Ferrero , Lindt",2.402,46.976,96.744,3,,,,,,,1,,1,1,,,1,,,,,,1,,,,,,,,,1,,1,,,1,1,,,,,,1,,,,,,,,,,,1,1,,1,1,,,,,,1,,,10.068,93.912,95.5,36,,,,,,,,,,,,,,,,,,,,,,,,,,,,,,,,,,,2,complete,,,,DE,1___a74809f6d26b2b51410a9d676f2603ef_QYFQHENY
2026-09-29 12:46:40,2026-09-29 12:46:57,0,100,16,1,2026-09-29 12:46:57,R_8S0oyRpaf7cUiRt,anonymous,DE,1,FL_38,,1,2,1,7,5,5,23,,,,,,,,,,,,,,,,,,,,,,,,,,,,,,,,,,,,,,,,,,,,,,,,,,,,,,,,,,,,,,,,,,,,,,,,,,,,,,,,,,,,,,,,,,,,,,,,,,,,,,,,,,,,complete,,,,DE,1___5013b8b02c5556f0d7b90668db935fdc_QYFQHENY
2026-09-29 12:44:24,2026-09-29 12:47:31,0,100,186,1,2026-09-29 12:47:32,R_2JE3bd7JARs20Uk,anonymous,DE,1,FL_EOS_ID,,3,2,1,2,4,3,100,"Kinder, Snickers, twix, kitkat",4.071,4.071,37.847,1,,1,,,,1,1,1,1,1,,1,1,,,,,1,1,,,,,,,,1,1,,,,,,,,,,,1,1,,,,,,,,1,1,1,1,1,,,1,,,,,1,1,,,2.167,67.777,68.661,41,,,,,,,,,,,,,,,,,,,,,,,,,,,,,,,,,,,3,complete,,,,DE,1___d5ec5af8525e3ce8963d25be3de342f1_QYFQHENY
2026-09-29 12:22:59,2026-09-29 12:47:59,0,100,1499,1,2026-09-29 12:47:59,R_8DuM0do1L0mGxp7,anonymous,DE,1,FL_EOS_ID,,2,3,1,7,3,2,100,duplo,1.023,1.023,8.797,1,1,,,,1,1,1,1,,,,,,1,1,1,,1,1,,,1,1,1,1,1,1,1,,1,1,1,1,1,1,1,1,1,1,1,1,,1,1,1,1,1,1,1,1,1,1,1,1,1,1,1,1,1,1,1,1,,2.269,836.392,837.705,62,1,,1,1,,,,,,,,85,70,52,56,73,7,8,,,,,,,,,,gut,5,7,2.716,272.688,273.544,6,4,complete,,,,DE,1___f4b8e04f7b8f42bb52860e2f8c3c5833_QYFQHENY
2026-09-29 12:45:26,2026-09-29 12:49:04,0,100,217,1,2026-09-29 12:49:04,R_8MtUuufh17t3aA6,anonymous,DE,1,FL_EOS_ID,,3,2,1,3,7,2,100,Nesquik Tricks Maß Kinderriegel Anota Riegel,3.252,3.252,42.614,1,,1,,,,1,1,1,1,1,,1,1,,,,1,1,1,,,,,,,,1,,,,,,,,,,,,,,,,,,,,,1,,,1,,,,,,,,,1,,,,5.906,71.701,72.291,26,,,,,,,,,,,,,,,,,,,,,,,,,,,,,,,,,,,3,complete,,,,DE,1___0c60b15c39eedcf7232c4d702e0e5c61_QYFQHENY
2026-09-29 12:51:15,2026-09-29 12:52:14,0,100,58,1,2026-09-29 12:52:15,R_2U02xEPm9vlfclO,anonymous,DE,1,FL_EOS_ID,,2,2,1,4,1,2,100,Milka,2.286,2.286,5.858,1,,,,,,,,,,1,,,,,,,,,,,,,1,,,,,,,,,,,,,,,,,,,,,,,,,,,,,,,,,,,,,,1,,,3.001,8.537,9.446,9,,,,,,,,,,,,,,,,,,,,,,,,,,,,,,,,,,,3,complete,,,true,DE,1___70a5f13ddc9355df28781e922493c6e4_QYFQHENY
2026-09-29 12:51:58,2026-09-29 12:52:28,0,100,29,1,2026-09-29 12:52:28,R_2uyY03jRItigDHh,anonymous,DE,0.6000000238418579,FL_38,,3,2,1,2,4,4,12,,,,,,,,,,,,,,,,,,,,,,,,,,,,,,,,,,,,,,,,,,,,,,,,,,,,,,,,,,,,,,,,,,,,,,,,,,,,,,,,,,,,,,,,,,,,,,,,,,,,,,,,,,,,complete,,,true,DE,1___0498ea6f3b71be887f33c8ba96861a4b_QYFQHENY
2026-09-29 12:51:32,2026-09-29 12:53:19,0,100,107,1,2026-09-29 12:53:20,R_2kSKcyZ0v7Bgv0g,anonymous,DE,1,FL_EOS_ID,,1,2,1,4,5,6,100,4,2.166,6.291,7.249,2,1,1,,,1,1,1,1,1,1,,1,1,1,,,,1,1,,,,,,,,,,,,,,,,,,,,1,,,,,,,,,1,1,,,,,,1,,,,,1,1,,,3.645,45.335,45.775,25,,,,,,,,,,,,,,,,,,,,,,,,,,,,,,,,,,,3,complete,,,true,DE,1___63ce22ed85d394093f2a054d2a061887_QYFQHENY
2026-09-29 12:52:07,2026-09-29 12:54:24,0,100,137,1,2026-09-29 12:54:25,R_25FbMQl9IQRFySc,anonymous,DE,1,FL_EOS_ID,,3,2,1,9,5,6,100,"Kinder Schokolade, Merci, Bounty, Snickers, Mars, Twix, Duplo",1.433,1.433,24.302,1,,1,,,1,1,1,,1,1,,1,1,,,1,,1,1,,,,,,,1,1,1,,1,1,,1,1,,,,,1,1,,,,,,,,,,,1,1,,,1,,,,,1,1,,,3.26,66.815,68.102,29,,,,,,,,,,,,,,,,,,,,,,,,,,,,,,,,,,,4,complete,,,,DE,1___603ddb4853955e026147261d2fa96b98_QYFQHENY
2026-09-29 12:53:50,2026-09-29 12:54:26,0,100,36,1,2026-09-29 12:54:26,R_8CjdikPIaBnfHXY,anonymous,DE,1,FL_38,,6,2,1,1,2,3,19,,,,,,,,,,,,,,,,,,,,,,,,,,,,,,,,,,,,,,,,,,,,,,,,,,,,,,,,,,,,,,,,,,,,,,,,,,,,,,,,,,,,,,,,,,,,,,,,,,,,,,,,,,,,complete,,,,DE,1___614c78ada615cdb475aa0cc42538a211_QYFQHENY
2026-09-29 12:53:22,2026-09-29 12:55:17,0,100,114,1,2026-09-29 12:55:17,R_88Tl2HwcLj02Xao,anonymous,DE,1,FL_EOS_ID,,6,2,1,7,6,7,100,Milka,1.901,1.901,5.892,1,,1,,,,1,1,1,1,1,,1,1,,,,,1,1,,,,,,,,,1,,,,,,1,,,,,1,,,,,,,,,,,,,,,,,,,,,,,,1,5.236,38.563,39.168,14,,,,,,,,,,,,,,,,,,,,,,,,,,,,,,,,,,,4,complete,,,,DE,1___2f20290cf9320fe86b38ab176be55dbb_QYFQHENY
2026-09-29 12:54:07,2026-09-29 12:55:45,0,100,98,1,2026-09-29 12:55:45,R_8nJftnHfG1LkWeB,anonymous,DE,1,FL_EOS_ID,,2,2,1,9,1,2,100,"Milka 
Lindt
Kinder
Twix",1.702,1.702,16.868,1,,,,,1,1,,1,1,1,,,1,,,,,,1,,,,,,,1,,1,1,1,,,,,,,,,1,1,,,,,,,1,,1,1,,1,,1,,,,,,,1,,,7.595,36.37,36.946,27,,,,,,,,,,,,,,,,,,,,,,,,,,,,,,,,,,,2,complete,,,,DE,1___8bb753061d3e43b7dbe8b7cd1b8935ad_QYFQHENY
2026-09-29 12:57:15,2026-09-29 12:59:31,0,100,135,1,2026-09-29 12:59:32,R_89WShl9Y9IwYQVz,anonymous,DE,1,FL_EOS_ID,,3,2,1,7,6,3,100,"Snickers, Twix, Milka, Mars, Milky way",2.018,2.018,20.384,1,,,,,,1,1,,1,,,1,1,,,,,,1,,,,,,,,,,,1,,,,,,,,,,,,,,,,,,1,,,,,,,1,,,,,,,,,1.672,38.468,39.523,23,,,,,,,,,,,,,,,,,,,,,,,,,,,,,,,,,,,5,complete,,,,DE,1___78c0d46a3c15fed31f6a6037d4ce53fd_QYFQHENY
2026-09-29 12:18:46,2026-09-29 13:05:48,0,100,2821,1,2026-09-29 13:05:49,R_2zT72sapNkIPoFH,anonymous,DE,0.30000001192092896,FL_EOS_ID,,6,5,1,1,7,7,100,"Snickers, mars",3.112,13.901,15.846,2,,1,,,1,,1,1,1,1,1,1,,,,,,1,1,,,,,,,1,,,,,,,,,,,,,,1,,,,,,,,,,,,,,,,,,,,,,,1,2.164,107.286,108.133,29,,,,,,,,,,,,,,,,,,,,,,,,,,,,,,,,,,,2,complete,,,true,DE,1___a650efa65d4390e745085d569091c317_QYFQHENY
2026-09-29 13:24:25,2026-09-29 13:26:27,0,100,121,1,2026-09-29 13:26:28,R_2y9GoOrnYgXVpek,anonymous,DE,1,FL_EOS_ID,,3,2,2,9,3,3,100,"Kinderriegel, yoghurete,",8.26,25.149,28.887,3,,1,,,1,1,1,1,1,,,1,1,,,,,1,1,,,,,,,1,,,1,1,,,,1,,,,,1,1,,,,,,,,,,,1,,,,,,,,,1,,,,0.061,45.128,45.901,55,,,,,,,,,,,,,,,,,,,,,,,,,,,,,,,,,,,3,complete,,,,DE,1___4290505e098e2c9037bc0df884b3b98f_QYFQHENY
2026-09-29 13:25:11,2026-09-29 13:26:32,0,100,80,1,2026-09-29 13:26:32,R_8W4QeLERcje2DNT,anonymous,DE,1,FL_EOS_ID,,5,2,1,4,2,5,100,"Corny ",1.601,1.601,5.151,1,,1,,,1,1,1,1,1,1,,1,1,,,,,1,1,,,,,,,,1,,,,,,,,,,,,,1,,,,,,,,1,,,,,,,,,,,,,,,,2.991,28.017,28.8,23,,,,,,,,,,,,,,,,,,,,,,,,,,,,,,,,,,,4,complete,,,,DE,1___d766d81aaf77508eefdc1d57cb08c534_QYFQHENY
2026-09-29 13:26:18,2026-09-29 13:27:31,0,100,72,1,2026-09-29 13:27:31,R_8WTmzvZOkm8U31Y,anonymous,DE,1,FL_EOS_ID,,3,2,1,7,5,4,100,Milka,1.501,1.501,4.699,1,,1,,,1,1,,1,1,1,,1,1,,,,,1,1,,,,1,,,1,1,1,1,1,1,,1,1,,,,,1,1,,,,,,,1,1,1,1,1,1,,,1,,,,,,1,,,2.601,33.79,34.3,36,,,,,,,,,,,,,,,,,,,,,,,,,,,,,,,,,,,4,complete,,,true,DE,1___26c105901dc5461efecfa6c8919fe61f_QYFQHENY
2026-09-29 13:28:54,2026-09-29 13:29:08,0,100,13,1,2026-09-29 13:29:08,R_8CZnjMOZ0RLlzAX,anonymous,DE,1,FL_38,,2,2,1,1,5,6,35,,,,,,,,,,,,,,,,,,,,,,,,,,,,,,,,,,,,,,,,,,,,,,,,,,,,,,,,,,,,,,,,,,,,,,,,,,,,,,,,,,,,,,,,,,,,,,,,,,,,,,,,,,,,complete,,,true,DE,1___0d476eb5e49cefc0baf861a4baa469a8_QYFQHENY
2026-09-29 13:26:48,2026-09-29 13:29:35,0,100,167,1,2026-09-29 13:29:36,R_8QhMjUK99VIutdO,anonymous,DE,1,FL_EOS_ID,,3,2,1,6,2,5,100,"Cocoa ",8.402,18.092,19.9,2,,,1,,,,,,1,,1,1,1,1,,,1,,1,,,,,,,1,,1,,1,,1,,,1,,1,,,,,,,1,1,1,1,,,,,1,,1,,,,,,,,1,,2.501,15.839,16.815,29,,,,,,,,,,,,,,,,,,,,,,,,,,,,,,,,,,,5,complete,,,,DE,1___dcf20bc78fdb984e9717bbf1a0322bbc_QYFQHENY
2026-09-29 13:00:09,2026-09-29 13:32:14,0,100,1924,1,2026-09-29 13:32:14,R_86yn2K5uqsgb6wx,anonymous,DE,1,FL_EOS_ID,,3,2,1,7,3,4,100,"Snickers, Twix, Powerbar, wunderbar ",3.32,27.881,28.835,5,,1,,,1,1,1,1,1,1,,1,1,1,1,,,1,1,,,,,,,,1,,,1,1,1,,,,,,,,1,,,,1,,,,1,,,,1,,,,,,,,1,1,,,0.264,43.947,44.252,33,,,1,1,1,,1,,,,,42,-15,-30,-15,2,5,0,,,,,,,,,,"Neu und teuer ",2,1,1.783,17.414,18.219,8,5,complete,,,,DE,1___1612f77291723f52b7ebb3834d0df2d0_QYFQHENY
2026-09-29 15:07:40,2026-09-29 15:09:36,0,100,115,1,2026-09-29 15:09:36,R_2a1sK3Hfg8zrmed,anonymous,DE,1,FL_EOS_ID,,3,5,2,1,4,4,100,"Duplo, Kinder",2.277,2.277,9.502,1,,1,,,1,1,1,1,1,1,1,1,1,,,,,1,1,,,,,,,,,1,,1,,,,1,,,,,,,,,,,,,,,1,,1,1,,,,,,,,,,,,3.27,52.686,54.151,22,,,,,,,,,,,,,,,,,,,,,,,,,,,,,,,,,,,4,complete,,,,DE,1___0f77d240247d9962ea7fdb57ad03cea0_QYFQHENY
2026-09-29 15:46:27,2026-09-29 15:48:28,0,100,121,1,2026-09-29 15:48:29,R_81oaVS38wJM1Mw9,anonymous,DE,1,FL_EOS_ID,,2,3,2,7,6,5,100,"Kinder Riegel, Duplo, balisto, Mars, Milky way ",1.478,1.478,23.921,1,1,1,,1,1,1,1,1,1,1,,1,,,,,,1,1,,,,1,,1,1,1,1,1,1,1,1,1,1,,,,,1,1,,,,1,,,,1,1,,1,,,,,,,,,1,1,,,0.95,45.828,48.074,41,,,,,,,,,,,,,,,,,,,,,,,,,,,,,,,,,,,3,complete,,,,DE,1___79db2b8dc930e6fbfd7c0bcb61aa5445_QYFQHENY
2026-09-29 15:58:08,2026-09-29 15:58:54,0,100,45,1,2026-09-29 15:58:54,R_8n3ppFLZQfVr1EE,anonymous,DE,1,FL_38,,5,6,2,7,2,4,-100,,,,,,,,,,,,,,,,,,,,,,,,,,,,,,,,,,,,,,,,,,,,,,,,,,,,,,,,,,,,,,,,,,,,,,,,,,,,,,,,,,,,,,,,,,,,,,,,,,,,,,,,,,,,complete,,,,DE,1___3ac9e067c634af3e0ed57133563d4fc1_QYFQHENY
2026-09-29 16:01:35,2026-09-29 16:02:42,0,100,66,1,2026-09-29 16:02:42,R_8OpQ12NuOgcGLoi,anonymous,DE,,FL_EOS_ID,,1,2,2,3,6,6,100,"Deluxe ",0.903,10.191,10.997,2,,1,,,,,,1,,1,,,,,,,,,,1,,1,,,,,,,1,,,,1,1,,,,,,,,,,,,,,,,,,1,,1,,,,1,,1,,,,4.107,11.33,12.096,17,,,,,,,,,,,,,,,,,,,,,,,,,,,,,,,,,,,5,error,timeout,,,DE,1___b36dcf93522dcc65bf4935d6442a8d9d_QYFQHENY
2026-09-29 16:30:15,2026-09-29 16:33:05,0,100,170,1,2026-09-29 16:33:06,R_8az66uoW1Zbx5pk,anonymous,DE,1,FL_EOS_ID,,5,6,2,2,3,3,100,"Lindt, Novesia, Ritter Sport",2.593,45.577,49.493,2,,,,,,,,,1,1,1,1,1,,,,,,1,,,,,,,,,,,,,,1,1,,,,,,,,,,,,,,,,,,,,,1,,,,,,,,,5.591,51.616,54.401,9,,,,,,,,,,,,,,,,,,,,,,,,,,,,,,,,,,,2,complete,,,,DE,1___a754d49a886dc9113496de865b696410_QYFQHENY
2026-09-29 16:33:16,2026-09-29 16:37:09,0,100,233,1,2026-09-29 16:37:10,R_8rI05En2QwoLAzp,anonymous,DE,,FL_EOS_ID,,1,2,2,3,6,6,100,"Jonfa ",1.504,14.204,14.807,2,1,,,,,,,,,,,,,,1,,,1,,,,,,1,,,1,,,,,,,,,,,,,,1,,,,1,,,,,,,1,,,,,,,,1,,,,4.008,10.985,11.715,15,,1,,1,1,1,1,,,,,93,100,93,100,100,10,9,,,,,,,,,,"Wunderbar ",7,9,3.202,63.24,64.041,14,5,error,timeout,,true,DE,1___285b9984dbc58b3261550a85848c9c68_QYFQHENY
2026-09-29 16:47:02,2026-09-29 16:49:20,0,100,138,1,2026-09-29 16:49:21,R_2l5ZXsf9GiI3qwh,anonymous,DE,0.800000011920929,FL_EOS_ID,,4,5,1,9,1,5,100,"Mars, Snickers, Twix",1.766,1.766,13.713,1,,1,,,1,1,1,1,1,1,,1,1,,,,,1,1,,,,1,,,1,,1,1,1,,1,,1,,,,,1,1,,,,,,,1,,,,,,,,1,,,,,,1,,,3.048,55.504,56.677,28,,,,,,,,,,,,,,,,,,,,,,,,,,,,,,,,,,,1,complete,,,,DE,1___dedf2e1fe87150519a2ef5c42c1e54af_QYFQHENY
2026-09-29 19:42:07,2026-09-29 19:46:49,0,100,281,1,2026-09-29 19:46:49,R_8TACMJHhBkh2IfC,anonymous,DE,1,FL_EOS_ID,,3,6,1,4,2,5,100,mars snickers bounty,7.852,46.978,56.317,3,,,,,1,,1,1,1,1,,1,1,,,,,,,,,,,,,,,1,,,,,,1,,,,,,,,,,,,,,,,,,,,,,,,,,,,,1,5.748,66.315,69.243,12,,,,,,,,,,,,,,,,,,,,,,,,,,,,,,,,,,,2,complete,,,,DE,1___df2b17bb39d22d19677319c2735f9ebc_QYFQHENY
2026-09-29 20:18:31,2026-09-29 20:20:30,0,100,118,1,2026-09-29 20:20:30,R_22PsEyRFcdAV7O7,anonymous,DE,0.8999999761581421,FL_EOS_ID,,3,5,2,7,2,7,100,"Twix, Balisto, Snickers",2.783,2.783,19.484,1,,1,,,1,1,1,1,,1,1,1,1,,,,,,1,,,,1,,,,1,,1,,1,1,,,,,,,,1,,,,1,,,,,,1,,1,,,,,,,,,,,,3.684,52.927,55.683,21,,,,,,,,,,,,,,,,,,,,,,,,,,,,,,,,,,,3,complete,,,,DE,1___dc55fc5873f0706f3a880ec0a0495713_QYFQHENY
2026-09-29 20:33:19,2026-09-29 20:34:54,0,100,94,1,2026-09-29 20:34:55,R_2llktGSAlTKuufT,anonymous,DE,1,FL_EOS_ID,,4,4,1,1,3,5,100,"Milka ",1.101,5.095,7.219,2,,1,,,1,,1,1,1,1,,1,1,,,,,1,1,,,,,,,,,,1,,1,,1,,,,,,1,,,,,,,,,,1,1,,,,1,1,,,,,,,,,3.581,40.337,41.021,25,,,,,,,,,,,,,,,,,,,,,,,,,,,,,,,,,,,3,complete,,,,DE,1___c0b43f8e3c57bae611f492c140aff012_QYFQHENY
2026-09-29 20:48:47,2026-09-29 20:50:43,0,100,115,1,2026-09-29 20:50:43,R_2kHPZ3AODQUkiPM,anonymous,DE,0.8999999761581421,FL_EOS_ID,,6,6,2,9,2,4,100,Milka,4.961,4.961,11.339,1,,1,,,1,1,1,1,1,1,1,1,1,,,,,,1,,,,,,,,,,,,,,,,,,,,,,,1,,,,,,,,,,,,,,,,,,,,,1,4.404,30.115,31.601,14,,,,,,,,,,,,,,,,,,,,,,,,,,,,,,,,,,,4,complete,,,,DE,1___fcdc099c0331eb43e089e418918cf5a3_QYFQHENY
2026-09-29 21:08:04,2026-09-29 21:11:49,0,100,225,1,2026-09-29 21:11:49,R_2JmBRPn7ChdIVpQ,anonymous,DE,1,FL_EOS_ID,,6,6,2,9,4,6,100,Bounti,3.602,3.602,20.164,1,,1,,,1,1,1,1,1,1,,1,1,,,,,1,1,,,,1,,,1,1,,1,,,,,,,,,,,,,,,,,,,,,,,,,,,,,,,,,,1,4.456,56.992,59.735,16,,,,,,,,,,,,,,,,,,,,,,,,,,,,,,,,,,,4,complete,,,,DE,1___4b820a224fa69dba9eb38104b365fde6_QYFQHENY
2026-09-29 23:21:14,2026-09-29 23:24:11,0,100,176,1,2026-09-29 23:24:12,R_21gBdod2obKxL5s,anonymous,DE,,FL_EOS_ID,,5,6,2,6,2,7,100,"Mars, Snickers",1.863,17.392,30.367,2,,1,,,1,1,1,1,1,1,1,1,1,,,,,1,1,,,,,,,1,,1,1,1,,,1,,,,,,,1,,,,,,,,,,,,,,,,,,,,,,,1,3.944,71.567,73.516,20,,,,,,,,,,,,,,,,,,,,,,,,,,,,,,,,,,,4,error,[object Object],,,DE,1___3fa9fbfd6e010fae9815c4c9d48ec1a2_QYFQHENY
2026-09-29 23:59:05,2026-09-30 00:01:44,0,100,159,1,2026-09-30 00:01:45,R_8axBYnE9sPsniN7,anonymous,DE,1,FL_EOS_ID,,5,6,1,9,4,4,100,Milka Ritter Sport,3.492,3.492,25.289,1,,1,,,1,,1,1,1,1,,1,1,,,,,,1,,,,,,,,,,,,,,,1,,,,,,,,,,,,,,,,,,,,,1,,,,,,,,,4.901,54.124,60.071,14,,,,,,,,,,,,,,,,,,,,,,,,,,,,,,,,,,,3,complete,,,,DE,1___1314352785a316f57184b3f6a76afa58_QYFQHENY
2026-09-29 23:53:50,2026-09-30 06:48:43,0,100,24892,1,2026-09-30 06:48:43,R_8EoRAclYnELeGsx,anonymous,DE,1,FL_EOS_ID,,3,3,2,9,6,7,100,"Kinderriegel, Mars, balisto",2.262,24.654,25.368,2,1,1,1,,1,1,1,1,1,1,1,1,1,1,1,,1,1,1,,,1,1,,,,1,1,1,1,1,1,1,1,1,1,,1,1,1,,,,1,,,,,,,1,1,,,,,1,,1,,,,,6.517,88.218,89.1,51,,,,,1,,,1,,,,62,45,0,37,13,8,9,,,,,,,,,,"Riegel mit Schokolade ohne Zucker ",6,8,2.005,27.939,28.716,10,4,complete,,,true,DE,1___d0994359a8b858b4e990a4c84f1783e4_QYFQHENY
2026-09-30 07:19:28,2026-09-30 07:19:47,0,100,19,1,2026-09-30 07:19:48,R_8OtK8Knrc9U50J3,anonymous,DE,1,FL_38,,4,3,1,3,4,6,37,,,,,,,,,,,,,,,,,,,,,,,,,,,,,,,,,,,,,,,,,,,,,,,,,,,,,,,,,,,,,,,,,,,,,,,,,,,,,,,,,,,,,,,,,,,,,,,,,,,,,,,,,,,,complete,,,,DE,1___8a789558a2de8ff2551315d37038d710_QYFQHENY
2026-09-30 07:20:14,2026-09-30 07:20:44,0,100,29,1,2026-09-30 07:20:45,R_29acjSPYQAhRdgv,anonymous,DE,1,FL_38,,1,2,1,3,6,5,-100,,,,,,,,,,,,,,,,,,,,,,,,,,,,,,,,,,,,,,,,,,,,,,,,,,,,,,,,,,,,,,,,,,,,,,,,,,,,,,,,,,,,,,,,,,,,,,,,,,,,,,,,,,,,complete,,,,DE,1___d597a1705627e3e95d81c189abc54d09_QYFQHENY
2026-09-30 07:20:19,2026-09-30 07:20:47,0,100,28,1,2026-09-30 07:20:47,R_2VT1uPipRtukOuR,anonymous,DE,1,FL_38,,1,2,1,3,1,3,40,,,,,,,,,,,,,,,,,,,,,,,,,,,,,,,,,,,,,,,,,,,,,,,,,,,,,,,,,,,,,,,,,,,,,,,,,,,,,,,,,,,,,,,,,,,,,,,,,,,,,,,,,,,,complete,,,,DE,1___b47822b52bac2f8528828c66cf7c61e0_QYFQHENY
2026-09-30 07:19:33,2026-09-30 07:21:00,0,100,87,1,2026-09-30 07:21:00,R_2I5lvhn4XixZlgT,anonymous,DE,1,FL_EOS_ID,,6,2,2,5,2,3,100,"Kinder ",1.957,1.957,8.701,1,,1,,,1,,1,1,1,1,,1,1,,,1,,1,1,,,,,,,,,,,,,,,,,,,,,,,1,,,,,,,,,,,,,,,,,,,,,1,1.548,22.596,23.404,39,,,,,,,,,,,,,,,,,,,,,,,,,,,,,,,,,,,4,complete,,,,DE,1___3b24cac330b84d35be9f0b7751d28e07_QYFQHENY
2026-09-30 07:19:59,2026-09-30 07:21:02,0,100,62,1,2026-09-30 07:21:02,R_2HNzjmbhsKeHpEh,anonymous,DE,1,FL_EOS_ID,,5,4,2,7,7,4,100,"Kinder ",1.03,3.88,4.515,2,,1,,,1,1,1,1,1,1,1,1,1,,,,,1,1,,,,,,,,,1,1,1,1,,,,,,,,,,,,,,,,,,,,1,,,,,,,,,,,,,2.027,28.93,29.401,27,,,,,,,,,,,,,,,,,,,,,,,,,,,,,,,,,,,4,complete,,,true,DE,1___818c80333a21dfea9ceb9643af017d8e_QYFQHENY
2026-09-30 07:19:58,2026-09-30 07:21:21,0,100,83,1,2026-09-30 07:21:21,R_2doeZFs6TEhIaOt,anonymous,DE,1,FL_EOS_ID,,4,2,2,2,3,3,100,Kinderschokoöade,1.681,1.681,8.271,1,,,,,,,1,,1,1,,,1,,,,,1,1,,,,,,,,,,,1,,,,,,,,,1,1,,,,,,,,,,,,,,,,,,,,,1,,,1,37.929,38.628,22,,,,,,,,,,,,,,,,,,,,,,,,,,,,,,,,,,,2,complete,,,,DE,1___70dbf044f8db1137eac733d1c6892b3d_QYFQHENY
2026-09-30 07:20:42,2026-09-30 07:21:30,0,100,47,1,2026-09-30 07:21:30,R_8CjpJDhqMijDEhW,anonymous,DE,1,FL_EOS_ID,,2,2,1,2,4,3,100,Milka,1.671,1.671,4.904,1,,1,,,,,1,1,,,,,,,,,,,,,,1,,,1,,,1,,,,,,,,,1,,,,,,1,,1,,,,,,,,,,,,,,1,,,,,0.811,7.608,8.283,19,,,,,,,,,,,,,,,,,,,,,,,,,,,,,,,,,,,3,complete,,,,DE,1___14e1668dd5ffda851000bf4337f32deb_QYFQHENY
2026-09-30 07:19:23,2026-09-30 07:21:36,0,100,132,1,2026-09-30 07:21:36,R_8TC6hu98oWFGs1i,anonymous,DE,1,FL_EOS_ID,,3,5,1,9,5,7,100,Mars,0.948,0.948,8.092,1,,1,,,,,,,,1,,1,,,,,,,1,,,,,,,,,,,,,,,1,,,,,,,,,,,,,,,,,,,,1,1,,,,,,1,,,2.886,29.867,31.05,21,,,,,,,,,,,,,,,,,,,,,,,,,,,,,,,,,,,4,complete,,,,DE,1___b78e410f3f64e9a2b8371f3d3cbabf2d_QYFQHENY
2026-09-30 07:20:12,2026-09-30 07:21:46,0,100,93,1,2026-09-30 07:21:46,R_2dAeubqZwpGycNS,anonymous,DE,1,FL_EOS_ID,,4,6,2,7,2,4,100,Kinder,2.775,2.775,8.696,1,,1,,,1,,1,1,1,1,,1,1,,,,,,1,,,,,,,,,1,1,,,1,,,,,,,,,,,,,,,,,,,1,,1,,,,,,,,,,,4.172,35.769,36.725,21,,,,,,,,,,,,,,,,,,,,,,,,,,,,,,,,,,,5,complete,,,,DE,1___de8599cecec2f37ed1736b2fedd0bba3_QYFQHENY
2026-09-30 07:20:06,2026-09-30 07:21:48,0,100,101,1,2026-09-30 07:21:48,R_27aNfE7QkteQ7ol,anonymous,DE,0.6000000238418579,FL_EOS_ID,,4,5,2,1,4,7,100,"Milka Snickers KitKat ",1.695,15.845,16.456,2,,,,,1,1,1,1,1,1,,1,1,,,,,1,1,,,,,,,,,,,,,,,1,,,,,,,,,,,,,,,1,,,,,,1,,,,,,,,,3.071,32.055,33.035,23,,,,,,,,,,,,,,,,,,,,,,,,,,,,,,,,,,,4,complete,,,true,DE,1___b0a6082966badecc6bad276e957b296e_QYFQHENY
2026-09-30 07:20:03,2026-09-30 07:21:50,0,100,107,1,2026-09-30 07:21:50,R_8hyJLZSxg37gxXb,anonymous,DE,1,FL_EOS_ID,,2,3,2,9,5,6,100,Milka,2.569,2.569,7.666,1,,,,,1,1,1,,1,,,1,1,,,,1,1,1,,,,,,,,,1,,,1,,,1,,,1,,,1,,,,,,,1,,,1,,1,,1,,,1,,,1,,,,2.197,38.967,40.002,69,,,,,,,,,,,,,,,,,,,,,,,,,,,,,,,,,,,4,complete,,,,DE,1___e45d485621538866d4746730a68e0b6a_QYFQHENY
2026-09-30 07:20:35,2026-09-30 07:21:51,0,100,75,1,2026-09-30 07:21:51,R_8P0tmIpxQTjOEWe,anonymous,DE,1,FL_EOS_ID,,2,4,1,2,6,4,100,"Milka Hanuta ",1.157,10.524,11.075,2,,1,,1,1,1,1,1,1,1,1,1,1,,,,,1,1,,,,1,,,1,,1,1,1,1,1,1,1,,,,,1,1,,,,,,,,,1,1,,,,,,,,,,1,,,,1.491,32.653,34.583,37,,,,,,,,,,,,,,,,,,,,,,,,,,,,,,,,,,,1,complete,,,,DE,1___6e38f9faf7d93925ca7b3bafc1d587f4_QYFQHENY
2026-09-30 07:19:38,2026-09-30 07:21:54,0,100,136,1,2026-09-30 07:21:55,R_2rAlCetdfNOC8qY,anonymous,DE,1,FL_EOS_ID,,3,3,1,2,5,7,100,"Mars, Ferrero ",2.569,2.569,22.144,1,,1,,,1,1,1,1,1,1,,1,1,,,,,1,1,,,,,,,,,1,1,1,,,1,1,,,,,,1,,,,,,,,,1,1,1,,,1,1,,,,,,1,,,1.516,57.177,60.378,31,,,,,,,,,,,,,,,,,,,,,,,,,,,,,,,,,,,4,complete,,,,DE,1___d68b8e2b6eeb624d1ab7fcfb932fd57a_QYFQHENY
2026-09-30 07:20:29,2026-09-30 07:21:59,0,100,89,1,2026-09-30 07:21:59,R_2IdtQdktTIghRn3,anonymous,DE,1,FL_EOS_ID,,2,4,2,9,3,3,100,"Mars
Snickers
Bounty",1.787,10.853,11.3,2,,1,,,1,1,1,1,1,1,,1,1,,,,,1,1,,,,1,,,1,1,1,1,1,1,,1,1,,,,,1,1,,,,1,,,1,1,1,1,1,1,,1,1,,,,,1,1,,,2.873,37.421,37.965,44,,,,,,,,,,,,,,,,,,,,,,,,,,,,,,,,,,,3,complete,,,,DE,1___ab0ff5320c6b00245da4e0a8aa79b7ab_QYFQHENY
2026-09-30 07:20:18,2026-09-30 07:22:15,0,100,117,1,2026-09-30 07:22:16,R_2Y4XlavYmw2feLD,anonymous,DE,1,FL_EOS_ID,,2,5,2,4,3,4,100,"Milka ",2.968,2.968,8.744,1,,,,,,1,1,1,1,1,1,1,1,,,,,1,1,,,,,,,,,,,,,,,1,,,,,1,,,,,,,,,,,,,,,,1,,,,,1,,,,7.863,53.974,54.9,21,,,,,,,,,,,,,,,,,,,,,,,,,,,,,,,,,,,2,complete,,,,DE,1___e56d33bf33b397464d8b41cf3deba3ba_QYFQHENY
2026-09-30 07:21:14,2026-09-30 07:22:19,0,100,65,1,2026-09-30 07:22:20,R_29VbUXexVS6PASR,anonymous,DE,1,FL_EOS_ID,,2,5,2,2,3,4,100,Kinder milka,1.3,1.3,6.446,1,,,,,,,1,1,1,1,1,,1,,,,,,,,,,,,,,,1,,1,,,,1,,,,,,,,,,,,,,,,,1,,,,1,,,,,,,,,1.801,19.022,19.948,17,,,,,,,,,,,,,,,,,,,,,,,,,,,,,,,,,,,4,complete,,,,DE,1___19942efc3e6b7d3a94f8582604610b1c_QYFQHENY
2026-09-30 07:20:34,2026-09-30 07:22:19,0,100,105,1,2026-09-30 07:22:20,R_8TGEySfVTtRbmXi,anonymous,DE,1,FL_EOS_ID,,3,4,1,6,3,2,100,Mars,1.941,1.941,10.6,1,,1,1,,1,1,1,1,1,1,1,1,1,,,,,1,1,,,,1,1,,1,1,1,1,,,1,1,,,,,,,1,,,,1,,,1,1,1,1,,1,1,1,,,,,,,1,,,3.97,55.113,59.349,31,,,,,,,,,,,,,,,,,,,,,,,,,,,,,,,,,,,4,complete,,,,DE,1___1e2b6afa452c422a9086ad94cb710560_QYFQHENY
2026-09-30 07:20:13,2026-09-30 07:22:26,0,100,133,1,2026-09-30 07:22:26,R_2nu1fMZHM3ks705,anonymous,DE,1,FL_EOS_ID,,2,4,1,9,4,4,100,"Snickers
Kinder Schokolade ",1.501,18.329,18.7,2,,,,,1,1,1,1,1,1,,1,1,,,,,1,1,,,,,,,,1,1,1,1,1,,1,,,,,,1,1,,,,,,,,,,1,1,1,,,,,,,,,1,,,12.139,47.322,47.863,30,,,,,,,,,,,,,,,,,,,,,,,,,,,,,,,,,,,3,complete,,,,DE,1___231d7683f89ca03d836598e73427d89b_QYFQHENY
2026-09-30 07:19:43,2026-09-30 07:22:33,0,100,170,1,2026-09-30 07:22:33,R_8TI5XU5uzCWAFVx,anonymous,DE,1,FL_EOS_ID,,3,5,2,4,6,4,100,Mars,1.414,8.39,9.4,2,,1,,,1,1,1,1,1,1,1,1,1,,,,,1,1,,,,,,,1,1,1,1,1,1,,1,1,,,,,1,,,,,,,,,1,1,1,1,,,,,,,,,,,,,2.039,58.968,59.5,39,,,,,,,,,,,,,,,,,,,,,,,,,,,,,,,,,,,1,complete,,,,DE,1___bd9800b53e9b1ab1a0dfa16b2010352e_QYFQHENY
2026-09-30 07:20:42,2026-09-30 07:22:36,0,100,114,1,2026-09-30 07:22:37,R_8Poq30VkMZOB3zR,anonymous,DE,1,FL_EOS_ID,,3,5,2,2,2,2,100,"Milka ",2.674,10.354,11.289,2,,,,,,,,1,,1,,1,1,,,,,,,,,,,,,,,,,1,,,1,1,,,,,,1,,,,,,,,,,,,1,1,1,,,,,,,,,,1.463,52.013,53.084,27,,,,,,,,,,,,,,,,,,,,,,,,,,,,,,,,,,,1,complete,,,,DE,1___932135ec2e1ea56f8124ca3059fb0862_QYFQHENY
2026-09-30 07:21:05,2026-09-30 07:22:40,0,100,94,1,2026-09-30 07:22:40,R_8oXULRbo3XA70uZ,anonymous,DE,1,FL_EOS_ID,,1,3,2,3,3,4,100,Vis,1.762,5.882,6.946,2,,,,,,,,1,,1,,1,,,,,,,1,,,,,,,,,,1,,1,,1,,,,,,,,,,,,,,,,,,,1,,,,,,,,,1,,,0.899,32.651,33.197,21,,,,,,,,,,,,,,,,,,,,,,,,,,,,,,,,,,,5,complete,,,,DE,1___7aac537cf50eb15a30ffc656d4668a08_QYFQHENY
2026-09-30 07:19:39,2026-09-30 07:22:41,0,100,181,1,2026-09-30 07:22:41,R_2WPAIM0qzrxQ6iW,anonymous,DE,1,FL_EOS_ID,,2,4,2,9,5,7,100,"Milka, Snickers, Mars",2.613,12.714,13.567,2,1,1,1,1,1,1,1,1,1,1,1,1,1,1,1,,,1,1,,,,1,,,1,1,1,,1,1,,1,1,,,,,1,1,,,,1,,,,1,1,,1,,,,,,,,,,,,,2.342,45.901,46.634,48,,,,,,,1,,,,,0,46,-33,0,0,4,0,,,,,,,,,,Zuckerreduziert,1,2,1.394,16.424,16.889,11,2,complete,,,,DE,1___283dace70e82405e05dafbb64b799143_QYFQHENY
2026-09-30 07:21:23,2026-09-30 07:22:46,0,100,83,1,2026-09-30 07:22:47,R_2llTIjJmB7KLNvC,anonymous,DE,1,FL_EOS_ID,,3,4,2,1,3,5,100,Kinder,2.066,2.066,5.9,1,,1,1,,1,1,1,1,1,1,1,1,1,1,,,,1,1,,,,1,,,,,1,1,1,1,,1,1,,,1,,,1,,,,,,,,,1,1,1,1,,,,,,,,1,,,,1.123,37.285,38.276,39,,,,,,,,,,,,,,,,,,,,,,,,,,,,,,,,,,,3,complete,,,,DE,1___67f55260cf963bd498190f3d9fd28f90_QYFQHENY
2026-09-30 07:20:54,2026-09-30 07:22:50,0,100,115,1,2026-09-30 07:22:50,R_2wBMGFDoozfnutn,anonymous,DE,1,FL_EOS_ID,,3,6,2,9,3,4,100,"Merci, Ja, gut und günstig",2.007,2.007,20.267,1,,1,,,1,1,1,1,1,1,,1,1,,,,,1,1,,,,1,,,,,1,,,1,,,,,,,,,,,,,,,,,,1,,,1,,,,,,,,,,,,4.425,43.515,44.387,16,,,,,,,,,,,,,,,,,,,,,,,,,,,,,,,,,,,5,complete,,,,DE,1___83835e4084dbbbc3849c868be41084bd_QYFQHENY
2026-09-30 07:19:39,2026-09-30 07:22:50,0,100,190,1,2026-09-30 07:22:50,R_2SIz7BjGzHmBmDR,anonymous,DE,1,FL_EOS_ID,,3,4,2,2,4,4,100,"Snickers, Twix, Bounty, Milky Way",6.465,6.465,59.104,1,,1,1,1,1,1,1,1,1,1,1,1,1,1,,,,1,1,,,,,,,1,,1,1,,,1,,,,,,,,,,,,,,,,,1,1,,,1,,,,,,,,,,,2.701,81.397,84.004,57,,,,,,,,,,,,,,,,,,,,,,,,,,,,,,,,,,,4,complete,,,,DE,1___4f97d4a06a6887173e35d1e2bcc8be09_QYFQHENY
2026-09-30 07:20:00,2026-09-30 07:22:50,0,100,169,1,2026-09-30 07:22:51,R_2Jfp2GaSZDURkhP,anonymous,DE,1,FL_EOS_ID,,4,6,2,7,3,4,100,"Duplo, Kinder, Bueno, ",1.371,1.371,64.51,1,,1,,,1,1,1,1,1,1,,1,1,1,,,,1,1,1,,,,,,,1,1,1,,,,,,1,,,,1,1,,,,,,,,,,,,,,,,1,,,,1,1,,,1.192,57.839,65.244,22,,,,,,,,,,,,,,,,,,,,,,,,,,,,,,,,,,,5,complete,,,,DE,1___e239b319a57c8380628c3daf318366f9_QYFQHENY
2026-09-30 07:20:28,2026-09-30 07:22:51,0,100,143,1,2026-09-30 07:22:52,R_2xynWic3bDJlb4k,anonymous,DE,1,FL_EOS_ID,,2,3,2,7,4,3,100,"Kinder, snickers, Mars, Twix, ",2.259,43.465,44.152,2,,1,,,1,1,1,1,1,1,1,1,1,,,,,1,1,,,,1,,,,,1,,1,1,1,1,1,,,,,1,1,,,,,,,1,,1,,1,,,,1,,,,,,1,,,2.922,47.252,48.196,44,,,,,,,,,,,,,,,,,,,,,,,,,,,,,,,,,,,3,complete,,,,DE,1___f05c495bd453dd6253a02fbce5b5e7f0_QYFQHENY
2026-09-30 07:21:37,2026-09-30 07:22:55,0,100,77,1,2026-09-30 07:22:55,R_2MvkCirPhcSTGJH,anonymous,DE,0.800000011920929,FL_EOS_ID,,6,6,1,8,3,4,100,Keìne,1.885,7.577,8.428,2,,,,,,,,,,,,,,,,,,,,,1,,,,,,,,,,,,,,,,,,,,,1,,,,,,,,,,,,,,,,,,,,,1,1.337,15.777,16.765,15,,,,,,,,,,,,,,,,,,,,,,,,,,,,,,,,,,,1,complete,,,,DE,1___5e5651bfa0688cdeb60e118ce3ad20d0_QYFQHENY
2026-09-30 07:19:55,2026-09-30 07:22:55,0,100,180,1,2026-09-30 07:22:56,R_2feezSFlJDtrhKJ,anonymous,DE,1,FL_EOS_ID,,2,5,2,1,4,6,100,"Snickers
Lion
Knoppers
Hanuta
Duplo",3.464,51.295,52.26,2,,1,,,1,1,1,1,1,1,1,1,1,,,,,1,1,,,,,,,1,,1,1,1,,,1,1,,,,,,1,,,,,,,1,,1,1,,,,1,,,,,,,,,,3.092,62.338,64.697,29,,,,,,,,,,,,,,,,,,,,,,,,,,,,,,,,,,,5,complete,,,true,DE,1___605cb625c9c2a4c6e39bc4da8a7ec8af_QYFQHENY
2026-09-30 07:19:51,2026-09-30 07:22:56,0,100,185,1,2026-09-30 07:22:57,R_2obydDiO5OaoAAk,anonymous,DE,0.8999999761581421,FL_EOS_ID,,2,5,3,6,6,4,100,"Mars, Snickers, Knoppers, Twix, Balisto, ",1.698,1.698,26.57,1,,1,,,1,1,1,1,1,1,1,1,1,,,,,1,1,,,,1,,,1,1,1,1,1,1,1,1,1,,,,,1,1,,,,1,,,,,1,,1,,1,,,,,,,1,,,,5.876,87.478,90.383,29,,,,,,,,,,,,,,,,,,,,,,,,,,,,,,,,,,,3,complete,,,,DE,1___f08616fd782a7819b3b2da364088748a_QYFQHENY
2026-09-30 07:21:42,2026-09-30 07:22:59,0,100,76,1,2026-09-30 07:22:59,R_2MR2UULSjSekeaT,anonymous,DE,1,FL_EOS_ID,,2,4,1,3,3,4,100,Milka,1.206,1.206,5.486,1,,,,,,,1,1,1,1,,1,1,,,,,,1,,,,,,,,,1,1,1,,,1,1,,,,,,,,,,,,,,,,,1,,,,1,,,,,,,,,2.013,30.7,31.901,36,,,,,,,,,,,,,,,,,,,,,,,,,,,,,,,,,,,3,complete,,,,DE,1___a1ed50ab494a3b2833f512ef38ae486c_QYFQHENY
2026-09-30 07:21:44,2026-09-30 07:23:02,0,100,77,1,2026-09-30 07:23:02,R_2iX90ZDv0F2vACG,anonymous,DE,1,FL_EOS_ID,,2,2,1,2,3,5,100,"Duplo kinderriegel ",3.313,3.313,11.526,1,,,,,1,1,1,1,1,1,,1,1,1,,,,1,1,1,,,,,1,,1,,1,,1,,,,,,,,,,,,,,,1,,,,,,1,,1,,,,,,,,,,1.496,27.234,27.973,32,,,,,,,,,,,,,,,,,,,,,,,,,,,,,,,,,,,4,complete,,,,DE,1___bc3ddede3e04b20b32fa21a76ffccee1_QYFQHENY
2026-09-30 07:21:42,2026-09-30 07:23:03,0,100,80,1,2026-09-30 07:23:03,R_2LuhK6uOV8f5fMT,anonymous,DE,1,FL_EOS_ID,,3,3,1,2,4,6,100,Milka,1.154,1.154,4.785,1,,,,,,,1,1,1,,,,1,,,,,,,,,,,,,,,1,1,1,,,,1,,,,,,,,,,,,,,,1,1,1,,,1,,,,,,,,,,2.501,42.992,44.002,23,,,,,,,,,,,,,,,,,,,,,,,,,,,,,,,,,,,3,complete,,,,DE,1___62f738588bec72a16c7376dc6752a468_QYFQHENY
2026-09-30 07:21:55,2026-09-30 07:23:05,0,100,69,1,2026-09-30 07:23:05,R_2CqeR55EvMXYlEI,anonymous,DE,1,FL_EOS_ID,,2,4,2,1,3,4,100,"Kinder,milka",1.032,1.032,6.194,1,,1,1,,1,1,1,1,1,1,,1,1,1,,,,1,1,,,,1,,,1,1,1,1,1,1,,,1,,,,,1,1,,,,,,,,1,1,1,1,1,,,1,,,,,1,1,,,0.98,30.054,30.864,43,,,,,,,,,,,,,,,,,,,,,,,,,,,,,,,,,,,4,complete,,,,DE,1___468671815eb9c2c906cc45525bcb8ffb_QYFQHENY
2026-09-30 07:21:42,2026-09-30 07:23:13,0,100,90,1,2026-09-30 07:23:13,R_2b1UKWJc5uZYDj1,anonymous,DE,0.800000011920929,FL_EOS_ID,,4,2,1,1,3,5,100,"Mars, snicker, twix",1.381,12.549,18.573,3,,1,,,1,1,1,1,,1,,1,,,,,,1,1,,,,,,,1,,,,,1,,1,,,,,,,,,,,,,,,,1,,,1,,,,,,,,,,,,3.33,37.033,37.542,28,,,,,,,,,,,,,,,,,,,,,,,,,,,,,,,,,,,4,complete,,,,DE,1___4a8451159a87d9eb200b67062845a089_QYFQHENY
2026-09-30 07:20:35,2026-09-30 07:23:20,0,100,165,1,2026-09-30 07:23:20,R_88TAA1rFHmytv6o,anonymous,DE,1,FL_EOS_ID,,3,3,2,9,4,4,100,Kinder,1.17,1.17,3.976,1,1,1,1,1,1,1,1,1,1,1,1,1,1,1,1,1,1,1,1,1,,1,1,1,1,1,1,1,1,1,1,1,1,1,1,1,1,1,1,1,1,,,,,,,1,,1,1,1,1,1,,,,,,1,1,1,,1.38,38.687,41.003,54,,,,,,,,1,,,,100,100,100,100,100,10,10,,,1,,,1,,,,Gesund und lecker,7,10,1.118,10.681,16.878,10,5,complete,,,,DE,1___e855d88288403e6f833ded43bd9a6d18_QYFQHENY
2026-09-30 07:20:45,2026-09-30 07:23:20,0,100,155,1,2026-09-30 07:23:21,R_8FrjInQtFaagCkQ,anonymous,DE,1,FL_EOS_ID,,1,2,2,3,2,5,100,Mars,1.523,4.824,5.638,2,,1,,,1,1,1,1,1,1,,1,1,,1,1,1,1,1,,,,1,,,,1,1,1,1,1,1,1,1,,,,,1,,,,,1,,,,1,,1,1,1,,1,1,,,,,,,,,2.366,47.223,47.971,50,,,,,,1,,,,,,87,65,68,100,59,10,8,,,,,,,,,,"Sehr lecker und gesund ",7,10,2.31,14.512,15.848,8,5,complete,,,,DE,1___2f58c1abc5a1ac4ead56ab20d29bcf13_QYFQHENY
2026-09-30 07:20:58,2026-09-30 07:23:21,0,100,142,1,2026-09-30 07:23:21,R_2HzXd7k2wy1H8fa,anonymous,DE,1,FL_EOS_ID,,1,2,1,7,3,5,100,Milka,0.932,0.932,5.66,1,1,1,1,1,1,1,1,1,1,1,1,1,1,1,1,1,1,1,1,1,,1,,1,,1,,1,,1,,1,1,1,,,1,,,,,,,1,,,1,,,,,1,1,,1,1,,1,1,1,,,,0.022,63.62,64.36,107,,,1,,,,,,,,,39,43,62,59,64,8,6,,,,,,,,,,Lecker,5,7,0.688,13.485,15.193,11,3,complete,,,,DE,1___01b21c20da2e0e357e7f7a1580098b54_QYFQHENY
2026-09-30 07:22:44,2026-09-30 07:23:22,0,100,38,1,2026-09-30 07:23:23,R_8eWgCFnA5DQPqOl,anonymous,DE,1,FL_38,,5,5,2,3,4,4,-71,,,,,,,,,,,,,,,,,,,,,,,,,,,,,,,,,,,,,,,,,,,,,,,,,,,,,,,,,,,,,,,,,,,,,,,,,,,,,,,,,,,,,,,,,,,,,,,,,,,,,,,,,,,,complete,,,,DE,1___506ecc8d46c7225b8e1de218998952c3_QYFQHENY
2026-09-30 07:22:42,2026-09-30 07:23:24,0,100,42,1,2026-09-30 07:23:24,R_2HbHPTkdFlxTaHx,anonymous,DE,1,FL_38,,2,3,1,4,3,6,-24,,,,,,,,,,,,,,,,,,,,,,,,,,,,,,,,,,,,,,,,,,,,,,,,,,,,,,,,,,,,,,,,,,,,,,,,,,,,,,,,,,,,,,,,,,,,,,,,,,,,,,,,,,,,complete,,,,DE,1___3b8f60e454514a3cc5e9fa58413c6c14_QYFQHENY
2026-09-30 07:22:20,2026-09-30 07:23:26,0,100,66,1,2026-09-30 07:23:27,R_2Ej3EgH9w7jvqOO,anonymous,DE,1,FL_38,,3,4,2,7,2,7,32,,,,,,,,,,,,,,,,,,,,,,,,,,,,,,,,,,,,,,,,,,,,,,,,,,,,,,,,,,,,,,,,,,,,,,,,,,,,,,,,,,,,,,,,,,,,,,,,,,,,,,,,,,,,complete,,,,DE,1___832f6cda756759f784b8827fd0483a7b_QYFQHENY
2026-09-30 07:22:51,2026-09-30 07:23:34,0,100,43,1,2026-09-30 07:23:34,R_8NfPM1n8AbrhYc1,anonymous,DE,1,FL_EOS_ID,,4,2,2,2,3,4,100,"Kinder, Milka, Lindt",1.045,1.045,6.64,1,,,,,,,,,,1,1,,,1,,,,,,,,,,,,,,,1,,1,,,,,,,,,,,,,,,1,1,,,,,,,,,,,,,,1,,,0.76,6.538,7.578,23,,,,,,,,,,,,,,,,,,,,,,,,,,,,,,,,,,,3,complete,,,,DE,1___09c26cd3671b258d936bfeddfb771c63_QYFQHENY
2026-09-30 07:20:25,2026-09-30 07:23:39,0,100,193,1,2026-09-30 07:23:40,R_82sNOT4Q0Wkej0d,anonymous,DE,1,FL_EOS_ID,,2,6,2,9,2,7,100,"Snickers, Mars, Milky Way, Toblerone",1.914,56.875,57.98,2,,1,1,,1,1,1,1,1,1,1,1,1,1,,,,1,1,,,,,1,,,1,1,1,1,1,1,,1,,,,,,1,,,,1,1,,,1,,1,,,1,1,,,,,,,1,,,2.801,59.655,60.77,30,,,,,,,,,,,,,,,,,,,,,,,,,,,,,,,,,,,5,complete,,,,DE,1___89cb8dc4f09fce1d8f865507b4206f6c_QYFQHENY
2026-09-30 07:21:49,2026-09-30 07:23:41,0,100,112,1,2026-09-30 07:23:41,R_2isQWWtHHuf7PvG,anonymous,DE,1,FL_EOS_ID,,7,6,1,2,2,8,100,Mars,2.757,10.865,11.998,2,,,,,1,,1,1,,,,1,1,,,,,,1,,,,,,,,,,,,,,,,,,,,,,,1,,,,,,,,,,,,,,,,,,,,,1,7.406,41.891,42.68,17,,,,,,,,,,,,,,,,,,,,,,,,,,,,,,,,,,,3,complete,,,,DE,1___2e47ac9e1cbd96eabab9810fc5a7754e_QYFQHENY
2026-09-30 07:21:07,2026-09-30 07:23:42,0,100,155,1,2026-09-30 07:23:43,R_2PayyUpwSbfWgLN,anonymous,DE,1,FL_EOS_ID,,2,5,2,2,5,6,100,"Balisto, Yogurette, Mars, Snickers, ",2.48,2.48,28.89,1,,1,,1,1,1,1,1,1,1,1,1,1,,,1,,1,1,,,,1,,1,1,1,1,1,1,1,1,1,1,,,,,1,1,,,,1,,,1,1,1,1,1,1,1,1,1,,,,,1,,,,2.126,65.54,66.721,38,,,,,,,,,,,,,,,,,,,,,,,,,,,,,,,,,,,5,complete,,,,DE,1___82f737221b1c8cb1425584142881e4bf_QYFQHENY
2026-09-30 07:21:08,2026-09-30 07:23:46,0,100,158,1,2026-09-30 07:23:47,R_2TuZtgcnUqSCkpA,anonymous,DE,1,FL_EOS_ID,,3,4,2,1,4,5,100,"Kinder Milka ",3.502,3.502,11.537,1,,1,,,1,1,1,1,1,1,,1,1,,,,,1,1,,,,,,,,1,,,1,1,,,1,,,,,1,,,,,,,,,1,1,1,,,,,1,,,,,1,,,,6.414,65.702,66.347,41,,,,,,,,,,,,,,,,,,,,,,,,,,,,,,,,,,,4,complete,,,,DE,1___7e7d379e906ca10d34431b78925effe2_QYFQHENY
2026-09-30 07:22:28,2026-09-30 07:23:51,0,100,83,1,2026-09-30 07:23:52,R_21h1e9bXaHkDosW,anonymous,DE,1,FL_EOS_ID,,3,2,1,2,6,4,100,Kinder,1.774,1.774,4.604,1,,1,,,1,1,1,1,1,1,1,1,1,,,1,,1,1,,,,,,,,,,,1,,,,,,,,,,1,,,,,,,,,,,1,1,,,1,,,,,,,,,1.69,39.026,39.599,29,,,,,,,,,,,,,,,,,,,,,,,,,,,,,,,,,,,3,complete,,,,DE,1___91559720b3abe5c430c7821581cf8eaa_QYFQHENY
2026-09-30 07:21:49,2026-09-30 07:23:55,0,100,126,1,2026-09-30 07:23:55,R_2onY80uUnkTMXbY,anonymous,DE,1,FL_EOS_ID,,3,2,1,1,5,3,100,Nuttela,2.466,2.466,15.1,1,,,,,,,,,,1,,,1,,,1,,,,1,,,,,,,,1,,,,,,,,,1,,1,1,,,,,,,,,1,,,,,,1,1,,,,,,,,1.015,11.687,12.731,20,,,,,,,,,,,,,,,,,,,,,,,,,,,,,,,,,,,5,complete,,,,DE,1___fe2e83e316f155a79004bcf9a386dab9_QYFQHENY
2026-09-30 07:21:44,2026-09-30 07:23:56,0,100,131,1,2026-09-30 07:23:56,R_2uYvs4t7mZMaMfL,anonymous,DE,1,FL_EOS_ID,,5,6,1,3,5,4,100,Duplo,18.728,26.024,27.148,2,,1,,,1,1,1,1,1,1,1,1,1,,,,,1,1,,,,,,,,,1,1,,,,1,,,,,,1,,,,,,,,,,1,,,,,,,,,,,,,,,3.818,54.603,56.39,29,,,,,,,,,,,,,,,,,,,,,,,,,,,,,,,,,,,5,complete,,,,DE,1___83570556568f490db027c1dacf7aacec_QYFQHENY
2026-09-30 07:21:27,2026-09-30 07:24:02,0,100,154,1,2026-09-30 07:24:02,R_2zIjDE2zp1ffzZT,anonymous,DE,0.800000011920929,FL_EOS_ID,,3,3,1,3,7,3,100,"Milka, Twix, Mars, Snickers, Raider, Bounty",2.301,2.301,31.501,1,,1,,,1,1,1,1,1,1,1,1,1,,,1,,1,1,,,,1,,,,1,,1,,1,,,,,,,,1,1,,,,,,,,1,,,1,1,,,,,,,,,,,,4.139,54.804,55.99,28,,,,,,,,,,,,,,,,,,,,,,,,,,,,,,,,,,,5,complete,,,,DE,1___07c27b7f9a416b153be0d466acf6a575_QYFQHENY
2026-09-30 07:22:27,2026-09-30 07:24:08,0,100,101,1,2026-09-30 07:24:08,R_29c43XW0peQqlkf,anonymous,DE,1,FL_EOS_ID,,3,3,1,7,6,6,100,Kinder,2.659,2.659,9.069,1,,1,,,1,1,1,1,1,1,1,1,1,,,,,1,1,,,,,,,,,1,,1,,,,,,,,,,,,,,,,,,,,,1,,,,,,,,,,,,,7.575,48.657,49.4,23,,,,,,,,,,,,,,,,,,,,,,,,,,,,,,,,,,,5,complete,,,,DE,1___02b282e3d2ccd9f39c8207e93e76f046_QYFQHENY
2026-09-30 07:21:10,2026-09-30 07:24:10,0,100,179,1,2026-09-30 07:24:10,R_2imXuDlfF1Wxyfb,anonymous,DE,1,FL_EOS_ID,,3,4,2,9,6,6,100,"Müsli Riegel ",2.254,13.245,14.55,4,,,,,1,1,1,1,1,,,1,,,,,1,1,1,,,,,,,1,1,1,1,1,,,1,,1,,,,1,1,,,,,,,1,,1,,1,,,1,1,1,,,,1,1,,,3.262,77.358,78.902,68,,,,,,,,,,,,,,,,,,,,,,,,,,,,,,,,,,,3,complete,,,,DE,1___0e52e509196446752008b981907a9fd9_QYFQHENY
2026-09-30 07:21:38,2026-09-30 07:24:12,0,100,154,1,2026-09-30 07:24:13,R_2zT40kQ5EfYSI4C,anonymous,DE,0.800000011920929,FL_EOS_ID,,2,5,2,8,1,4,100,"Milka, kinderschokolade, Twitter,lion",11.849,29.96,30.592,2,,1,,,1,1,1,1,1,1,1,1,1,,,,,1,1,,,,,,,1,,1,1,1,1,,,1,,,,,,1,,,,,,,,,,1,1,,,1,1,,,,,,1,,,5.657,58.52,59.42,30,,,,,,,,,,,,,,,,,,,,,,,,,,,,,,,,,,,1,complete,,,,DE,1___92e09767d9f7adb1875ccd6b2aa37e30_QYFQHENY
2026-09-30 07:22:19,2026-09-30 07:24:13,0,100,114,1,2026-09-30 07:24:14,R_8XkcWaB9kb5w3xD,anonymous,DE,1,FL_EOS_ID,,3,4,1,9,5,5,100,Snickers,1.408,1.408,7.995,1,,1,,,1,1,1,1,1,1,,1,1,,,,,1,1,,,,1,,,,,,,1,1,,,1,,,,,,1,,,,,,,,,,,1,1,,,,,,,,,,,,2.242,37.482,40.601,18,,,,,,,,,,,,,,,,,,,,,,,,,,,,,,,,,,,2,complete,,,,DE,1___04b7bf9791ab18cfde08cdafc9471416_QYFQHENY
2026-09-30 07:21:37,2026-09-30 07:24:13,0,100,156,1,2026-09-30 07:24:14,R_22QFwxsK9Abxk2g,anonymous,DE,1,FL_EOS_ID,,3,4,1,1,6,5,100,"Bounty, snickers, Knoppers",3.085,18.3,18.886,3,,1,,,1,1,1,1,,1,,1,,,,,,1,1,,,,1,,,1,,1,1,1,1,,1,,,,,,1,1,,,,1,,,1,,1,,1,1,,,,,,,,,1,,,1.369,54.777,55.571,41,,,,,,,,,,,,,,,,,,,,,,,,,,,,,,,,,,,5,complete,,,,DE,1___f655bbdd20055591700a03a0bf27a647_QYFQHENY
2026-09-30 07:22:13,2026-09-30 07:24:19,0,100,126,1,2026-09-30 07:24:19,R_8D0kKKQLI5em6TD,anonymous,DE,1,FL_EOS_ID,,5,4,2,9,2,4,100,"Kinder Schokolade ",2.68,15.072,15.628,2,,1,,,1,1,1,1,1,1,,1,1,,,,,1,1,,,,1,,,1,,1,1,,1,,,1,,,,,,,,,,,,,,,,,1,1,,,1,,,,,,,,,5.709,43.877,44.563,25,,,,,,,,,,,,,,,,,,,,,,,,,,,,,,,,,,,5,complete,,,,DE,1___16372f66208243d825fdab8e8cabd688_QYFQHENY
2026-09-30 07:22:25,2026-09-30 07:24:22,0,100,116,1,2026-09-30 07:24:22,R_2UrJqgAn1ZYrIc1,anonymous,DE,1,FL_EOS_ID,,4,3,1,1,3,4,100,corny kinder bueno,1.25,7.921,25.678,2,,,,,,,1,,1,1,,,,,,,,,,,,,,,,,1,1,,1,,,,,,,,,,,,,,,,,,1,1,,1,,,,,,,,,,,,,1.745,31.84,33.059,9,,,,,,,,,,,,,,,,,,,,,,,,,,,,,,,,,,,4,complete,,,,DE,1___287605441f399416b67f8ad868798459_QYFQHENY
2026-09-30 07:20:43,2026-09-30 07:24:22,0,100,219,1,2026-09-30 07:24:22,R_8HLjkQPcBxMJPYf,anonymous,DE,1,FL_EOS_ID,,3,3,1,7,6,6,100,"Knoppers, Twitter, Mars, Ferrero ",1.355,39.842,41.039,3,,1,,,1,1,1,1,1,1,1,1,1,,,,,1,1,,,,1,,,,1,1,,1,1,1,,,,,,,,1,,,,,,,,,,,,1,1,,1,,,,,,,,,1.713,86.156,87.139,41,,,,,,,,,,,,,,,,,,,,,,,,,,,,,,,,,,,3,complete,,,,DE,1___744ec17c94ccc97cc920f3d159a454ce_QYFQHENY
2026-09-30 07:22:36,2026-09-30 07:24:23,0,100,107,1,2026-09-30 07:24:23,R_2EWD8WmEnnc4sKU,anonymous,DE,1,FL_EOS_ID,,3,2,2,6,6,6,100,"Lindt, Rafaello, Milka",3.182,23.507,24.902,2,,,,1,1,1,1,1,1,1,,1,1,,,,,1,1,,,,,,,,,1,,1,1,,,1,,,,,,,,,,,,,,,,,1,1,,,1,,,,,,,,,3.424,35.134,35.802,35,,,,,,,,,,,,,,,,,,,,,,,,,,,,,,,,,,,4,complete,,,,DE,1___a023775317736a002fe731f5bdad9d8e_QYFQHENY
2026-09-30 07:21:35,2026-09-30 07:24:25,0,100,170,1,2026-09-30 07:24:26,R_2qqYFC1uHWyhhu1,anonymous,DE,0.800000011920929,FL_EOS_ID,,1,3,2,7,6,3,100,"Kinder ",5.809,15.605,22.842,2,,,,,1,,1,,1,,,,,,,,,,,,,,,,,,,1,,1,,,,1,,,,,,,,,,,,,,,,1,,1,,,1,,,,,,,,,8.245,44.054,45.903,25,,,,,,,,,,,,,,,,,,,,,,,,,,,,,,,,,,,1,complete,,,,DE,1___9fe7a54c1505addcee9342f9b57aad0f_QYFQHENY
2026-09-30 07:22:40,2026-09-30 07:24:29,0,100,108,1,2026-09-30 07:24:29,R_2zpXseEPMkYayQh,anonymous,DE,1,FL_EOS_ID,,3,3,1,7,6,5,100,"Corny, snickers",2.588,12.553,12.86,2,1,1,,,1,1,1,1,1,1,,1,1,1,,,,1,1,,,,,,,,,,,1,,,,,1,,,,,1,,,,,,,,,,,1,,,,,1,,,,,1,,,4.083,40.423,41.196,28,,,,,,,,,,,,,,,,,,,,,,,,,,,,,,,,,,,4,complete,,,,DE,1___0c6d3894e95730218fa3ed48382f9ea2_QYFQHENY
2026-09-30 07:22:50,2026-09-30 07:24:33,0,100,103,1,2026-09-30 07:24:33,R_896zfY9SpzAlbcl,anonymous,DE,0.8999999761581421,FL_EOS_ID,,2,5,1,2,3,4,100,"Milka Lindt Ritter Sport ",1.8,15.241,15.701,2,,1,,,1,1,1,1,1,1,1,1,1,,,1,,1,1,,,,1,,,1,1,1,1,1,1,1,1,1,,,1,,1,1,,,,1,,,1,1,1,1,1,1,,1,,,,,,,1,,,2.023,50.83,53.047,50,,,,,,,,,,,,,,,,,,,,,,,,,,,,,,,,,,,3,complete,,,,DE,1___50cac834083e30b942ac54baa98b3a37_QYFQHENY
2026-09-30 07:21:59,2026-09-30 07:24:41,0,100,161,1,2026-09-30 07:24:41,R_2zNlon1L9NBuNyY,anonymous,DE,0.8999999761581421,FL_EOS_ID,,3,3,1,9,4,4,100,"Mars, Snickers, Bounty,",6.9,6.9,32.326,1,,,,,1,1,1,1,1,,,1,1,,,,,1,1,,,,,,,1,,,1,,1,,,,,,,,,,,,,,,,,,,,,,,1,1,,,,,,,,,26.801,61.218,62.26,17,,,,,,,,,,,,,,,,,,,,,,,,,,,,,,,,,,,2,complete,,,,DE,1___949c8ed5f2732ee55ab69f44ed7f4b68_QYFQHENY
2026-09-30 07:20:38,2026-09-30 07:24:48,0,100,249,1,2026-09-30 07:24:48,R_8nl714i9HA9hk6l,anonymous,DE,0.6000000238418579,FL_EOS_ID,,2,4,2,4,2,4,100,"Kinderriegel, Duplo, knoppers Riegel, balisto , Milka ",4.501,132.174,132.997,2,1,1,1,,1,1,1,1,1,1,,1,1,,,,,,1,,,,,,,,,1,1,1,1,,1,1,,,,,1,1,,,,,,,,,1,,1,1,,,1,,,,,1,1,,,3.001,56.265,57.901,41,,,,,,,,,,,,,,,,,,,,,,,,,,,,,,,,,,,4,complete,,,,DE,1___8f28a607f958dd950fb177c5a4ab4b78_QYFQHENY
2026-09-30 07:23:23,2026-09-30 07:25:02,0,100,98,1,2026-09-30 07:25:02,R_8eQKXEvXYFO5nkj,anonymous,DE,0.800000011920929,FL_EOS_ID,,2,3,1,6,3,5,100,"Kinderriegel Mars Snickers ",2.771,2.771,25.986,1,,,,,,1,,,1,1,,1,,,,,,,1,,,,,,,,,,,,1,,,1,,,1,,,,,,,1,,,,,1,,,,,,,,,1,,,,,,2.374,17.007,17.288,18,,,,,,,,,,,,,,,,,,,,,,,,,,,,,,,,,,,2,complete,,,,DE,1___01a7c9f71ce0c1a4031d09458b9da4b3_QYFQHENY
2026-09-30 07:23:21,2026-09-30 07:25:04,0,100,103,1,2026-09-30 07:25:05,R_2JSUgljzLZo2lWN,anonymous,DE,1,FL_EOS_ID,,2,3,1,9,4,3,100,"Corny ",7.229,11.166,11.904,2,1,1,1,1,1,1,1,1,1,1,1,1,1,1,,,,1,1,,,,,,,,1,1,,,,,,,,,,,,,,,,,,,,1,,,,,,,,,,,,,,,,5.436,47.258,48.394,46,,,,,,,,,,,,,,,,,,,,,,,,,,,,,,,,,,,2,complete,,,,DE,1___2ce3926241133098aaeb7ba10fa149df_QYFQHENY
2026-09-30 07:21:54,2026-09-30 07:25:16,0,100,201,1,2026-09-30 07:25:16,R_8QEc2fakFKha2m5,anonymous,DE,1,FL_EOS_ID,,4,3,2,7,6,4,100,"Kinderriegel, Brueno, Stickers, Mars, Twix",2.657,2.657,24.396,1,1,1,,,1,1,1,1,1,1,,1,1,,,,,1,1,,,,,,,,,,,,1,,,,,,,,1,1,,,,,,,,1,,,,1,,,,,,,,1,,,,2.11,107.783,108.702,28,,,,,,,,,,,,,,,,,,,,,,,,,,,,,,,,,,,5,complete,,,,DE,1___e291fc3e6430842b692c46acd61db5b8_QYFQHENY
2026-09-30 07:20:53,2026-09-30 07:25:18,0,100,264,1,2026-09-30 07:25:18,R_2X7JR6vzhap5F4a,anonymous,DE,1,FL_EOS_ID,,2,6,1,2,3,4,100,"Milka.  Duplo.  Kinder Riegel ",2.651,60.543,124.624,5,,,,,,,1,1,1,1,,1,1,,,1,,,,,,,,,,,,1,1,1,1,,,1,,,,,,,,,,,,,,,,,1,1,,1,1,,,,,,,,,4.622,45.487,46.044,40,,,,,,,,,,,,,,,,,,,,,,,,,,,,,,,,,,,5,complete,,,,DE,1___fb82041bef4b81a6dd5698c58fb85aab_QYFQHENY
2026-09-30 07:24:00,2026-09-30 07:25:19,0,100,78,1,2026-09-30 07:25:19,R_21bIADN3nrk2gLD,anonymous,DE,1,FL_EOS_ID,,5,2,1,2,3,3,100,kitkat,1.409,1.409,3.986,1,,1,,,1,1,1,1,1,1,,1,1,,,,,1,1,,,,,,,,,1,1,1,,,,,,,,,1,1,,,,,,,,,,,,,,,,,,,,,,,1,5.595,45.165,45.646,18,,,,,,,,,,,,,,,,,,,,,,,,,,,,,,,,,,,5,complete,,,true,DE,1___67402d644c5548d56cd0cce64f0a3650_QYFQHENY
2026-09-30 07:24:15,2026-09-30 07:25:43,0,100,87,1,2026-09-30 07:25:43,R_8HiWHe7nmUuWFwa,anonymous,DE,1,FL_EOS_ID,,3,5,1,7,4,7,100,Mars twix,1.626,1.626,13.625,1,,1,,,1,1,1,1,1,1,,1,1,,,,,,1,,,,,,,1,,,,1,,,1,1,,,,,,1,,,,,,,,,1,1,,,,1,,,,,,,1,,,1.703,33.701,34.618,29,,,,,,,,,,,,,,,,,,,,,,,,,,,,,,,,,,,4,complete,,,,DE,1___aae06de80dd23aa3eeabb88a2040f216_QYFQHENY
2026-09-30 07:23:54,2026-09-30 07:25:44,0,100,110,1,2026-09-30 07:25:44,R_2tLcjXyvM8dAV6p,anonymous,DE,1,FL_EOS_ID,,4,4,2,9,3,4,100,"Kitkat ",1.77,1.77,17.85,1,,1,,,1,1,1,1,,1,,1,,,,,,,1,,,,,,,1,,1,,1,,,,1,,,,,,,,,,,,,,,,,,,,,1,,,,,,,,,1.23,31.363,34.871,27,,,,,,,,,,,,,,,,,,,,,,,,,,,,,,,,,,,2,complete,,,,DE,1___e05a66efa049525c937ae20429f8f4a6_QYFQHENY
2026-09-30 07:23:13,2026-09-30 07:25:46,0,100,153,1,2026-09-30 07:25:46,R_27WOoBmgTOJUmc1,anonymous,DE,1,FL_EOS_ID,,4,5,2,4,1,4,100,Lind,2.211,2.211,7.876,1,,1,,1,1,1,1,1,1,1,,1,1,,,,,1,1,,,,1,,1,,1,1,1,,1,,,,,,,,1,1,,,,,,,,,1,1,,1,,,,,,,,,,,,6.565,80.869,81.622,42,,,,,,,,,,,,,,,,,,,,,,,,,,,,,,,,,,,5,complete,,,,DE,1___df2835169c2be166f2cf3b6475c1048d_QYFQHENY
2026-09-30 07:24:29,2026-09-30 07:25:47,0,100,77,1,2026-09-30 07:25:47,R_205CEwdfClq0GMt,anonymous,DE,1,FL_EOS_ID,,3,2,1,7,2,3,100,Snikers,1.709,1.709,8.265,1,,,,,,,,,1,1,,,,,,,,,1,,,,,,,,,,,,,,,,,,,,,1,,,,,,,,,,,1,,,,,,,,,,1,,,5.997,23.088,24.101,12,,,,,,,,,,,,,,,,,,,,,,,,,,,,,,,,,,,5,complete,,,,DE,1___6653d90277d744f25f36e8b21ee25427_QYFQHENY
2026-09-30 07:21:57,2026-09-30 07:25:49,0,100,231,1,2026-09-30 07:25:49,R_2YD3HAR0FRZcbC6,anonymous,DE,1,FL_EOS_ID,,4,6,1,1,4,3,100,Mars Twix Baunty Kit-Kat,8.401,76.95,77.816,2,,1,,,1,1,1,1,1,1,1,1,1,,,,,1,1,,,,,,,1,,1,1,1,1,,1,,,,,,,,,,,,,,1,,,,,,,,,,,,,,1,,,10.682,82.136,83.057,33,,,,,,,,,,,,,,,,,,,,,,,,,,,,,,,,,,,4,complete,,,,DE,1___bec542e516d30ffa847972d7b42aa25e_QYFQHENY
2026-09-30 07:24:40,2026-09-30 07:25:51,0,100,71,1,2026-09-30 07:25:51,R_8VPtWlGjoIcq8eJ,anonymous,DE,0.8999999761581421,FL_EOS_ID,,2,2,1,2,6,3,100,Rittersport,1.441,6.056,6.998,2,,,,,,,,,,,,,,,,,,1,,,,,,,,,,,,,,,,,,,,,1,,,,,,,,,,,,,,,,,,,,,1,,,,1.9,21.732,22.504,9,,,,,,,,,,,,,,,,,,,,,,,,,,,,,,,,,,,1,complete,,,,DE,1___29940509a2c6358d2861f0c5143e1181_QYFQHENY
2026-09-30 07:23:14,2026-09-30 07:25:56,0,100,162,1,2026-09-30 07:25:57,R_89bjwc8Q87ZaEdX,anonymous,DE,1,FL_EOS_ID,,2,4,1,4,6,4,100,"Kinder Bounty Twix Snickers Daum Mars ",2.877,2.877,30.262,1,,1,,,1,1,1,1,1,1,,1,1,,,1,,1,1,,,,1,,,1,,1,,1,,,1,1,,,,,,1,,,,1,,,1,,1,,1,1,,,1,,,,,,,,,3.709,66.221,67.402,69,,,,,,,,,,,,,,,,,,,,,,,,,,,,,,,,,,,4,complete,,,,DE,1___15bf6c03d81b9acac0d2d3f32622dd04_QYFQHENY
2026-09-30 07:22:26,2026-09-30 07:26:00,0,100,213,1,2026-09-30 07:26:00,R_888XvlGhCLMQkMN,anonymous,DE,1,FL_EOS_ID,,3,4,1,7,4,7,100,Mars,0.742,0.742,3.488,1,,1,1,,1,1,1,1,1,1,1,1,1,,,,,1,,,,,1,,,,1,1,,,1,1,,1,,,,,1,1,,,,,,,,,1,,,1,1,,,,,,,1,,,,0.991,34.758,35.413,27,,,,,,,,,,,,,,,,,,,,,,,,,,,,,,,,,,,3,complete,,,true,DE,1___129322c931e292ef4ddd4c68219c2432_QYFQHENY
2026-09-30 07:22:24,2026-09-30 07:26:01,0,100,217,1,2026-09-30 07:26:01,R_2ql0af82dIG3dLI,anonymous,DE,0.8999999761581421,FL_EOS_ID,,4,4,1,1,4,7,100,"Mars, Snickers, Lion, Nuts, Bounty, ",2.273,69.635,70.401,2,,1,,,1,1,1,1,1,1,,1,1,,,,,,1,,,,,,,,1,1,,,,,1,,,,,,,1,,,,,,,,,,,,,,1,,,,,,,1,,,4.702,60.205,60.923,26,,,,,,,,,,,,,,,,,,,,,,,,,,,,,,,,,,,4,complete,,,true,DE,1___b999276d3305878b91162447923f5c81_QYFQHENY
2026-09-30 07:23:02,2026-09-30 07:26:03,0,100,181,1,2026-09-30 07:26:03,R_8jpS8x1k3Gacezc,anonymous,DE,1,FL_EOS_ID,,3,6,1,1,3,3,100,"mars, snikers, twix",1.594,1.594,17.723,1,,,,,1,,1,1,,1,,1,,,,,,,1,,,,,,,,,,,1,1,,1,,,,,,,1,,,,,,,,,1,,,,,1,,,,,,,1,,,3.184,65.046,67.101,13,,,,,,,,,,,,,,,,,,,,,,,,,,,,,,,,,,,5,complete,,,,DE,1___0eb9b847b82c2459f923d0778a210345_QYFQHENY
2026-09-30 07:24:01,2026-09-30 07:26:05,0,100,124,1,2026-09-30 07:26:06,R_82GKz0pzwWnejgR,anonymous,DE,1,FL_EOS_ID,,3,4,1,6,5,2,100,"Mars, snickers, twix, kinderriegel",2.856,2.856,23.086,1,,1,,,1,1,1,1,1,1,,1,1,,,,,1,1,,,,,,,,,,,1,,,1,1,,,,,,1,,,,1,,,,1,1,,1,1,,1,1,,,,,,,,,1.609,43.066,44.134,37,,,,,,,,,,,,,,,,,,,,,,,,,,,,,,,,,,,3,complete,,,,DE,1___67822a862e528b797646a22262fe009e_QYFQHENY
2026-09-30 07:24:18,2026-09-30 07:26:09,0,100,111,1,2026-09-30 07:26:09,R_2xUUMvLqQqkeflo,anonymous,DE,1,FL_EOS_ID,,5,3,2,3,5,3,100,"Lion, Twix",2,2,10.519,1,,1,,,1,1,1,1,1,1,,1,1,,,1,,1,1,,,,1,,,,,,,,,,,,,,,,,,,,,1,,,,,,,,,,,,,,,,,,,,4.25,44.896,45.2,26,,,,,,,,,,,,,,,,,,,,,,,,,,,,,,,,,,,3,complete,,,,DE,1___a561f24643dfc4a9b362b347f49b0b25_QYFQHENY
2026-09-30 07:20:46,2026-09-30 07:26:16,0,100,329,1,2026-09-30 07:26:16,R_8ltwrtS8SFA83u8,anonymous,DE,1,FL_EOS_ID,,2,2,1,9,3,4,100,"Kinder ",3.178,3.178,7.329,1,,1,,,1,1,1,1,1,1,,1,1,1,,,,1,1,,,,,,,,1,1,1,1,1,,1,1,1,,,,1,1,,,,,,,,1,,1,1,1,,1,1,1,,,,1,1,,,40.424,96.47,96.494,46,,,,,,,,,,,,,,,,,,,,,,,,,,,,,,,,,,,4,complete,,,,DE,1___d1c66134d9a672f932c6c3f128031a21_QYFQHENY
2026-09-30 07:22:18,2026-09-30 07:26:20,0,100,242,1,2026-09-30 07:26:20,R_8AiNjyeUOtdIegV,anonymous,DE,0.800000011920929,FL_EOS_ID,,3,3,2,9,4,4,100,Kinder,3.304,19.829,20.587,2,1,1,,,1,1,1,1,1,1,,1,1,,,,,1,1,,,,,,,,,1,1,1,1,,,1,,,1,,,,,,,,,,,,1,,1,,,,1,,,,,,,,,6.336,119.719,120.149,30,,,,,,,,,,,,,,,,,,,,,,,,,,,,,,,,,,,4,complete,,,,DE,1___6782445d2f7952fe66bc2645a48949af_QYFQHENY
2026-09-30 07:21:27,2026-09-30 07:26:24,0,100,296,1,2026-09-30 07:26:24,R_2aUGZlNcLvSQ0kD,anonymous,DE,1,FL_EOS_ID,,3,6,1,8,3,5,100,"Mars 
Snickers 
Twix 
Duplo 
Hanuta 
Knoppers 
Pick Up 
Milka ",68.917,68.917,139.931,1,,1,,,1,1,1,1,1,1,1,1,1,,,,,1,1,,,,1,,,1,1,1,1,,1,1,1,1,1,,,1,1,1,,,,,,,,,,,,1,,1,1,,,,,,1,,,5.581,76.758,77.676,48,,,,,,,,,,,,,,,,,,,,,,,,,,,,,,,,,,,5,complete,,,,DE,1___92cc18eac1302a6f0c5ad1d0fed7d574_QYFQHENY
2026-09-30 07:24:55,2026-09-30 07:26:29,0,100,93,1,2026-09-30 07:26:29,R_8JFKQtbRprFqBOp,anonymous,DE,1,FL_EOS_ID,,3,4,1,9,3,4,100,Milka,2.213,2.213,5.393,1,,1,,,1,1,1,1,1,1,,1,1,,,,,1,1,,,,,,,,,1,,1,1,,,1,,,,,,,,,,,,,,,1,,1,1,,,1,,,,,,,,,2.458,31.08,34.582,19,,,,,,,,,,,,,,,,,,,,,,,,,,,,,,,,,,,3,complete,,,,DE,1___e9da5dffb8ef910d649b04f2c6cb6892_QYFQHENY
2026-09-30 07:23:50,2026-09-30 07:26:33,0,100,162,1,2026-09-30 07:26:34,R_8jqTugQpNFPGtbG,anonymous,DE,1,FL_EOS_ID,,2,4,2,9,3,5,100,"Milka, Ferrero, Duplo, kitkat, Knoppers ",1.101,16.807,27.857,2,,1,,,,,1,1,1,1,,1,1,,,,,1,1,,,,1,,,,,1,1,,1,,,1,,,,,1,,,,,1,,,,,,1,,1,,,1,,,1,,,1,,,2.273,94.148,95.288,31,,,,,,,,,,,,,,,,,,,,,,,,,,,,,,,,,,,4,complete,,,,DE,1___c5357aec83da6c0d5e0e7fd53ff7e32e_QYFQHENY
2026-09-30 07:23:46,2026-09-30 07:26:40,0,100,174,1,2026-09-30 07:26:41,R_2rB0TuMsCnEuNSz,anonymous,DE,1,FL_EOS_ID,,4,4,2,7,5,4,100,"Milka maraboo Lindt ",4.834,30.642,31.688,2,,1,,,,1,1,1,1,1,,1,1,1,,,,1,1,,,,1,,,1,1,1,1,1,,,,1,,,,,1,,,,,,,,,,1,1,,,,,1,,,,,,,,,7.978,81.326,82.101,46,,,,,,,,,,,,,,,,,,,,,,,,,,,,,,,,,,,2,complete,,,,DE,1___7ce719405193a7d324f9766e46d6f8da_QYFQHENY
2026-09-30 07:25:07,2026-09-30 07:26:47,0,100,100,1,2026-09-30 07:26:47,R_8Ez2P0yW2CF1Fus,anonymous,DE,1,FL_EOS_ID,,2,2,1,9,3,2,100,Kinderriegel,1.846,15.36,15.746,2,,,,,1,1,,1,1,,,,,,,,,,1,,,,,1,,,,,,,,,,,,,1,,,,,,,,,,,1,,,,,,,,,,,,,,,,8.162,30.911,32.88,29,,,,,,,,,,,,,,,,,,,,,,,,,,,,,,,,,,,1,complete,,,,DE,1___4c137c9eb9866a7c45373bdf8c35c08f_QYFQHENY
2026-09-30 07:25:04,2026-09-30 07:26:51,0,100,106,1,2026-09-30 07:26:51,R_8NfSu2RZnfvTekg,anonymous,DE,1,FL_EOS_ID,,5,3,1,2,4,3,100,"Milka
Hanuta
Knoppers",8.759,23.961,24.881,2,,,,,1,1,1,1,1,1,,,1,,,,,1,1,,,,,,,,,,1,,,,,1,,,,,,,,,,,,,,,,,,1,,,1,,,,,,,,,1.39,29.585,30.467,24,,,,,,,,,,,,,,,,,,,,,,,,,,,,,,,,,,,4,complete,,,,DE,1___8e0da6e790b16fe6551bb7f3c05a30e6_QYFQHENY
2026-09-30 07:24:22,2026-09-30 07:26:53,0,100,150,1,2026-09-30 07:26:53,R_8D6A3K01dbjwgCU,anonymous,DE,1,FL_EOS_ID,,2,2,1,1,4,3,100,"Snickers
",3.164,14.688,15.652,2,,,,,1,,,1,,,,1,1,,,,,,1,,,,,,,,1,,,,,,,,,,,,,,,,,1,,,,,,,,,,,,,,,,,,,,1.125,32.449,33.503,22,,,,,,,,,,,,,,,,,,,,,,,,,,,,,,,,,,,5,complete,,,,DE,1___4a3cc7f620a130e89d4fe2ff28923b50_QYFQHENY
2026-09-30 07:24:29,2026-09-30 07:27:18,0,100,169,1,2026-09-30 07:27:19,R_2jCf2AGfYHx8AWr,anonymous,DE,0.30000001192092896,FL_EOS_ID,,5,5,1,4,3,4,100,"Kinderriegel
",4.101,29.708,31.453,5,,1,,,,,,,1,,1,1,1,,,,,,,,,,,,,,1,1,,1,,,1,1,,,,,,1,,,,,,,,,1,,1,,,,1,,,,,,,,,6.217,52.301,53.739,27,,,,,,,,,,,,,,,,,,,,,,,,,,,,,,,,,,,3,complete,,,,DE,1___d6fa588948878fbffa0860fa1beb92ff_QYFQHENY
2026-09-30 07:25:39,2026-09-30 07:27:20,0,100,101,1,2026-09-30 07:27:20,R_2d0Ejnm3SMiaiDn,anonymous,DE,1,FL_EOS_ID,,2,5,2,1,3,3,100,Mars,2.611,2.611,12.929,1,,,,,1,1,1,1,1,,,1,1,,,,,1,1,,,,,,,,,,1,,,,1,,,,,,,1,,,,,,,1,,,1,,,,1,,,,,,,1,,,1.495,45.093,45.702,25,,,,,,,,,,,,,,,,,,,,,,,,,,,,,,,,,,,3,complete,,,,DE,1___fbd3889ba34784d30e665f8cfeae5088_QYFQHENY
2026-09-30 07:26:32,2026-09-30 07:27:21,0,100,49,1,2026-09-30 07:27:22,R_20C0MdZfx3twAJq,anonymous,DE,1,FL_38,,1,4,1,6,2,4,59,,,,,,,,,,,,,,,,,,,,,,,,,,,,,,,,,,,,,,,,,,,,,,,,,,,,,,,,,,,,,,,,,,,,,,,,,,,,,,,,,,,,,,,,,,,,,,,,,,,,,,,,,,,,complete,,,,DE,1___364ee161b1a385d3c51ffcb4e977d756_QYFQHENY
2026-09-30 07:25:06,2026-09-30 07:27:21,0,100,135,1,2026-09-30 07:27:22,R_8EHnvQLhjySPgvC,anonymous,DE,1,FL_EOS_ID,,1,3,2,3,3,4,100,"Mars
Snickers",2.231,8.705,9.3,2,1,1,,,1,1,1,1,1,1,,1,1,,1,,,1,1,,,,1,,,,,,,1,1,,,,,,,,,1,,,,,,,,,,,1,1,,,,,,,,,1,,,1.382,43.974,44.501,31,,,,1,1,1,,,,,,36,58,57,50,61,6,5,,,,,,,,,,"Gesünder ",5,5,2.56,9.949,10.576,9,3,complete,,,,DE,1___f57f12523e40c260aa449cf1908cc8c1_QYFQHENY
2026-09-30 07:25:38,2026-09-30 07:27:22,0,100,104,1,2026-09-30 07:27:22,R_8n5jYbdjotHZ2sF,anonymous,DE,1,FL_EOS_ID,,3,3,1,6,5,7,100,"Kinder Schokolade, Duplo, Twix, Bounty ",1.515,1.515,20.067,1,,1,,,1,1,1,1,1,1,,1,1,,,,,1,1,,,,,,,1,1,1,1,,,,,,,,,,,1,,,,,,,1,,1,1,1,,,,,,,,,,1,,,2.636,48.337,48.903,33,,,,,,,,,,,,,,,,,,,,,,,,,,,,,,,,,,,4,complete,,,,DE,1___33ac5cb2ecd30e7d48d763e197cf1838_QYFQHENY
2026-09-30 07:23:15,2026-09-30 07:27:24,0,100,249,1,2026-09-30 07:27:24,R_2eaR6O7KyL6Lsq8,anonymous,DE,1,FL_EOS_ID,,3,3,1,2,3,4,100,"Kinder, Mars, Twix, Snickers, ESN, Balisto,",1.361,1.361,30.974,1,1,1,1,1,1,1,1,1,1,1,1,1,1,1,1,,,1,1,,,1,1,1,1,1,1,1,1,1,1,,,1,,,,,1,1,,,,,,,,1,,,,1,,,,,,,,1,1,,,1.297,59.726,60.63,39,,,1,,,,,1,,,,80,80,0,50,0,9,7,,,,,,,,,,"hochwertiger Proteinriegel ",5,6,2.219,19.543,20.693,3,5,complete,,,true,DE,1___081140b6818c2921623fc5030f8896b7_QYFQHENY
2026-09-30 07:25:27,2026-09-30 07:27:25,0,100,117,1,2026-09-30 07:27:25,R_8Q2G5xABm0kWagF,anonymous,DE,1,FL_EOS_ID,,3,3,1,9,4,6,100,"Kinder ",1.619,1.619,5.524,1,,1,,,1,1,1,1,1,1,1,1,1,1,,,,1,1,,,,1,,,1,1,1,1,1,1,,1,1,,,,,1,1,,,,,,,,,,,1,,,,1,,,,,,1,,,3.926,56.628,57.839,66,,,,,,,,,,,,,,,,,,,,,,,,,,,,,,,,,,,3,complete,,,,DE,1___6d066a931dcb6fc20e4b98adf8051aaa_QYFQHENY
2026-09-30 07:24:50,2026-09-30 07:27:27,0,100,157,1,2026-09-30 07:27:27,R_8Fqsptus5yy2RUJ,anonymous,DE,0.8999999761581421,FL_EOS_ID,,3,3,1,7,3,6,100,"Mars
Milka",6.969,6.969,18.301,1,,1,,,1,1,1,1,1,1,,1,1,1,,1,,1,1,,,,,,,,1,,,,,1,,1,,,,,,,,,,,,,,,1,,,1,1,,1,,,,,1,,,,5.387,70.503,76.901,29,,,,,,,,,,,,,,,,,,,,,,,,,,,,,,,,,,,5,complete,,,,DE,1___98e60052c472064c4d9b579c3cdd9d08_QYFQHENY
2026-09-30 07:25:28,2026-09-30 07:27:29,0,100,120,1,2026-09-30 07:27:30,R_8KAv62aLJvRsVt2,anonymous,DE,0.800000011920929,FL_EOS_ID,,2,3,1,2,4,7,100,"Milka, RitterSport, viba",2.339,3.101,15.044,2,,,,,1,,1,1,1,1,,1,1,,,,,1,1,,,,,,,,,1,1,1,,,1,1,,,,,,,,,,,,,,,1,,1,,,,1,,,,,,,,,2.07,38.387,38.701,29,,,,,,,,,,,,,,,,,,,,,,,,,,,,,,,,,,,2,complete,,,true,DE,1___b24336ed9e2f8ff3fde1438c97bb92bf_QYFQHENY
2026-09-30 07:23:15,2026-09-30 07:27:35,0,100,259,1,2026-09-30 07:27:35,R_2aG35EyIW5griud,anonymous,DE,1,FL_EOS_ID,,3,3,1,4,3,4,100,"Stickers, kit kat, Bounty, Mars, twix, Milky way, lion",2.886,19.002,59.761,3,,1,,,1,1,1,1,1,1,,1,1,,,,,1,1,,,,1,,,1,,1,1,1,1,,1,1,,,,,,1,,,,1,,,1,,1,,1,,,,1,,,,,,,,,6.2,103.672,104.351,38,,,,,,,,,,,,,,,,,,,,,,,,,,,,,,,,,,,3,complete,,,true,DE,1___7017b7b1b1d949390a69b60b104832eb_QYFQHENY
2026-09-30 07:25:04,2026-09-30 07:27:48,0,100,164,1,2026-09-30 07:27:49,R_8Neke93kEYR3NC8,anonymous,DE,1,FL_EOS_ID,,5,5,2,7,3,4,100,Kinderriegel Snickers Mars Twix,4.879,4.879,37.96,1,,1,,,1,1,1,1,1,1,,,,,,,,1,1,,,,1,,,1,1,1,,1,1,,1,,,,,,,,,,,,,,,,1,,,,,,,,,,,,1,,,3.311,64.445,65.903,54,,,,,,,,,,,,,,,,,,,,,,,,,,,,,,,,,,,4,complete,,,,DE,1___a0f9ca31f08f66aa7e4bd0da44a3b734_QYFQHENY
2026-09-30 07:27:32,2026-09-30 07:28:01,0,100,28,1,2026-09-30 07:28:01,R_2oZ5nlTHC1AB7Y5,anonymous,DE,1,FL_38,,3,2,1,4,3,5,15,,,,,,,,,,,,,,,,,,,,,,,,,,,,,,,,,,,,,,,,,,,,,,,,,,,,,,,,,,,,,,,,,,,,,,,,,,,,,,,,,,,,,,,,,,,,,,,,,,,,,,,,,,,,complete,,,,DE,1___9c572ca53a4e5fdfe17451013b6ff49c_QYFQHENY
2026-09-30 07:25:52,2026-09-30 07:28:13,0,100,140,1,2026-09-30 07:28:13,R_2g0x5YkmG4j0nh6,anonymous,DE,1,FL_EOS_ID,,3,5,1,9,3,5,100,Duplo,1.394,1.394,27.441,1,,1,,,1,1,1,1,1,1,1,1,1,,,,,1,1,,,,1,,,,,1,1,1,1,1,,1,,,,,,,,,,1,,,,,,1,1,1,1,,1,,,,,,,,,2.331,48.433,49.518,25,,,,,,,,,,,,,,,,,,,,,,,,,,,,,,,,,,,4,complete,,,,DE,1___910c7f20ccd1ca8c06f8a9928caf2e2a_QYFQHENY
2026-09-30 07:26:21,2026-09-30 07:28:15,0,100,114,1,2026-09-30 07:28:15,R_2VdUUmRIxxEhG34,anonymous,DE,0.800000011920929,FL_EOS_ID,,4,4,1,6,3,,100,"Bounty, Snickers, Twist, Mars, Milky Way",0.958,27.114,27.401,4,,1,,,1,1,1,1,1,1,1,1,1,1,,,,1,1,,,,1,,,1,,,1,,1,1,1,1,,,,,1,1,,,,1,,,1,,1,1,1,1,1,1,1,,,,,1,1,,,2.561,53.606,54.16,65,,,,,,,,,,,,,,,,,,,,,,,,,,,,,,,,,,,4,complete,,,,DE,1___fa12c7f2400585cc24d0ac8ce7f65fe6_QYFQHENY
2026-09-30 07:25:10,2026-09-30 07:28:26,0,100,196,1,2026-09-30 07:28:27,R_8VOMVxC5trRRQmo,anonymous,DE,1,FL_EOS_ID,,3,5,1,9,3,3,100,Twix  mars,2.919,29.6,34.128,2,,1,,,1,1,1,1,,1,,1,1,,,,,1,1,,,,,,,,1,,,,,,1,1,,,,,,1,,,,,,,,,,,,,,1,1,,,,,,1,,,8.14,70.389,71.702,42,,,,,,,,,,,,,,,,,,,,,,,,,,,,,,,,,,,5,complete,,,,DE,1___7b9e8966eebd6797e5d79f66437fddf1_QYFQHENY
2026-09-30 07:26:36,2026-09-30 07:28:31,0,100,115,1,2026-09-30 07:28:31,R_8yqqRaORSvaxQjG,anonymous,DE,1,FL_EOS_ID,,3,4,1,9,3,7,100,Milka,2.786,6.573,7.369,2,,1,,,1,1,1,1,1,1,,1,1,,,,,1,1,,,,,,,,,1,,,1,,,1,,,,,,,,,,,,,,,,,,,,,1,,,,,,,,,5.452,45.397,46.215,21,,,,,,,,,,,,,,,,,,,,,,,,,,,,,,,,,,,5,complete,,,,DE,1___13417e7aa65a425308a00e91c298a6e8_QYFQHENY
2026-09-30 07:26:09,2026-09-30 07:28:32,0,100,143,1,2026-09-30 07:28:32,R_8pDdRH0FgNV1P3P,anonymous,DE,0.6000000238418579,FL_EOS_ID,,3,2,2,2,4,3,100,"Twix 
Mars 
Milka",2.137,28.424,29.294,3,,1,,,1,1,1,1,1,1,,1,1,,,,,1,1,,,,,,,,1,1,1,1,1,,,1,,,,,,,,,,,,,,1,1,1,1,1,,,1,,,,,,,,,2.686,67.986,70.074,57,,,,,,,,,,,,,,,,,,,,,,,,,,,,,,,,,,,3,complete,,,true,DE,1___30b17af4f7f4361f2b413fd915766263_QYFQHENY
2026-09-30 07:24:49,2026-09-30 07:28:37,0,100,227,1,2026-09-30 07:28:37,R_8NmDglugYKEskM9,anonymous,DE,1,FL_EOS_ID,,4,5,2,6,3,5,100,"Twix,Mars,Bounty,Wunderbar,Lion,Kitkat,Nuts",3.475,78.952,80.087,2,1,1,,,1,1,1,1,1,1,,1,1,,,1,,1,1,,,,,,,1,,1,,1,,,,1,,,,,1,1,,,,,,,,,1,,1,,,,1,,,,,,1,,,5.881,82.254,83.64,53,,,,,,,,,,,,,,,,,,,,,,,,,,,,,,,,,,,4,complete,,,,DE,1___b2722823a3f31ea0c6465a0714a7abfa_QYFQHENY
2026-09-30 07:26:52,2026-09-30 07:28:45,0,100,113,1,2026-09-30 07:28:45,R_8hrlEe5uIWbABDw,anonymous,DE,1,FL_EOS_ID,,2,3,2,2,4,4,100,"Milka , Ritter Sport, kinder",1.427,8.631,19.235,4,1,1,,,1,1,1,1,1,1,1,1,1,1,,,,1,1,,,1,,,,,1,,,1,1,,1,1,,,,,,1,,,,,,,,,1,,1,1,,,1,,,,,,,,,2.595,43.162,43.649,44,,,,,,,,,,,,,,,,,,,,,,,,,,,,,,,,,,,4,complete,,,,DE,1___0362522a03ad50c0a60b3ca167ca40c4_QYFQHENY
2026-09-30 07:26:19,2026-09-30 07:28:51,0,100,151,1,2026-09-30 07:28:51,R_2XiivvmCSQMKIBm,anonymous,DE,1,FL_EOS_ID,,6,3,1,3,2,2,100,Yougurette,6.404,22.184,22.788,3,,,,,1,1,1,1,,1,,1,1,,,,,1,1,,,,,,,,,1,1,,1,,1,,,,,,1,,,,,,,,,,1,,,,,,,,,,,1,1,,,5.653,61.797,62.377,38,,,,,,,,,,,,,,,,,,,,,,,,,,,,,,,,,,,3,complete,,,,DE,1___e3a2b7943a722969c088e7c3cafc2e44_QYFQHENY
2026-09-30 07:26:43,2026-09-30 07:28:55,0,100,131,1,2026-09-30 07:28:55,R_8NSbt70wQnMTDQ5,anonymous,DE,1,FL_EOS_ID,,3,3,2,3,4,5,100,Milka,2.1,2.1,8.74,1,,,,,1,,1,1,1,1,,1,1,,,,,1,1,,,,,,,,,,,,1,,1,1,,,,,,,,,,,,,,,1,,1,,,,1,,,,,,,,,7.202,56.165,56.512,41,,,,,,,,,,,,,,,,,,,,,,,,,,,,,,,,,,,4,complete,,,,DE,1___7f85615b00d9090f03a9b957cdd3eb84_QYFQHENY
2026-09-30 07:27:00,2026-09-30 07:29:00,0,100,119,1,2026-09-30 07:29:00,R_2Q513mVSNQzKg7L,anonymous,DE,0.800000011920929,FL_EOS_ID,,3,4,1,1,3,2,100,Kinder riegel,4.701,4.701,11.202,1,,1,,,1,1,1,1,1,1,,1,1,,,,,1,1,,,,,,,,,1,1,1,1,,,,,,,,1,,,,,,,,1,,1,1,,1,,1,,,,,,,,,,5.807,48.087,48.401,36,,,,,,,,,,,,,,,,,,,,,,,,,,,,,,,,,,,3,complete,,,,DE,1___c84c1e6aae68a108220ee20e2adc56f8_QYFQHENY
2026-09-30 07:26:45,2026-09-30 07:29:00,0,100,135,1,2026-09-30 07:29:01,R_2ypvpVppPzfTNq3,anonymous,DE,1,FL_EOS_ID,,2,4,1,2,6,4,100,"Kinder, Snickers",2.014,11.284,12.993,3,,,,,1,1,1,1,1,1,,1,1,,,,,,1,,,,,,,,,1,1,1,,,,,,,,,,1,,,,,,,,,1,,1,,,,,,,,,,1,,,13.167,80.243,80.872,21,,,,,,,,,,,,,,,,,,,,,,,,,,,,,,,,,,,3,complete,,,,DE,1___5fa067e0534cae09b750282e4747d954_QYFQHENY
2026-09-30 07:26:14,2026-09-30 07:29:09,0,100,174,1,2026-09-30 07:29:09,R_2OGkZUStA70Yi2t,anonymous,DE,1,FL_EOS_ID,,5,4,1,9,3,5,100,"Milka, Kinder, Ferrero",2.986,25.305,27.679,2,,1,,,1,1,1,1,1,1,,1,1,,,,,1,1,,,,,,,,,,,,1,,,,,,,,,,,,,,,,,,,,,,,,,,,,,,,,1,8.783,53.061,57.9,20,,,,,,,,,,,,,,,,,,,,,,,,,,,,,,,,,,,5,complete,,,true,DE,1___0d1acf33d79fd4dcf9cdf1d7031f3e81_QYFQHENY
2026-09-30 07:26:20,2026-09-30 07:29:10,0,100,169,1,2026-09-30 07:29:10,R_8UaIzy9Catb3MTn,anonymous,DE,1,FL_EOS_ID,,5,2,1,3,1,4,100,"Kinder,Duplo",3.353,3.353,19.4,1,,1,,,1,,1,1,1,1,,1,1,,,,,1,1,,,,,,,,,1,,1,,,,1,,,,,,,,,,,,,,,1,1,,,,,1,,,,,,,,,6.822,66.684,67.986,27,,,,,,,,,,,,,,,,,,,,,,,,,,,,,,,,,,,1,complete,,,true,DE,1___5081833ed53bae8db30ca310f407e168_QYFQHENY
2026-09-30 07:24:46,2026-09-30 07:29:22,0,100,275,1,2026-09-30 07:29:22,R_24eXQTFJghSiiLf,anonymous,DE,1,FL_EOS_ID,,3,5,1,2,6,5,100,"Snickers, Mars, Twix, Bounty, Milky Way, KitKat, Duplo, Lion, Hanuta, Balisto, Knoppers",1.485,146.421,147.315,12,,1,,,1,1,1,1,1,1,1,1,1,,,,,1,1,1,,,1,,,1,1,1,1,1,1,1,,1,,,,,1,1,1,,,1,,,1,1,1,1,1,1,1,,1,,,,,,,,,4.924,63.796,64.546,55,,,,,,,,,,,,,,,,,,,,,,,,,,,,,,,,,,,5,complete,,,,DE,1___d29a0bbffe25afd6cd6abe325f675540_QYFQHENY
2026-09-30 07:26:01,2026-09-30 07:29:24,0,100,203,1,2026-09-30 07:29:24,R_2dHCGWpuJ4WHt4J,anonymous,DE,1,FL_EOS_ID,,4,5,2,3,3,4,100,"Mars Snickers twix lion KitKat Kinderschokolade Kinderriegel ",4.298,4.298,42.501,1,,1,,,1,1,1,1,1,1,1,1,,,,,1,1,1,,,,1,,,,1,1,1,1,1,,1,1,,,,,1,1,,,,,,,,,,,,,,,,,,,,,,,1,8.885,84.185,84.859,29,,,,,,,,,,,,,,,,,,,,,,,,,,,,,,,,,,,4,complete,,,,DE,1___2be003df63e3cd96bcff903983c5662c_QYFQHENY
2026-09-30 07:26:02,2026-09-30 07:29:28,0,100,205,1,2026-09-30 07:29:29,R_8VtPEix8TwKeyJ3,anonymous,DE,0.800000011920929,FL_EOS_ID,,2,2,2,7,4,3,100,"Kinder,  twix, Mars,Duplo,  Buenos,  yugorette",1.942,79.813,80.239,3,,,,,1,1,1,1,1,1,,1,1,1,,,,1,,,,,,,,,1,,,1,1,,,1,,,,,1,,,,,,,,,1,1,,,,,1,,,,1,,,,,,6.626,54.048,54.391,36,,,,,,,,,,,,,,,,,,,,,,,,,,,,,,,,,,,3,complete,,,,DE,1___f821ff9e00d86daaf3ba33125c7b4b9c_QYFQHENY
2026-09-30 07:21:24,2026-09-30 07:29:31,0,100,486,1,2026-09-30 07:29:31,R_2Kj98CkkmPhTvqJ,anonymous,DE,1,FL_EOS_ID,,3,2,2,7,6,4,100,"Kinderschokolade, yourgurette, Mrs, Twix, snikers Bounty, Milky way, MC Tom",6.724,184.4,185.842,2,1,1,1,,1,1,1,1,1,1,,1,1,1,,1,,1,1,,,,1,,,1,1,1,1,1,,,1,1,,,,,1,1,,,,1,1,,1,1,1,1,1,1,,1,1,1,,,,,1,,,8.613,165.75,171.672,74,,,,,,,,,,,,,,,,,,,,,,,,,,,,,,,,,,,4,complete,,,,DE,1___3397c3e27a097a1eb834ad32cf5bb136_QYFQHENY
2026-09-30 07:25:20,2026-09-30 07:29:33,0,100,252,1,2026-09-30 07:29:33,R_8kYPX1dQ87vd6tr,anonymous,DE,1,FL_EOS_ID,,2,4,1,1,4,3,100,Kit Kat,4.502,27.284,28.214,2,,,,,,,1,1,1,1,,1,1,,,1,,1,1,,,,,,,,,1,1,1,1,,1,1,,,,,1,,,,,,,,,,1,,1,1,,,1,,,,,,,,,6.002,130.771,135.268,41,,,,,,,,,,,,,,,,,,,,,,,,,,,,,,,,,,,3,complete,,,,DE,1___8bf8aceb3bdaa4fb9f380a3212fb8749_QYFQHENY
2026-09-30 07:24:17,2026-09-30 07:29:44,0,100,326,1,2026-09-30 07:29:44,R_8mRAaLTgLsXgxS2,anonymous,DE,1,FL_EOS_ID,,3,3,2,3,3,4,100,"Kinderschokolade
Mikla",4.888,4.888,36.036,1,,1,,,,1,1,1,1,1,,1,1,,,1,,1,1,,,,,1,,,,,,1,,,,1,,,,,,,,,,,,,,,,,1,,,,1,,,,,,,,,41.474,112.353,113.414,27,,,,,,,,,,,,,,,,,,,,,,,,,,,,,,,,,,,1,complete,,,,DE,1___664684256e1dbeecade8335f15775bb1_QYFQHENY
2026-09-30 07:27:26,2026-09-30 07:29:53,0,100,146,1,2026-09-30 07:29:53,R_8OsmQzjBwDx6D6h,anonymous,DE,1,FL_EOS_ID,,3,3,1,9,3,5,100,"Kinder
Dm Bio 
Ballisto",1.9,38.365,50.311,3,1,1,1,,1,1,1,1,1,1,,1,1,1,,,1,1,1,1,,1,,1,,,,,,,,,,,,,,1,,,,,,,1,,,,,,,,,,,,,,,,,,,3.308,45.859,46.301,30,,,,,,,,,,,,,,,,,,,,,,,,,,,,,,,,,,,4,complete,,,,DE,1___93c9f1bb8e8bea76f3f735131f1c37c5_QYFQHENY
2026-09-30 07:28:36,2026-09-30 07:30:02,0,100,85,1,2026-09-30 07:30:02,R_2rEj9xFugCpi6OJ,anonymous,DE,1,FL_EOS_ID,,3,3,2,2,4,7,100,"Duplo
Kinderriegel",1.75,1.75,11.37,1,,1,,,1,1,1,1,1,1,1,1,1,,,,,1,1,,,,,,,,,1,1,1,,,,1,,,,,,,,,,,,,,,1,,1,,,,,,,,,,,,,4.08,34.848,37.876,28,,,,,,,,,,,,,,,,,,,,,,,,,,,,,,,,,,,3,complete,,,,DE,1___9ea2d03b11c93937d6440675ba7aa09f_QYFQHENY
2026-09-30 07:25:36,2026-09-30 07:30:03,0,100,266,1,2026-09-30 07:30:03,R_8ibnuwYUPrEsvWf,anonymous,DE,1,FL_EOS_ID,,2,2,2,9,5,6,100,"Milka Kinder Lind ",1.896,17.524,27.943,3,1,1,,,1,1,1,1,1,1,1,1,1,1,1,,,1,1,,,,,,,1,,,,1,1,1,,1,,,,,1,,,,,,,,1,1,,,1,,,,1,1,,,,,,,,1.711,71.546,73.397,62,,,,,,,,1,,,,100,50,57,89,15,5,2,,,,,,,,,,"Wie Ersatz Süßigkeiten ",3,4,2.286,33.232,34.831,16,5,complete,,,,DE,1___04ca0ba58664abdb7935a8a2f4294b1b_QYFQHENY
2026-09-30 07:26:36,2026-09-30 07:30:03,0,100,206,1,2026-09-30 07:30:04,R_2IRRErgeR0npfep,anonymous,DE,1,FL_EOS_ID,,3,4,1,1,3,3,100,"Mars , Twix ",3.466,3.466,53.465,1,,1,,,1,1,1,1,1,1,1,1,,,,,,1,1,,,,,,,1,,1,,,,,1,,,,,,,,,,,,,,1,,1,,,,,1,,,,,,,,,,2.299,84.543,85.802,28,,,,,,,,,,,,,,,,,,,,,,,,,,,,,,,,,,,3,complete,,,,DE,1___1fe65a6ffe6ad69f61ef418055719842_QYFQHENY
2026-09-30 07:24:30,2026-09-30 07:30:04,0,100,333,1,2026-09-30 07:30:05,R_2lgJzKDkS0GEeat,anonymous,DE,1,FL_EOS_ID,,1,4,2,3,6,6,100,Kinderriegel,1.14,1.14,8.626,1,1,1,,,1,1,1,1,1,1,,1,1,,1,,1,1,1,,,,1,,,1,,1,,1,,,1,1,1,1,,1,1,1,1,,1,1,1,,,1,1,,,1,,1,1,1,1,,1,,1,,,2.346,27.52,28.731,42,,,1,1,1,1,1,,,,,70,65,86,76,75,9,8,,,,,,,,,,es ist sehr lecker,6,9,1.088,9.99,10.798,3,4,complete,,,,DE,1___321c417f2ff96b2e67aaf37d23045e99_QYFQHENY
2026-09-30 07:27:52,2026-09-30 07:30:16,0,100,144,1,2026-09-30 07:30:17,R_28MKWfUeoERLX5p,anonymous,DE,1,FL_EOS_ID,,2,4,1,3,5,4,100,Milka Snickers Mars Twix Kinder Rocher,3.17,34.872,35.618,4,,1,,,1,1,1,1,1,1,,1,1,,,1,,1,1,,,,1,,,,1,1,1,1,1,,1,1,,,,,1,1,,,,1,,,,,1,1,1,,,1,1,,,,,,,,,4.07,53.72,54.68,40,,,,,,,,,,,,,,,,,,,,,,,,,,,,,,,,,,,4,complete,,,,DE,1___ab6ccff0ce4def372b6d217daac51037_QYFQHENY
2026-09-30 07:28:42,2026-09-30 07:30:24,0,100,102,1,2026-09-30 07:30:24,R_8XTMgQMWeyFCIX7,anonymous,DE,0.30000001192092896,FL_EOS_ID,,3,2,2,9,3,7,100,"Cornet Nature valley ",1.201,1.201,12.378,1,,1,,1,1,1,1,1,1,1,1,1,1,1,,,1,1,1,,,,,,,,1,,,,1,,,,,,,,1,,,,,,,,,1,,,,,,,,,,,,,,,,2.601,35.772,36.768,25,,,,,,,,,,,,,,,,,,,,,,,,,,,,,,,,,,,3,complete,,,,DE,1___9012204f00932d63ee8eef0829e9b594_QYFQHENY
2026-09-30 07:30:00,2026-09-30 07:30:26,0,100,26,1,2026-09-30 07:30:27,R_2lmF8w8CZZtWZW1,anonymous,DE,0.800000011920929,FL_38,,1,2,1,6,6,8,5,,,,,,,,,,,,,,,,,,,,,,,,,,,,,,,,,,,,,,,,,,,,,,,,,,,,,,,,,,,,,,,,,,,,,,,,,,,,,,,,,,,,,,,,,,,,,,,,,,,,,,,,,,,,complete,,,true,DE,1___390a5fd9a4bc467e526174a41adf9fbb_QYFQHENY
2026-09-30 07:29:28,2026-09-30 07:30:37,0,100,68,1,2026-09-30 07:30:37,R_23adfUjiNuL1xsB,anonymous,DE,1,FL_EOS_ID,,1,2,1,1,2,3,100,"Milka ",2.543,6.933,7.467,2,,1,,,1,,1,,1,1,,1,1,,,,,1,1,,,,,,,1,,,,,,,,,,,,,,,,,,,,,,,,,,,,,,,,,,,1,,,1.659,20.441,21.3,17,,,,,,,,,,,,,,,,,,,,,,,,,,,,,,,,,,,5,complete,,,,DE,1___b552b5c416e70c9d2c2889d0e9adc261_QYFQHENY
2026-09-30 07:26:50,2026-09-30 07:30:59,0,100,248,1,2026-09-30 07:30:59,R_2OppPLFaV4Tg5bP,anonymous,DE,1,FL_EOS_ID,,3,5,1,7,3,4,100,"Mars Snickers Oreo twix ",4.384,4.384,35.431,1,,1,,,1,1,1,1,1,1,1,1,1,,,,,1,1,,,,1,,,1,1,1,1,1,1,1,1,1,,,,,1,1,,,,,,,,,1,1,1,1,1,,1,,,,,,,,,7.371,86.399,87.765,39,,,,,,,,,,,,,,,,,,,,,,,,,,,,,,,,,,,2,complete,,,,DE,1___40ad7b012b86b81090c18f1b215015c1_QYFQHENY
2026-09-30 07:27:14,2026-09-30 07:31:03,0,100,229,1,2026-09-30 07:31:04,R_8gOyZb3aQoCBoum,anonymous,DE,1,FL_EOS_ID,,3,5,1,1,2,5,100,"mars, rayders, snicker",3.854,3.854,21.611,1,,1,,,,1,1,1,,1,,1,1,,,,,1,1,,,,,,,,,,1,,,,,1,,,,,,,,,,,,,,,,1,,,,,1,,,,,,,,,16.723,57.355,62.533,16,,,,,,,,,,,,,,,,,,,,,,,,,,,,,,,,,,,4,complete,,,,DE,1___524d1924125d9ce0864f43316ab2a692_QYFQHENY
2026-09-30 07:28:42,2026-09-30 07:31:12,0,100,149,1,2026-09-30 07:31:12,R_2OBJkBeDWX4zI4u,anonymous,DE,1,FL_EOS_ID,,3,2,1,7,3,6,100,ESN und More,2.315,10.503,11.78,2,,,,,1,1,1,1,1,1,,1,1,1,,,,1,1,,,,,,,,,,,,,,,,1,,,,,1,,,,,,,,,1,1,1,,,,1,1,,,,,1,,,1.54,54.488,55.53,33,,,,,,,,,,,,,,,,,,,,,,,,,,,,,,,,,,,3,complete,,,,DE,1___000b7465914ecd0bdf79e5154fa6d53f_QYFQHENY
2026-09-30 07:28:45,2026-09-30 07:31:13,0,100,148,1,2026-09-30 07:31:13,R_2hSG3cVYEY2NwWJ,anonymous,DE,1,FL_EOS_ID,,2,3,2,9,6,8,100,"Mars, Kitkat, Snickers, Kinder, Bounty",2.097,34.244,35.561,2,,1,,,1,1,1,1,1,1,1,1,1,,,,,1,1,,,1,1,1,1,1,1,1,1,1,1,1,1,1,1,1,1,1,1,1,1,,,,,,1,,1,1,1,1,,1,1,,,,,1,1,,,3.037,65.633,66.556,104,,,,,,,,,,,,,,,,,,,,,,,,,,,,,,,,,,,1,complete,,,,DE,1___d6a4db220e8c7bc9e4b28e494a2bad3e_QYFQHENY
2026-09-30 07:28:35,2026-09-30 07:31:21,0,100,165,1,2026-09-30 07:31:21,R_2EHrFElSuw2HAb4,anonymous,DE,1,FL_EOS_ID,,3,2,1,9,3,5,100,"Snickers, Twix, mars, Milky Way, bounty, more, lion, knoppers",2.534,2.534,54.367,1,,1,,,1,1,1,1,1,1,,1,1,1,,,,1,1,,,,,,,,1,1,1,1,1,,1,1,1,,,,1,1,,,,,,,,1,1,,1,1,,1,,1,,,,,1,,,2.231,62.05,62.895,44,,,,,,,,,,,,,,,,,,,,,,,,,,,,,,,,,,,4,complete,,,,DE,1___4465d430a87b8f55dc8cf8ba88d7ff63_QYFQHENY
2026-09-30 07:26:04,2026-09-30 07:31:33,0,100,328,1,2026-09-30 07:31:33,R_8bN7kZtfqXEdc5d,anonymous,DE,0.800000011920929,FL_EOS_ID,,2,2,1,7,3,3,100,"Esn
Kinder 
Knopers 
More",3.136,31.987,32.692,2,,,,,1,1,1,1,1,1,,1,1,,1,,,1,1,,,,,,,1,1,1,1,1,1,1,1,1,1,1,,1,1,1,,,,,,,1,1,1,1,1,1,,,,1,,,,1,1,,,9,83.5,84.667,44,,,,,,,,,,,1,82,39,-25,18,-41,7,0,1,,1,,1,,1,1,,Schokoladig,6,10,3.493,30.315,30.8,16,4,complete,,,,DE,1___2cb24978a668e56cc98c1581579acd4b_QYFQHENY
2026-09-30 07:29:08,2026-09-30 07:31:43,0,100,155,1,2026-09-30 07:31:44,R_2U9qvno84NSD4HS,anonymous,DE,1,FL_EOS_ID,,4,2,2,7,3,5,100,"Kinderriegel, Ballisto",2.454,2.454,22.312,1,,1,,,1,1,1,1,1,1,,1,1,,,,,1,1,,,,,,,1,1,1,,1,,,1,,,,,,,1,,,,,,,,,,,,,,,,,,,,,,,1,4.303,50.566,51.237,33,,,,,,,,,,,,,,,,,,,,,,,,,,,,,,,,,,,4,complete,,,,DE,1___544f6246ec0bf986e13c2b31451f758c_QYFQHENY
2026-09-30 07:29:17,2026-09-30 07:31:55,0,100,158,1,2026-09-30 07:31:56,R_8pZQKtlj2W42tOx,anonymous,DE,1,FL_EOS_ID,,3,5,2,9,2,4,100,Ferrero,1.358,14.994,15.681,2,,,,,1,1,,1,1,1,,1,1,,,1,,1,1,,,,1,,,1,1,1,1,1,1,,1,1,,,1,,1,1,,,,1,,,1,1,1,1,1,1,,1,1,,,1,,1,1,,,1.917,69.205,69.901,50,,,,,,,,,,,,,,,,,,,,,,,,,,,,,,,,,,,1,complete,,,,DE,1___a341902b91d4525ba97bda0bee354a31_QYFQHENY
2026-09-30 07:29:43,2026-09-30 07:32:03,0,100,139,1,2026-09-30 07:32:03,R_2nLddSbs5U78gAV,anonymous,DE,0.5,FL_EOS_ID,,4,5,2,9,1,4,100,"Mars Snickers twix Kinderriegel Duplo ",4.201,30.341,30.863,3,,1,,,1,1,1,1,1,1,,1,1,,,1,,1,1,,,,,,,1,,1,,1,,,,,,,,,,,,,,,,,,1,1,,,,,,,,,,,,,,,3.601,45.763,46.464,26,,,,,,,,,,,,,,,,,,,,,,,,,,,,,,,,,,,3,complete,,,true,DE,1___1cf0fd0cd2fa607bd65e3345eddc8c32_QYFQHENY
2026-09-30 07:28:23,2026-09-30 07:32:03,0,100,220,1,2026-09-30 07:32:03,R_2aK0w4rgVadgCeG,anonymous,DE,1,FL_EOS_ID,,2,5,1,4,4,3,100,Mars snickers,2.841,11.134,37.917,2,,1,,,1,1,1,,1,1,1,1,,,,1,,,1,,,,,,,1,,1,,,,,1,,,,,,,1,,,,,,,,,,,,,,1,,,,,,,1,,,2.619,52.617,53.754,42,,,,,,,,,,,,,,,,,,,,,,,,,,,,,,,,,,,4,complete,,,true,DE,1___f7bfb3fdb243f63e3bef9f032610d1e3_QYFQHENY
2026-09-30 07:29:25,2026-09-30 07:33:01,0,100,215,1,2026-09-30 07:33:01,R_8RfH2tk3PHu1h5q,anonymous,DE,1,FL_EOS_ID,,4,4,2,1,7,4,100,"Kitkat, Kinderschokolade, Mars Bountey, Milki Way, ",9.825,101.607,102.249,6,,1,,,1,,1,1,1,1,,1,1,,,,,,1,,,,,,,,,1,1,1,1,,,,,,,,,,,,,,,,,,,1,1,,,1,,,,,,,,,,6.999,53.542,54.477,23,,,,,,,,,,,,,,,,,,,,,,,,,,,,,,,,,,,2,complete,,,true,DE,1___eb58bb0d50c784855723dc5bafa8286b_QYFQHENY
2026-09-30 07:25:07,2026-09-30 07:41:21,0,100,973,1,2026-09-30 07:41:22,R_8BqZpy8miRlwEAp,anonymous,DE,1,FL_EOS_ID,,3,3,1,4,5,4,100,"Mars, Snickers, Bounty, Twix ",3.136,25.185,25.59,2,,,,,1,1,1,1,1,1,,1,1,,,,,1,1,,,,,,,,,,,1,1,,1,1,,,,,1,,,,,,,,,,,,1,,,,1,,,,,,,,,4.876,161.169,163.862,44,,,,,,,,,,,,,,,,,,,,,,,,,,,,,,,,,,,4,complete,,,true,DE,1___3fe66700d09ebb953bc3988fce778ba7_QYFQHENY
2026-09-30 07:43:16,2026-09-30 07:43:41,0,100,25,1,2026-09-30 07:43:42,R_8rNnWwuNIueYKJf,anonymous,DE,1,FL_38,,1,3,1,3,4,6,43,,,,,,,,,,,,,,,,,,,,,,,,,,,,,,,,,,,,,,,,,,,,,,,,,,,,,,,,,,,,,,,,,,,,,,,,,,,,,,,,,,,,,,,,,,,,,,,,,,,,,,,,,,,,complete,,,,DE,1___ea685bbd62757a2088a5872075e363e7_QYFQHENY
2026-09-30 07:43:12,2026-09-30 07:43:43,0,100,31,1,2026-09-30 07:43:43,R_8KCwYb9107q8z7U,anonymous,DE,0.30000001192092896,FL_38,,1,3,1,8,4,2,71,,,,,,,,,,,,,,,,,,,,,,,,,,,,,,,,,,,,,,,,,,,,,,,,,,,,,,,,,,,,,,,,,,,,,,,,,,,,,,,,,,,,,,,,,,,,,,,,,,,,,,,,,,,,complete,,,,DE,1___d7b2b4f5c184e2569a01f830e9e54b3b_QYFQHENY
2026-09-30 07:42:28,2026-09-30 07:43:49,0,100,80,1,2026-09-30 07:43:49,R_8bflZSOvGa3eqjv,anonymous,DE,1,FL_EOS_ID,,2,2,1,1,4,6,100,"Knobers, KitKat, Lion",1.557,1.557,19.102,1,,,,,1,,1,1,1,1,,1,1,,,,,1,1,,,,,,1,,,,,,,,,,1,,,,1,,,,,1,,,,,1,,1,,,,,,1,,,,,,,4.635,22.657,23.828,16,,,,,,,,,,,,,,,,,,,,,,,,,,,,,,,,,,,4,complete,,,,DE,1___31b5866bacd54843baae1787c8fb875e_QYFQHENY
2026-09-30 07:42:45,2026-09-30 07:43:55,0,100,69,1,2026-09-30 07:43:55,R_2GDsgXDzfx5mlZw,anonymous,DE,1,FL_EOS_ID,,2,3,2,3,4,5,100,Duplo knoppers,1.424,1.424,8.12,1,,1,,,1,1,1,1,1,1,1,1,1,1,,,,1,1,,,,1,,,1,1,1,1,1,1,1,,1,,,,,1,,,,,,,,,1,1,1,,,1,,,,,,,,,,,0.234,34.938,35.533,42,,,,,,,,,,,,,,,,,,,,,,,,,,,,,,,,,,,4,complete,,,,DE,1___2c64c6776e6085f34e47cbf58921eacf_QYFQHENY
2026-09-30 07:43:11,2026-09-30 07:44:34,0,100,83,1,2026-09-30 07:44:34,R_2PtkS8qjhvnXrXu,anonymous,DE,0.800000011920929,FL_EOS_ID,,4,3,2,2,5,3,100,Milka,1.839,1.839,4.82,1,1,1,,1,1,1,1,1,1,1,,1,1,1,,,,1,1,,,,,,,,,,,1,,,,1,1,,,,,,,,,,,,,,1,,1,,,,1,1,,,,,,,,2.746,36.875,40.158,21,,,,,,,,,,,,,,,,,,,,,,,,,,,,,,,,,,,4,complete,,,,DE,1___adf28c10a1a6a6c49bf1253689abefcf_QYFQHENY
2026-09-30 07:42:46,2026-09-30 07:44:38,0,100,112,1,2026-09-30 07:44:38,R_2Uc0zgqdScuF4Yx,anonymous,DE,1,FL_EOS_ID,,4,3,2,1,2,4,100,"Kinder, Nestle",1.901,1.901,19.202,1,,1,,,1,1,1,1,1,1,1,1,1,1,,,,1,1,,,,,,,,,1,1,1,1,,1,,,,,,1,1,,,,,,,,,1,1,,1,,,,,,,,,,,,1.774,48.052,48.634,36,,,,,,,,,,,,,,,,,,,,,,,,,,,,,,,,,,,4,complete,,,,DE,1___e99741d295bbc2f513691d3426304510_QYFQHENY
2026-09-30 07:43:15,2026-09-30 07:44:38,0,100,83,1,2026-09-30 07:44:39,R_8QmLSVM8KFpZLMZ,anonymous,DE,1,FL_EOS_ID,,3,3,2,2,5,5,100,"kinder ",1.856,5.384,6.574,3,,,,,,,,,1,,,,,,,,,,,,,,,,,,,,,1,,,,,,,,,,,,,,,,,,,,,1,,,,,,,,,,,,,2.337,18.461,19.681,16,,,,,,,,,,,,,,,,,,,,,,,,,,,,,,,,,,,3,complete,,,,DE,1___2fe0e74358793dd32f5b892359c436ec_QYFQHENY
2026-09-30 07:42:40,2026-09-30 07:44:39,0,100,118,1,2026-09-30 07:44:39,R_2iVV3wdvlbe7eWO,anonymous,DE,1,FL_EOS_ID,,6,3,2,9,6,7,100,Milka,1.898,1.898,5.747,1,,1,,,1,1,1,1,1,1,,1,1,1,,,,1,1,,,,,,,,,,,,,,,,,,,,,1,,,,,,,,,,,,,,,,,,,,,1,,,6.884,42.211,43.235,19,,,,,,,,,,,,,,,,,,,,,,,,,,,,,,,,,,,3,complete,,,,DE,1___90adddfbea952c5286dc135492df3e0c_QYFQHENY
2026-09-30 07:43:25,2026-09-30 07:44:45,0,100,80,1,2026-09-30 07:44:46,R_88ApdrjQ1Kv6PGR,anonymous,DE,1,FL_EOS_ID,,2,2,1,2,4,3,100,Kinder,1.144,1.144,8.575,1,,,,,1,,1,1,1,1,1,,1,,,1,,,,,,,,,,,1,1,1,1,,,1,1,,,1,,,,,,,,,,1,,1,1,1,1,1,1,1,,,,,,,,,1.115,41.859,42.49,43,,,,,,,,,,,,,,,,,,,,,,,,,,,,,,,,,,,4,complete,,,true,DE,1___cc0e0bd36099043ee2ca25c78e68a273_QYFQHENY
2026-09-30 07:44:30,2026-09-30 07:44:59,0,100,28,1,2026-09-30 07:44:59,R_2dMS8Q9xSvdOble,anonymous,DE,1,FL_38,,3,4,1,4,5,5,31,,,,,,,,,,,,,,,,,,,,,,,,,,,,,,,,,,,,,,,,,,,,,,,,,,,,,,,,,,,,,,,,,,,,,,,,,,,,,,,,,,,,,,,,,,,,,,,,,,,,,,,,,,,,complete,,,,DE,1___b9d208e54260e1a8f85397f6522e7b3f_QYFQHENY
2026-09-30 07:43:58,2026-09-30 07:45:00,0,100,61,1,2026-09-30 07:45:00,R_2F3tqWbwyyEKPCt,anonymous,DE,1,FL_EOS_ID,,2,3,1,2,5,6,100,Milka,3.623,3.623,6.994,1,,,,,,,,1,,,,,,,,,,1,1,,,,,,,,,,,,,,1,,,,,,1,,,,,,,,,,,,,,,,1,,,,,,,,,1.551,15.675,16.453,21,,,,,,,,,,,,,,,,,,,,,,,,,,,,,,,,,,,5,complete,,,,DE,1___94e588aad7218ef32a26439c38dcb1ae_QYFQHENY
2026-09-30 07:43:53,2026-09-30 07:45:06,0,100,72,1,2026-09-30 07:45:06,R_8TL9QCFWPRWck3c,anonymous,DE,1,FL_38,,1,3,2,7,4,6,50,,,,,,,,,,,,,,,,,,,,,,,,,,,,,,,,,,,,,,,,,,,,,,,,,,,,,,,,,,,,,,,,,,,,,,,,,,,,,,,,,,,,,,,,,,,,,,,,,,,,,,,,,,,,complete,,,,DE,1___b75b4abd1849336db70a6543b3573755_QYFQHENY
2026-09-30 07:42:56,2026-09-30 07:45:12,0,100,136,1,2026-09-30 07:45:13,R_2WD4jqI3canQqGA,anonymous,DE,1,FL_EOS_ID,,2,2,1,9,3,4,100,"Kinderriegel , Mars , snickers",1.711,1.711,14.102,1,,,,,,1,1,,1,1,,1,1,,,,,,1,,,,,,,,,1,,1,,,1,1,,,,,,1,,,,,,,,,1,1,1,,,1,1,,,,,,1,,,0.741,30.328,30.886,37,,,,,,,,,,,,,,,,,,,,,,,,,,,,,,,,,,,3,complete,,,,DE,1___7b744c996537255fbb15367f05c45676_QYFQHENY
2026-09-30 07:22:04,2026-09-30 07:45:25,0,100,1401,1,2026-09-30 07:45:26,R_2rqOzZzGdZNcN6U,anonymous,DE,1,FL_EOS_ID,,2,2,2,8,3,4,100,"Milka, Rittersport, Lindt",1.068,19.998,20.688,7,1,1,,1,1,,1,1,1,1,1,1,1,1,,,1,1,1,,,,,,,,,,,1,,,,,,,,,,,,,,,,,1,,,,1,,,,1,,,,,,,,,124.152,149.354,149.915,32,,,,,,,,,,,,,,,,,,,,,,,,,,,,,,,,,,,2,complete,,,,DE,1___61e298d4f11669a63c272afaa72edd6b_QYFQHENY
2026-09-30 07:43:09,2026-09-30 07:45:52,0,100,162,1,2026-09-30 07:45:52,R_8gx8EJw3hfCjyil,anonymous,DE,1,FL_EOS_ID,,3,3,1,2,5,6,100,"Twix snickers KitKat corny kinder 
",2.279,2.279,36.743,1,,1,,,1,1,1,1,1,1,1,1,1,1,,,1,1,1,,,,,,,,1,,1,1,1,,1,,,,,,,1,,,,1,,,,1,,,1,,,,,,,,,1,1,,,3.133,71.449,72.543,66,,,,,,,,,,,,,,,,,,,,,,,,,,,,,,,,,,,3,complete,,,,DE,1___45425a6c2aaed3972cf37355c15de606_QYFQHENY
2026-09-30 07:45:08,2026-09-30 07:46:24,0,100,75,1,2026-09-30 07:46:24,R_8NE4CbpHEXjkjVn,anonymous,DE,1,FL_EOS_ID,,4,3,2,1,3,7,100,Kinder,1.411,1.411,4.998,1,1,1,,,1,1,1,1,1,1,1,1,1,,,,1,1,1,,,,1,,,1,,,1,1,1,1,1,1,,,,,1,1,,,,,,,,,,,,1,1,,,,,,,,,,,3.348,38.497,39.398,50,,,,,,,,,,,,,,,,,,,,,,,,,,,,,,,,,,,3,complete,,,,DE,1___d7fc593eafc0ead40b1568368003a95c_QYFQHENY
2026-09-30 07:44:46,2026-09-30 07:46:32,0,100,105,1,2026-09-30 07:46:32,R_2uo7JK1Bce3xk9X,anonymous,DE,1,FL_EOS_ID,,3,2,2,4,2,2,100,Milka,10.462,10.462,13.753,1,,,,,1,,,,,,,,,,,,,,,,,,,,,,,,,,,,,,,,,,,,,1,,,,,,,,,,,,,,,,,,,,,1,10.08,16.318,16.798,8,,,,,,,,,,,,,,,,,,,,,,,,,,,,,,,,,,,5,complete,,,,DE,1___6d492fff2bbc61dc97b6cd16163bd2ac_QYFQHENY
2026-09-30 07:44:58,2026-09-30 07:46:35,0,100,97,1,2026-09-30 07:46:35,R_2PjEgeAz8o3IOTZ,anonymous,DE,1,FL_EOS_ID,,2,2,2,7,3,6,100,"twix, penny eigenmarke, kinder",1.33,1.33,16.269,1,,,,,,1,,1,1,,,,,,,,,1,,,,,,,,,,,,1,1,,,,,,,,1,,,,,,,,,,,,1,1,,,,,,,,,,,,1.15,33.766,34.905,24,,,,,,,,,,,,,,,,,,,,,,,,,,,,,,,,,,,4,complete,,,,DE,1___55fdf11241821f907c154591a3b31f6c_QYFQHENY
2026-09-30 07:45:20,2026-09-30 07:46:39,0,100,78,1,2026-09-30 07:46:39,R_2RvMrhaEqlG2vYJ,anonymous,DE,1,FL_EOS_ID,,2,2,1,9,2,4,100,Snickers smells Knoppers Regel.,1.185,1.185,9.487,1,,,,,,,1,1,1,1,,1,,,,,,,1,,,,,,,,,,,,1,,1,,,,,,1,1,,,,,,,,,1,1,1,1,,1,,,,,,,1,,,2.8,30.243,30.576,32,,,,,,,,,,,,,,,,,,,,,,,,,,,,,,,,,,,3,complete,,,,DE,1___3a86ca22119a86fe2922e9d8a962dce4_QYFQHENY
2026-09-30 07:44:20,2026-09-30 07:46:49,0,100,149,1,2026-09-30 07:46:49,R_2xK0eKjk8CUNIQx,anonymous,DE,1,FL_EOS_ID,,3,3,2,9,5,4,100,"corny
Snickers 
Twix",1.601,1.601,26.954,1,,1,,,1,1,1,1,1,1,,1,1,,,,,1,1,,,,,,,,,1,1,1,1,,,,,,,,1,1,,,,,,,,1,1,,1,,,,,,,,,,,,,1.9,46.683,51.403,31,,,,,,,,,,,,,,,,,,,,,,,,,,,,,,,,,,,2,complete,,,,DE,1___10c5318136e16903f66fd57dcd8e2ca7_QYFQHENY
2026-09-30 07:45:08,2026-09-30 07:46:49,0,100,100,1,2026-09-30 07:46:49,R_2SeimrpiodSFcR8,anonymous,DE,1,FL_EOS_ID,,2,3,2,9,3,3,100,Twix mars snickers,1.658,1.658,18.855,1,,1,,,1,1,1,1,1,1,,,1,1,,,,1,1,,,,,,,,,,,1,1,,1,1,1,,,,,,,,,,,,,,,,1,,,,1,1,,,,,,,,3.149,40.995,41.893,28,,,,,,,,,,,,,,,,,,,,,,,,,,,,,,,,,,,3,complete,,,,DE,1___634cdd48dfca09d92341936e633b9f24_QYFQHENY
2026-09-30 07:46:22,2026-09-30 07:47:04,0,100,41,1,2026-09-30 07:47:05,R_8maCMF2MIa8PEqd,anonymous,DE,1,FL_38,,3,2,1,2,4,5,20,,,,,,,,,,,,,,,,,,,,,,,,,,,,,,,,,,,,,,,,,,,,,,,,,,,,,,,,,,,,,,,,,,,,,,,,,,,,,,,,,,,,,,,,,,,,,,,,,,,,,,,,,,,,complete,,,,DE,1___5c7803eedd098c61fcbb0ca6017caa44_QYFQHENY
2026-09-30 07:46:12,2026-09-30 07:47:22,0,100,70,1,2026-09-30 07:47:22,R_263GRg9wRK9hgNX,anonymous,DE,0.800000011920929,FL_EOS_ID,,1,2,1,2,4,5,100,"Mars ",1.798,1.798,8.78,1,1,,,1,,,1,,1,,,1,1,1,,1,,,1,1,,,1,,1,1,1,,1,1,,,,,,,,1,1,,,,1,1,,1,1,,,,,,1,,1,,1,,1,,,,,1.106,22.07,22.891,69,,,,,,,,,,,,,,,,,,,,,,,,,,,,,,,,,,,4,complete,,,,DE,1___4e6d9f45bc5a6eaf15a330cd367aea62_QYFQHENY
2026-09-30 07:45:57,2026-09-30 07:47:27,0,100,90,1,2026-09-30 07:47:27,R_2mDbhZpXCmL09a8,anonymous,DE,1,FL_EOS_ID,,3,2,2,3,2,5,100,Kinder,2.282,6.549,7.409,2,1,,1,,1,1,1,1,1,1,,1,1,,,1,,1,1,,,,,,,,,1,1,1,,,,,,,,,,1,,,1,,1,,,,,,1,,,,1,,,,,,,,,2.663,45.982,46.722,31,,,,,,,,,,,,,,,,,,,,,,,,,,,,,,,,,,,4,complete,,,,DE,1___24b3d52d3ac050e4413c814cc283680b_QYFQHENY
2026-09-30 07:45:29,2026-09-30 07:47:29,0,100,120,1,2026-09-30 07:47:29,R_2plMQv3WMpTaILy,anonymous,DE,1,FL_EOS_ID,,3,2,1,2,5,3,100,"Bahlsen, Kinder",0.6,15.344,15.973,2,,1,,,1,1,1,1,1,1,,1,1,1,,1,,1,1,,,,,,,,,1,1,1,1,,,1,,,,,1,,,,,,,,,,1,1,1,1,,,1,,,,,1,,,,1.057,58.284,59.348,36,,,,,,,,,,,,,,,,,,,,,,,,,,,,,,,,,,,3,complete,,,,DE,1___34f785708205edfda6b7b136f1170b07_QYFQHENY
2026-09-30 07:46:15,2026-09-30 07:47:45,0,100,89,1,2026-09-30 07:47:45,R_24nMHwEGBLmG5MV,anonymous,DE,1,FL_EOS_ID,,2,2,1,9,5,5,100,"Milka, Ritter Sport ,Mars ,Bounty ,Snickers ,twix",1.301,1.301,15.901,1,,1,1,,1,1,1,1,1,1,1,1,1,1,,,,1,1,,,,,1,,1,1,,1,1,1,,1,1,1,,,,1,1,,,,,,,,1,1,1,1,,,,1,,,,,,1,,,5.304,40.686,41.027,45,,,,,,,,,,,,,,,,,,,,,,,,,,,,,,,,,,,4,complete,,,,DE,1___c2dfa05f41c4883526f0f94974912b14_QYFQHENY
2026-09-30 07:46:06,2026-09-30 07:47:45,0,100,99,1,2026-09-30 07:47:45,R_2pujmbOi2eqWRMU,anonymous,DE,1,FL_EOS_ID,,3,3,2,2,3,3,100,"Kinder, Mars, Snickers, leon",1.707,1.707,18.151,1,,1,,,1,1,1,1,1,1,,1,1,,,,,1,1,,,,,,,1,,,,,,,1,1,,,,,1,1,,,,,,,,,,,1,,,1,1,,,,,,,,,1.155,37.463,37.905,28,,,,,,,,,,,,,,,,,,,,,,,,,,,,,,,,,,,5,complete,,,,DE,1___db0e301a6d978f6aa0b662bf53d46dc0_QYFQHENY
2026-09-30 07:45:45,2026-09-30 07:47:54,0,100,129,1,2026-09-30 07:47:55,R_2077ox0HsRP6Nsq,anonymous,DE,1,FL_EOS_ID,,4,2,2,5,2,3,100,"Lindt, kinderschokolade, schogetten",1.601,24.005,25.215,4,,,,,,,1,1,1,1,,,1,,,,,1,1,,,,,,,,,1,,1,,,,,,,,,1,,,,,,,,,,1,,1,1,,,,,,,,,,,,3.458,41.029,41.79,32,,,,,,,,,,,,,,,,,,,,,,,,,,,,,,,,,,,2,complete,,,,DE,1___47c2d46e04e262e96420c850e450c225_QYFQHENY
2026-09-30 07:45:16,2026-09-30 07:48:01,0,100,165,1,2026-09-30 07:48:02,R_2iZ36aAYS8SCElX,anonymous,DE,1,FL_EOS_ID,,6,2,1,7,3,4,100,"Lion und Snickers ",2.901,15.771,17.748,3,,,,,,,1,,1,1,,1,,,,,,,1,,,,,,,,,,,,,,,,,,,,,1,,,,,,,,,1,,,,,,1,,,,,,1,,,7.657,70.1,71.441,40,,,,,,,,,,,,,,,,,,,,,,,,,,,,,,,,,,,2,complete,,,,DE,1___a9fcab58792f03d3063fba6048e3f07a_QYFQHENY
2026-09-30 07:46:29,2026-09-30 07:48:03,0,100,94,1,2026-09-30 07:48:04,R_8mF8tNwSTVHZH1I,anonymous,DE,0.8999999761581421,FL_EOS_ID,,5,2,1,7,2,7,100,Corny,2.264,8.806,9.23,2,,,,,1,1,1,1,1,1,,1,1,1,,,,,,,,,,,,,1,1,,,,,1,,,,,,,,,,,,,,,1,,,,,,,,,,,,,,,,2.552,38.125,38.88,20,,,,,,,,,,,,,,,,,,,,,,,,,,,,,,,,,,,4,complete,,,,DE,1___95ef546d1ce23edd8a50f26956b9b5c5_QYFQHENY
2026-09-30 07:46:29,2026-09-30 07:48:09,0,100,99,1,2026-09-30 07:48:09,R_2da9l3fyrxwn3x0,anonymous,DE,1,FL_EOS_ID,,4,4,2,9,5,5,100,"Kinderriegel, Duplo",1.5,16.127,17.5,2,,1,,,,1,1,1,1,1,,1,1,,,,,1,1,,,,,,,,1,1,1,1,,,,,,,,,1,,,,,,,,,1,1,,1,,,,,,,,,1,,,,2.7,36.988,37.88,32,,,,,,,,,,,,,,,,,,,,,,,,,,,,,,,,,,,2,complete,,,,DE,1___74fed64516c57ca47ce7b0e13eaccf16_QYFQHENY
2026-09-30 07:45:56,2026-09-30 07:48:10,0,100,133,1,2026-09-30 07:48:11,R_2D8sMaZamnLNouc,anonymous,DE,1,FL_EOS_ID,,3,2,1,4,4,5,100,"Koro, twix, mars, Snickers, ",2.901,23,23.843,2,,1,1,,1,1,1,1,1,1,,1,1,1,,,,1,1,,,,1,,,1,1,1,,1,1,,,1,,,,,1,,,,,,,,,,1,,1,,,,,,,,,,,,,4.949,67.329,68.065,37,,,,,,,,,,,,,,,,,,,,,,,,,,,,,,,,,,,4,complete,,,,DE,1___e8e053191266e5c4d563b9f6d2f047a2_QYFQHENY
2026-09-30 07:47:02,2026-09-30 07:48:27,0,100,85,1,2026-09-30 07:48:28,R_8sR0qHPfZKxmA8G,anonymous,DE,1,FL_EOS_ID,,4,3,2,6,6,5,100,"Kinder, Mars",1.695,7.248,7.655,2,,1,,,1,1,1,1,1,1,,1,1,,,,,1,1,,,,,,,1,,1,1,1,1,,1,,,,,,,,,,,,,,,,,1,1,,,,,,,,,,,,,2.362,32.043,32.917,28,,,,,,,,,,,,,,,,,,,,,,,,,,,,,,,,,,,3,complete,,,,DE,1___1509e93c411a2bda63533ff91b7c42ae_QYFQHENY
2026-09-30 07:46:31,2026-09-30 07:48:40,0,100,128,1,2026-09-30 07:48:40,R_8pnKb5Nx22KNW8i,anonymous,DE,1,FL_EOS_ID,,3,4,1,3,6,7,100,Snickers Bounty Kinder Mars Twix,1.775,24.075,24.779,2,1,1,,,1,1,1,1,1,1,1,1,1,,,1,,1,1,,,,1,,,1,,1,1,1,1,1,,1,,,,,,1,,,,,,,1,1,1,1,,1,1,,1,,,,,1,1,,,2.877,58.484,59.144,43,,,,,,,,,,,,,,,,,,,,,,,,,,,,,,,,,,,4,complete,,,,DE,1___ce31f21b8fe024c0de2bb87aad3b4034_QYFQHENY
2026-09-30 07:45:40,2026-09-30 07:49:30,0,100,229,1,2026-09-30 07:49:30,R_2s7gfbYuXjtRAuq,anonymous,DE,0.800000011920929,FL_EOS_ID,,2,5,1,2,2,2,100,Mars,2.9,2.9,6.861,1,,1,,,1,1,1,1,1,1,1,1,1,,,,,1,1,,,,1,,,1,,1,1,1,1,,1,1,,,,,,,,,,,,,,,,1,1,,,1,,,,,,,,,,4.601,88.721,89.713,30,,,,,,,,,,,,,,,,,,,,,,,,,,,,,,,,,,,5,complete,,,,DE,1___ea6ad97423c02a63a1f289825746c312_QYFQHENY
2026-09-30 07:47:59,2026-09-30 07:50:14,0,100,135,1,2026-09-30 07:50:15,R_20FA9GX09XxiZKF,anonymous,DE,1,FL_EOS_ID,,5,3,2,3,3,6,100,"Kinder, Storck, ",1.29,27.044,27.8,5,1,1,,,1,1,1,1,1,1,1,1,1,1,,,,1,1,,,1,,,,,,1,1,,1,1,,,1,,,,,,,,,,,,,,,,,,,,,,,,,,,,1,3.214,40.982,41.493,32,,,,,,,,,,,,,,,,,,,,,,,,,,,,,,,,,,,5,complete,,,,DE,1___6128f626398acac577b4cfd4484d4101_QYFQHENY
2026-09-30 07:48:50,2026-09-30 07:50:19,0,100,89,1,2026-09-30 07:50:19,R_8EGr0B3xusxjNQ9,anonymous,DE,0.8999999761581421,FL_38,,2,3,2,2,6,7,34,,,,,,,,,,,,,,,,,,,,,,,,,,,,,,,,,,,,,,,,,,,,,,,,,,,,,,,,,,,,,,,,,,,,,,,,,,,,,,,,,,,,,,,,,,,,,,,,,,,,,,,,,,,,complete,,,,DE,1___208ea2bcf141da393ca83eca8c62d4b4_QYFQHENY
2026-09-30 07:46:26,2026-09-30 07:50:37,0,100,250,1,2026-09-30 07:50:37,R_8918aCOVghAdDkc,anonymous,DE,1,FL_EOS_ID,,5,5,2,6,2,2,100,"Duplo Buenos ",4.684,22.23,23.903,2,,1,,,1,1,1,1,1,1,,1,1,,,,,1,1,,,,,,,1,,1,,,1,,,,,,,,,,,,,,,,,,1,,,1,,,,,,,,,,,,7.682,80.42,81.1,28,,,,,,,,,,,,,,,,,,,,,,,,,,,,,,,,,,,5,complete,,,,DE,1___15ffc8f723bd0e8fc98941093764bc9e_QYFQHENY
2026-09-30 07:48:14,2026-09-30 07:51:45,0,100,210,1,2026-09-30 07:51:45,R_2U1uKqAfBXLFDgt,anonymous,DE,0.800000011920929,FL_EOS_ID,,3,3,1,6,1,1,100,Milka,18.238,18.238,26.327,1,,,,,1,1,1,,1,1,,1,1,,,,,1,,,,,,,,,1,1,,1,,,1,1,,,,,1,,,,,,,,,1,1,,1,1,,,1,,,,,,,,,13.973,83.192,84.06,31,,,,,,,,,,,,,,,,,,,,,,,,,,,,,,,,,,,5,complete,,,true,DE,1___9552b52e63bcf21128fde78af7df0431_QYFQHENY
2026-09-30 07:27:59,2026-09-30 07:51:47,0,100,1427,1,2026-09-30 07:51:47,R_2VPUN3wiL5oWMW5,anonymous,DE,1,FL_EOS_ID,,2,3,2,3,3,3,100,Kinderriegel,1.651,27.327,27.701,3,,,,,1,,,1,,1,,,1,,,,,,1,,,,,,,1,,,,,,,,1,1,,,,1,,,,,,,,1,,1,,,,,,,,,,,,1,,,1.247,397.497,398.305,27,,,,,,,,,,,,,,,,,,,,,,,,,,,,,,,,,,,5,complete,,,,DE,1___cdfc32a19acc75efb8507947c0b9621c_QYFQHENY
2026-09-30 07:46:22,2026-09-30 07:51:53,0,100,331,1,2026-09-30 07:51:54,R_8E6P9PzJN8XJN7z,anonymous,DE,1,FL_EOS_ID,,3,6,1,3,1,4,100,Milka,6.256,6.256,12.795,1,,,,,,,,,,,,,1,,,,,,,,,,,,,,,,,,,,,1,,,,,,,,,,,,,,,,,,,,,1,,,,,,,,,4.351,25.002,27.553,17,,,,,,,,,,,,,,,,,,,,,,,,,,,,,,,,,,,2,complete,,,,DE,1___b40bbc7595ce0c34f62fa9da6c636b91_QYFQHENY
2026-09-30 07:45:41,2026-09-30 07:54:21,0,100,520,1,2026-09-30 07:54:22,R_2FWe01dhRDp38zx,anonymous,DE,1,FL_EOS_ID,,2,3,2,9,3,7,100,Snicker twikes kitkat,20.603,38.093,39.094,2,,,,,1,1,,1,,,,1,1,,,,,1,1,1,,,,,,,1,,,1,1,,1,1,,,,,1,1,,,,,,,1,1,1,,1,,,,1,,,,,1,1,,,12.142,353.091,353.722,42,,,,,,,,,,,,,,,,,,,,,,,,,,,,,,,,,,,4,complete,,,,DE,1___076f221b71d185e15a7539a005f1ef44_QYFQHENY
2026-09-30 08:01:19,2026-09-30 08:01:52,0,100,33,1,2026-09-30 08:01:53,R_2eIM4GSV5A6Jrcl,anonymous,DE,1,FL_38,,2,4,1,2,4,4,48,,,,,,,,,,,,,,,,,,,,,,,,,,,,,,,,,,,,,,,,,,,,,,,,,,,,,,,,,,,,,,,,,,,,,,,,,,,,,,,,,,,,,,,,,,,,,,,,,,,,,,,,,,,,complete,,,,DE,1___ac913961e8f1254104e6c32ff3becf4f_QYFQHENY
2026-09-30 08:01:00,2026-09-30 08:02:31,0,100,90,1,2026-09-30 08:02:32,R_8iemkbHAiJeYq5z,anonymous,DE,1,FL_EOS_ID,,3,2,2,7,3,7,100,"Milka, KitKat, Twix, Mars",1.436,1.436,20.184,1,,,,,,1,1,1,1,,,1,1,1,,,,1,1,,,,,,,,,,1,1,,,1,1,1,,,,,,,,,,,,,,1,1,,,,,1,,,,,,,,,1.365,31.435,32.025,30,,,,,,,,,,,,,,,,,,,,,,,,,,,,,,,,,,,5,complete,,,,DE,1___ecf642c1ceb5a1b4b2f09d7df123cb27_QYFQHENY
2026-09-30 08:01:50,2026-09-30 08:03:26,0,100,96,1,2026-09-30 08:03:27,R_21uRjqQcac3woqd,anonymous,DE,1,FL_EOS_ID,,7,2,1,9,3,4,100,"Kinder, Corny",2.956,2.956,13.751,1,,1,,,,1,1,,1,1,,1,1,,,,,1,1,,,,,,,,,,,,,,,,,,,,1,1,,,,,,,,,,,,,,,,,,,,,1,,,2.731,33.719,34.755,23,,,,,,,,,,,,,,,,,,,,,,,,,,,,,,,,,,,3,complete,,,,DE,1___4e306df02362069c9473ffcc8b982aaa_QYFQHENY
2026-09-30 08:01:38,2026-09-30 08:04:08,0,100,149,1,2026-09-30 08:04:08,R_8nxcDuVgOGAHsBO,anonymous,DE,1,FL_EOS_ID,,7,4,1,2,6,6,100,"Kinderriegel
",3.688,3.688,19.767,1,,,,,,,1,1,1,1,,1,,,,,,,,,,,,,,,,,,,,,,,,,,,,,,1,,,,,,,,,,,,,,,,,,,,,1,1.739,67.215,67.73,38,,,,,,,,,,,,,,,,,,,,,,,,,,,,,,,,,,,5,complete,,,,DE,1___2ed152654b5fa0a1b4c00622b780c13b_QYFQHENY
2026-09-30 08:03:15,2026-09-30 08:04:23,0,100,67,1,2026-09-30 08:04:23,R_2wD0obrA26B8nHb,anonymous,DE,1,FL_EOS_ID,,2,3,2,7,4,6,100,Milka,1.423,2.119,6.186,2,,,1,,1,1,1,1,1,1,,1,1,,,,,,1,,,,,,,,,1,,1,,,,1,,,,,,,,,,,,,,,,,,,,,1,,,,,,,,,1.9,26.689,27,30,,,,,,,,,,,,,,,,,,,,,,,,,,,,,,,,,,,3,complete,,,,DE,1___ce16eb3fe755cecada586ba51d132078_QYFQHENY
2026-09-30 08:03:00,2026-09-30 08:04:35,0,100,95,1,2026-09-30 08:04:36,R_8kA1GOJdpoNGgVh,anonymous,DE,1,FL_EOS_ID,,2,4,1,7,4,4,100,Ferero,2.334,2.334,12.003,1,,,,,,,1,,1,,,,,,,,,,,,,,,,,,,1,,,,,,,,,,,,,,,,,,,,,1,,,,,,,,,,,,,,,5.918,37.099,38.59,16,,,,,,,,,,,,,,,,,,,,,,,,,,,,,,,,,,,4,complete,,,,DE,1___caa5a96f6b1ab4b1115cbc1faa70026e_QYFQHENY
2026-09-30 08:02:55,2026-09-30 08:05:08,0,100,132,1,2026-09-30 08:05:08,R_8nAVIACaWQAEKLG,anonymous,DE,0.8999999761581421,FL_EOS_ID,,3,3,2,3,5,9,100,"Kinder Milka Ferrero ",3.2,3.2,17.6,1,,1,,,1,1,1,1,1,1,1,1,1,,,1,,1,1,,,,,,,1,1,1,1,1,1,1,,1,,,,,1,1,,,,1,,,,,1,1,,,1,,1,,,,,1,1,,,5.1,53.134,54,38,,,,,,,,,,,,,,,,,,,,,,,,,,,,,,,,,,,5,complete,,,,DE,1___eba6e100226d6be909871eb1c4a153a7_QYFQHENY
2026-09-30 08:01:05,2026-09-30 08:05:23,0,100,257,1,2026-09-30 08:05:23,R_8DrT1u62A6IBC0N,anonymous,DE,0.800000011920929,FL_EOS_ID,,1,2,1,3,2,4,100,"Snickers
",34.315,39.888,40.359,2,,,,,1,,,,,,,,,,,,,,,,,,,,,,1,,,1,,,,1,,,,,1,,,,,,1,1,,,,,,,,,,,,,,1,,,,19.8,37.973,38.605,11,,,,,,,,,,,,,,,,,,,,,,,,,,,,,,,,,,,3,complete,,,,DE,1___a96f8beac7e4f24d0dd456471b59b2be_QYFQHENY
2026-09-30 08:04:17,2026-09-30 08:05:55,0,100,97,1,2026-09-30 08:05:55,R_82Xjls1mzMRennW,anonymous,DE,1,FL_EOS_ID,,3,2,2,4,1,4,100,Kinder,1.693,1.693,7.092,1,,,,,1,,1,1,1,1,,1,1,,,,,1,1,,,,,,,,,,1,1,1,,,1,,,,,1,1,,,,,,,,,,,1,,,,,,,,,1,1,,,1.506,36.627,40.341,62,,,,,,,,,,,,,,,,,,,,,,,,,,,,,,,,,,,5,complete,,,,DE,1___c861c88d4a919f086b7bc01913d9ba9f_QYFQHENY
2026-09-30 08:03:42,2026-09-30 08:06:17,0,100,155,1,2026-09-30 08:06:18,R_8vbAPLNhhyIkNhv,anonymous,DE,0.800000011920929,FL_EOS_ID,,1,2,2,1,4,4,100,"Milka
Lind
Kinder
",1.501,1.501,18.523,1,,1,,,1,,1,1,1,1,,1,1,,,,,1,1,,,,,,,,,1,,1,1,,1,1,,,,,,,,,,,,,1,1,,1,,,,1,,,,,,,1,,,3.12,46.367,46.957,37,,,,,,,,,,,,,,,,,,,,,,,,,,,,,,,,,,,2,complete,,,,DE,1___abf1a2f059d23fac8e82705eb5bd0669_QYFQHENY
2026-09-30 08:05:37,2026-09-30 08:06:33,0,100,56,1,2026-09-30 08:06:34,R_8FOYxyCoCwKlnr3,anonymous,DE,1,FL_38,,1,2,2,3,4,3,73,,,,,,,,,,,,,,,,,,,,,,,,,,,,,,,,,,,,,,,,,,,,,,,,,,,,,,,,,,,,,,,,,,,,,,,,,,,,,,,,,,,,,,,,,,,,,,,,,,,,,,,,,,,,complete,,,,DE,1___75e79feaa6453fb8a65f7ccefb5a3d4d_QYFQHENY
2026-09-30 08:05:05,2026-09-30 08:06:44,0,100,99,1,2026-09-30 08:06:44,R_8TnFiZ1D4Ed6LsR,anonymous,DE,1,FL_EOS_ID,,2,2,1,9,3,5,100,"Rittersport, Milka",1.442,1.442,9.686,1,,,,,,,1,1,1,1,,1,1,,,,,1,1,,,,,,,,,1,1,1,1,,,1,,,,,,,,,,,,,,,,,1,,,,,,,,,1,1,,,0.95,36.857,37.58,26,,,,,,,,,,,,,,,,,,,,,,,,,,,,,,,,,,,4,complete,,,,DE,1___62fcb925400ecd3ef014025419ab6539_QYFQHENY
2026-09-30 08:03:01,2026-09-30 08:06:52,0,100,230,1,2026-09-30 08:06:52,R_24zS8Pj2FkYfwa6,anonymous,DE,1,FL_EOS_ID,,2,5,2,5,6,6,100,"Twix, Mars, balisto",4.9,31.25,31.726,5,,1,1,,,1,,1,,1,,1,,,1,,,1,,,,,1,,,,,,,,,1,,1,,,,,,,,,,1,,,,,,,,,,,1,,,,,,,,,6.801,48.532,49.024,31,,1,,,,,,1,,,,87,99,96,89,89,7,5,,,,,,,,,,Beim Produkt neoh handelt es sich um einen Schokoriegel besonderer art,5,5,5.774,66.209,67.133,13,3,complete,,,,DE,1___f86980f408293d5ee348880430682770_QYFQHENY
2026-09-30 08:04:49,2026-09-30 08:07:37,0,100,167,1,2026-09-30 08:07:37,R_8ggHcCnLIiz5Uad,anonymous,DE,0.800000011920929,FL_EOS_ID,,2,2,1,3,3,6,100,Milka Milkyway Kinderschokolade,1.623,1.623,23.825,1,,,,,1,1,,1,1,1,,1,1,,,,,1,1,,,,,,1,1,1,1,,1,,,1,1,,,,,,,,,,,,,,,1,1,1,,,1,1,,,,,1,1,,,20.623,85.701,86.782,34,,,,,,,,,,,,,,,,,,,,,,,,,,,,,,,,,,,3,complete,,,,DE,1___afe86955723d45b2208a99ac3d4bd5cf_QYFQHENY
2026-09-30 08:06:31,2026-09-30 08:07:48,0,100,76,1,2026-09-30 08:07:48,R_8LG2I8fl6k4trVp,anonymous,DE,1,FL_EOS_ID,,3,2,2,6,6,6,100,"Kinder, Milka",1.193,1.193,6.734,1,,,1,,1,1,1,1,1,1,,1,1,,,,,,1,,,,,1,,1,,1,1,1,1,,1,1,,,,,,1,,,,,,,,,,,1,,,,,,,,,,,,,1.085,37.113,38.458,53,,,,,,,,,,,,,,,,,,,,,,,,,,,,,,,,,,,4,complete,,,,DE,1___92cbe26c01accbdd467613ebb9bab629_QYFQHENY
2026-09-30 08:05:56,2026-09-30 08:08:20,0,100,143,1,2026-09-30 08:08:20,R_2ffc1KNAnRWgS1M,anonymous,DE,1,FL_EOS_ID,,6,2,1,2,1,5,100,"Ritter Sport, Duplo, Kinder, Snicker, Mars",2.243,2.243,25.798,1,,1,,,1,1,1,1,1,1,1,1,1,1,,,,1,1,,,,1,,,,1,1,,,1,1,,1,,,,,1,1,,,,1,,,,,,,1,1,,,1,,,,,,,,,2.017,68.46,69.442,41,,,,,,,,,,,,,,,,,,,,,,,,,,,,,,,,,,,4,complete,,,,DE,1___fe9fe81524b32716a9c5ad4474ceb3cf_QYFQHENY
2026-09-30 08:06:39,2026-09-30 08:08:23,0,100,103,1,2026-09-30 08:08:24,R_8pXmTChTcYqNoS2,anonymous,DE,0.8999999761581421,FL_EOS_ID,,1,3,1,8,2,6,100,"Ferrero, Moser Roth, Milbona",1.475,20.38,20.762,2,,1,,1,1,1,1,1,1,1,,1,,1,,,,1,1,,,,1,,1,,,,,,,,,,,,,,1,1,,,,1,,1,,,,,,,,,,,,,,1,,,,2.001,43.802,46.001,33,,,,,,,,,,,,,,,,,,,,,,,,,,,,,,,,,,,5,complete,,,,DE,1___aeab880340b6711df4bc0ee0187cd008_QYFQHENY
2026-09-30 08:06:28,2026-09-30 08:08:25,0,100,116,1,2026-09-30 08:08:25,R_8Ky2ntHZVDmqxYB,anonymous,DE,0.8999999761581421,FL_EOS_ID,,2,2,2,7,7,5,100,"Milka, Ritter Sport, Balsen",1.558,12.693,13.389,2,,1,,,1,1,1,1,1,1,1,1,1,,,,,1,1,,,,,,,1,,1,,,,1,1,1,,,,,,,,,,,,,,,,,1,,,,1,,,,,,,,,2.458,38.246,39.532,27,,,,,,,,,,,,,,,,,,,,,,,,,,,,,,,,,,,3,complete,,,,DE,1___526eec4cc0adfcfa9439cf0efd34f490_QYFQHENY
2026-09-30 08:06:43,2026-09-30 08:09:07,0,100,144,1,2026-09-30 08:09:07,R_8Uuqq9o3wd1qzsJ,anonymous,DE,1,FL_EOS_ID,,2,3,1,2,3,5,100,"Bounty Mars Kinder ",1.445,21.799,23,5,,1,,,,,1,1,1,1,,1,1,,,1,,1,1,,,,1,,,1,1,1,1,1,1,1,1,1,,,,1,1,,,,,1,,,1,1,1,1,1,1,1,1,1,,,,,1,1,,,2.467,69.436,70.935,46,,,,,,,,,,,,,,,,,,,,,,,,,,,,,,,,,,,2,complete,,,,DE,1___ccdff174362adbc28ba17cf503e69815_QYFQHENY
2026-09-30 08:06:39,2026-09-30 08:09:14,0,100,155,1,2026-09-30 08:09:14,R_8LCG2KDDRJu3uhF,anonymous,DE,1,FL_EOS_ID,,4,2,1,3,2,3,100,"Keine ",1.945,1.945,4.8,1,1,1,,,1,1,1,1,1,1,1,1,1,1,1,,,1,1,,,,,,,,,1,1,1,,,,,,,,,,,,,,,,,,1,,1,,1,,,,,,,,,,,,2.25,46.544,47.076,43,,,,,,,,,,,1,5,5,0,1,5,5,3,,,,,,,,,,"Kenne ich nicht ",6,4,1.976,11.911,12.652,9,5,complete,,,,DE,1___88a1a0c645d10e8c729151cab6e5535a_QYFQHENY
2026-09-30 08:07:30,2026-09-30 08:09:36,0,100,126,1,2026-09-30 08:09:38,R_8474bWLP4nYvr9W,anonymous,DE,1,FL_EOS_ID,,5,2,2,1,2,4,100,"Kinder ",3.451,4.051,8.259,2,1,1,1,,1,1,1,1,1,1,,,1,1,,,,1,1,,,,,,,,,1,1,1,,,,1,,,,,,1,,,,,,,,,1,,1,,,1,,1,,,,,,,,2.407,51.92,53.205,65,,,,,,,,,,,,,,,,,,,,,,,,,,,,,,,,,,,3,complete,,,,DE,1___bb3bc2542a07efc83615e6745a1d6759_QYFQHENY
2026-09-30 08:09:23,2026-09-30 08:09:46,0,100,23,1,2026-09-30 08:09:47,R_8E5jQEnb0QdQzur,anonymous,DE,1,FL_38,,2,2,1,8,3,5,55,,,,,,,,,,,,,,,,,,,,,,,,,,,,,,,,,,,,,,,,,,,,,,,,,,,,,,,,,,,,,,,,,,,,,,,,,,,,,,,,,,,,,,,,,,,,,,,,,,,,,,,,,,,,complete,,,,DE,1___d61a218e1d09eb52a93a1aafe0f8fc06_QYFQHENY
2026-09-30 08:09:01,2026-09-30 08:10:13,0,100,71,1,2026-09-30 08:10:13,R_26lEnlHMJLkZjCB,anonymous,DE,0.6000000238418579,FL_EOS_ID,,3,2,2,1,3,3,100,Kinderreigel,1.202,1.202,6.516,1,,,,,,,,,1,,,,,,,,,,1,,,,,,,,,,,1,,,,,,,,,,,,,,,,,,,,,,,,,,,,,,,1,,,2,20.962,21.723,12,,,,,,,,,,,,,,,,,,,,,,,,,,,,,,,,,,,2,complete,,,,DE,1___404b4d4c37b797250688e6f26ffe860e_QYFQHENY
2026-09-30 08:07:37,2026-09-30 08:10:16,0,100,158,1,2026-09-30 08:10:16,R_8fwjdpeDQu4FgbT,anonymous,DE,0.8999999761581421,FL_EOS_ID,,3,5,2,6,3,7,100,"Maes, Twix, Duplo ",1.5,1.5,30.428,1,,1,,1,1,1,1,1,1,1,1,1,1,,,,,1,1,,,,1,,1,1,1,1,1,1,1,1,1,1,,,,,1,1,,,,1,,,,,,,1,,,,,,,,,,,,,4.003,62.707,63.64,40,,,,,,,,,,,,,,,,,,,,,,,,,,,,,,,,,,,3,complete,,,,DE,1___35cf756cef2a4f153fc7d96c6076141c_QYFQHENY
2026-09-30 08:09:39,2026-09-30 08:11:14,0,100,95,1,2026-09-30 08:11:15,R_2vZMhx5wexXq6dz,anonymous,DE,1,FL_EOS_ID,,3,2,2,7,1,5,100,Kinder,2.239,2.239,12.551,1,,,,,,1,1,1,1,1,,1,1,,,,,1,1,,,,,,,,,1,1,,,,,1,,,,,,1,,,,,,,,,1,,,,,,1,,,,,,,,,1.31,33.892,35.403,26,,,,,,,,,,,,,,,,,,,,,,,,,,,,,,,,,,,3,complete,,,,DE,1___988bb4634d51dc87d116ebc23504a553_QYFQHENY
2026-09-30 08:10:39,2026-09-30 08:11:42,0,100,62,1,2026-09-30 08:11:42,R_8kHcRzDmr5IztpY,anonymous,DE,0.800000011920929,FL_EOS_ID,,4,2,2,2,6,6,100,Corny,1.087,1.087,5.528,1,,1,,,1,1,,1,1,1,,1,1,1,,,1,1,1,,,,1,,,1,1,1,1,1,1,,,1,,,,,1,1,,,,,,,,,,,1,,,,1,,,,,,1,,,1.226,27.134,27.949,39,,,,,,,,,,,,,,,,,,,,,,,,,,,,,,,,,,,4,complete,,,,DE,1___7c7c2f92205814339e57feca2a03d14c_QYFQHENY
2026-09-30 08:11:29,2026-09-30 08:12:04,0,100,34,1,2026-09-30 08:12:05,R_8KpXholC9rtBPV1,anonymous,DE,1,FL_38,,3,2,2,3,2,3,31,,,,,,,,,,,,,,,,,,,,,,,,,,,,,,,,,,,,,,,,,,,,,,,,,,,,,,,,,,,,,,,,,,,,,,,,,,,,,,,,,,,,,,,,,,,,,,,,,,,,,,,,,,,,complete,,,,DE,1___cb4de9534541ad898c0f36fe455dce37_QYFQHENY
2026-09-30 08:09:40,2026-09-30 08:12:39,0,100,178,1,2026-09-30 08:12:39,R_2qw4QueBr4AGten,anonymous,DE,0.800000011920929,FL_EOS_ID,,3,4,2,2,6,3,100,Lind,3.793,3.793,11.701,1,,1,,,1,,1,1,1,1,,1,1,,,,,1,,,,,,,,,,,,,,,,1,,,,,,,,,,,,,1,,,,,,,,1,,,,,,,,,12.039,83.305,86.358,21,,,,,,,,,,,,,,,,,,,,,,,,,,,,,,,,,,,5,complete,,,,DE,1___4e131947e417162ab3d6e21bd0a3dda1_QYFQHENY
2026-09-30 08:10:11,2026-09-30 08:12:41,0,100,150,1,2026-09-30 08:12:41,R_8oGz5k8URSHbHUn,anonymous,DE,1,FL_EOS_ID,,3,4,1,3,3,3,100,"Snickers, wunderbar ",2.927,22.381,23.435,2,,,,,,,,1,,1,1,,,,,,,1,1,,,,,,,,,,,1,1,,,,,,,,,,,,,,,,,,,,,1,1,,,,,,,,,,,5.953,55.107,56.304,26,,,,,,,,,,,,,,,,,,,,,,,,,,,,,,,,,,,3,complete,,,,DE,1___bae8431bb73f79a1ad343972e69456d5_QYFQHENY
2026-09-30 08:09:19,2026-09-30 08:13:21,0,100,242,1,2026-09-30 08:13:22,R_2wFSsY1f3f47n9V,anonymous,DE,1,FL_EOS_ID,,1,2,1,3,3,3,100,"Milka, Ritter Sport, Alpenmilch",2.809,28.861,32.072,2,,1,,,1,1,1,1,1,1,,1,1,,,,,1,,,,,,,,,,1,,1,,,,1,,,,,,,,,,,,,,,1,,1,,,,1,,,,,,,,,31.793,144.778,145.635,26,,,,,,,,,,,,,,,,,,,,,,,,,,,,,,,,,,,2,complete,,,,DE,1___131c8113516936d20f1bfad7e1976707_QYFQHENY
2026-09-30 08:13:13,2026-09-30 08:14:57,0,100,103,1,2026-09-30 08:14:58,R_2uUkitgmlWB4p5U,anonymous,DE,1,FL_EOS_ID,,3,2,2,9,5,5,100,Duplo,1.964,1.964,13.043,1,,1,,,,1,,,,1,,,,,,,,1,,,,,,,,1,1,1,,,,,,,,,,,1,,,,,,,,,,1,,,,,1,1,,,,,,,,,3.605,26.539,27.603,28,,,,,,,,,,,,,,,,,,,,,,,,,,,,,,,,,,,5,complete,,,,DE,1___b1b3464d671d242908a3bbfd2f4a20eb_QYFQHENY
2026-09-30 08:12:17,2026-09-30 08:17:21,0,100,303,1,2026-09-30 08:17:21,R_8V9FrgheCrZvzai,anonymous,DE,0.800000011920929,FL_EOS_ID,,4,2,2,6,5,5,100,Kinder Riegel,1.491,1.491,7.803,1,,,,,1,1,1,,1,,,,,1,,,,,1,,,,,,,,,1,,1,1,,,,,,,,1,,,,,,,,,,1,,,1,,,,,,,,1,,,,1.48,110.451,111.562,19,,,,,,,,,,,,,,,,,,,,,,,,,,,,,,,,,,,4,complete,,,,DE,1___228a4eb801b29c3bdfac293cc660f3cf_QYFQHENY
2026-09-30 08:13:14,2026-09-30 08:18:41,0,100,327,1,2026-09-30 08:18:42,R_8ckFxh1fYrF2iso,anonymous,DE,1,FL_EOS_ID,,3,2,2,5,7,5,100,"Kinder,Bueano, ",2.867,135.553,139.889,4,,,,,,1,1,1,1,1,,1,1,,,,,1,1,,,,,,,,,1,1,1,1,,,1,,,,,,,,,,,,,,,1,,1,,,,1,,,,,,,,,2.073,81.627,84.88,33,,,,,,,,,,,,,,,,,,,,,,,,,,,,,,,,,,,4,complete,,,,DE,1___f2a0e79fbcb4fb63bfb9a9e883e24fbf_QYFQHENY
2026-09-30 08:16:47,2026-09-30 08:21:29,0,100,282,1,2026-09-30 08:21:29,R_24ooMMrph8HbcXK,anonymous,DE,1,FL_EOS_ID,,3,4,2,9,3,4,100,"Snickers, Mars, Knoppers, Bounty, Leon, Twicks.",4.09,87.642,88.44,5,,1,,,1,1,1,1,1,1,1,1,1,,,,,1,1,1,,,,,,,1,,,1,1,1,,,,,,,,,1,,,,,,,1,,,1,1,,,,,,,,,,,,2.1,108.916,109.995,44,,,,,,,,,,,,,,,,,,,,,,,,,,,,,,,,,,,5,complete,,,true,DE,1___2f301207537effab4461ba04cf73e539_QYFQHENY
2026-09-30 08:21:59,2026-09-30 08:24:59,0,100,179,1,2026-09-30 08:24:59,R_2SXGgfOKFTZIxq1,anonymous,DE,0.8999999761581421,FL_EOS_ID,,4,2,2,7,3,4,100,"Kinder Schokolade, Duplo, ",1.8,14.1,14.939,2,,,,,1,,,1,,1,,1,,,,,,1,,,,,,,,,1,,,,,,,,,,,,1,,,,,,,,,,1,,,,,,,,,,,,,,,4.637,41.587,42.959,25,,,,,,,,,,,,,,,,,,,,,,,,,,,,,,,,,,,4,complete,,,,DE,1___7c99b609f762d190f1f4fb34261f3bca_QYFQHENY
2026-09-30 08:52:07,2026-09-30 08:57:10,0,100,303,1,2026-09-30 08:57:11,R_8VxOfitJGUS1HLE,anonymous,DE,,FL_EOS_ID,,5,4,2,1,2,4,100,Milka,1.785,1.785,6.604,1,,1,1,1,1,1,1,1,1,1,,1,1,,,,,1,1,,,,,,,,,,,,,,,,,,,,,,,1,,,,,,,,,,,,,,,,,,,,,1,1.669,16.222,17.336,15,,,,,,,,,,,,,,,,,,,,,,,,,,,,,,,,,,,4,error,timeout,,,DE,1___ea4b7703b41ed77f3474972b88f2a0b0_QYFQHENY
2026-09-30 09:25:51,2026-09-30 09:27:05,0,100,74,1,2026-09-30 09:27:05,R_8WN316GrEkifGyl,anonymous,DE,1,FL_EOS_ID,,2,3,2,7,5,6,100,Mars Snickers,1.829,1.829,15.927,1,1,,1,,,1,1,1,1,1,1,1,1,1,,,1,1,1,,,,1,1,,1,1,,1,1,1,1,1,1,,,1,1,,,,,,1,1,1,,1,,,1,,,,1,,,1,,1,,,,1.166,29.706,29.724,73,,,,,,,,,,,,,,,,,,,,,,,,,,,,,,,,,,,4,complete,,,,DE,1___f3b9cc742e0eaa108593b9e2a72e4587_QYFQHENY
2026-09-30 09:54:47,2026-09-30 09:57:06,0,100,138,1,2026-09-30 09:57:06,R_82XkI3ZVAoSxwJe,anonymous,DE,1,FL_EOS_ID,,5,6,2,9,3,7,100,Duplo,2.717,2.717,10.495,1,,,,,,,1,1,,1,,,,,,,,,,,,,,,,,,1,,,,,,,,,,,,,,,,,,,,,1,,,,,,,,,,,,,,,5.186,43.4,45.067,5,,,,,,,,,,,,,,,,,,,,,,,,,,,,,,,,,,,1,complete,,,,DE,1___b6aae55561efdad9569659ee41ef0a94_QYFQHENY
2026-09-30 10:13:09,2026-09-30 10:14:07,0,100,58,1,2026-09-30 10:14:08,R_8DDhm79UpIV2BfH,anonymous,DE,0.8999999761581421,FL_EOS_ID,,3,4,2,9,7,4,100,"kinder ",1.353,1.353,5.004,1,,,,,,,,,1,,,,,,,,,,,,,,,,,,,,,,,,,1,,,,,,,,,,,,,,,,,1,,,,,,,,,,,,,2.893,11.442,12.17,4,,,,,,,,,,,,,,,,,,,,,,,,,,,,,,,,,,,3,complete,,,,DE,1___d8f128bab6af966e4da2a7fad0b3b020_QYFQHENY
2026-09-30 10:17:20,2026-09-30 10:26:07,0,100,527,1,2026-09-30 10:26:08,R_2FqECzCBfIhglte,anonymous,DE,1,FL_38,,6,5,2,9,2,5,0,,,,,,,,,,,,,,,,,,,,,,,,,,,,,,,,,,,,,,,,,,,,,,,,,,,,,,,,,,,,,,,,,,,,,,,,,,,,,,,,,,,,,,,,,,,,,,,,,,,,,,,,,,,,complete,,,,DE,1___4eeb82fe99085990a1dab7811acb8daa_QYFQHENY
2026-09-30 10:56:10,2026-09-30 10:56:38,0,100,27,1,2026-09-30 10:56:38,R_8UhZQqAI1OuSraI,anonymous,DE,0.8999999761581421,FL_38,,5,2,1,1,3,5,28,,,,,,,,,,,,,,,,,,,,,,,,,,,,,,,,,,,,,,,,,,,,,,,,,,,,,,,,,,,,,,,,,,,,,,,,,,,,,,,,,,,,,,,,,,,,,,,,,,,,,,,,,,,,complete,,,true,DE,1___50ba06efb9d6b5e92da097c956ccc155_QYFQHENY
2026-09-30 10:55:57,2026-09-30 10:56:41,0,100,44,1,2026-09-30 10:56:41,R_89alYi6mpOzX8xH,anonymous,DE,1,FL_EOS_ID,,2,3,1,1,4,4,100,"Ritter Sport
Milka",0.894,7.651,7.863,2,,,,,1,1,,1,1,,,,,,,,,,,,,,,,,,,1,1,,,,,,,,,,,,,,,,,,1,,1,,,,,,,,,,,,,,,1.888,10.66,11.301,8,,,,,,,,,,,,,,,,,,,,,,,,,,,,,,,,,,,3,complete,,,,DE,1___ad98776cb6fbab374ac3babe7f0120bf_QYFQHENY
2026-09-30 10:56:49,2026-09-30 10:57:11,0,100,21,1,2026-09-30 10:57:11,R_2oHWr9hOn2Cj01h,anonymous,DE,1,FL_38,,4,4,1,5,2,2,37,,,,,,,,,,,,,,,,,,,,,,,,,,,,,,,,,,,,,,,,,,,,,,,,,,,,,,,,,,,,,,,,,,,,,,,,,,,,,,,,,,,,,,,,,,,,,,,,,,,,,,,,,,,,complete,,,,DE,1___da15e8d9964ae31eb0ab14ff4fbea1f0_QYFQHENY
2026-09-30 10:56:38,2026-09-30 10:57:17,0,100,39,1,2026-09-30 10:57:18,R_2KrpWfLmzHDkJqZ,anonymous,DE,1,FL_38,,2,2,1,6,4,3,57,,,,,,,,,,,,,,,,,,,,,,,,,,,,,,,,,,,,,,,,,,,,,,,,,,,,,,,,,,,,,,,,,,,,,,,,,,,,,,,,,,,,,,,,,,,,,,,,,,,,,,,,,,,,complete,,,,DE,1___ee01d9c0cbbbdf237703b4c815e852fa_QYFQHENY
2026-09-30 10:56:55,2026-09-30 10:57:28,0,100,32,1,2026-09-30 10:57:28,R_2paOu84PtoRyR05,anonymous,DE,0.8999999761581421,FL_38,,3,4,2,3,2,4,23,,,,,,,,,,,,,,,,,,,,,,,,,,,,,,,,,,,,,,,,,,,,,,,,,,,,,,,,,,,,,,,,,,,,,,,,,,,,,,,,,,,,,,,,,,,,,,,,,,,,,,,,,,,,complete,,,,DE,1___d426ec8effa8ebeae7e779169ceb35e1_QYFQHENY
2026-09-30 10:56:05,2026-09-30 10:57:37,0,100,91,1,2026-09-30 10:57:37,R_8P00p75YpAWlhqK,anonymous,DE,1,FL_EOS_ID,,3,5,1,9,4,4,100,Mars,2.5,2.5,7.501,1,,1,,,1,1,1,1,1,1,,1,1,,,,,1,1,,,,,,,1,,1,,1,,,,,,,,,,,,,,,,,,,1,1,1,,,,,,,,,,,,,3.269,39.845,40.899,31,,,,,,,,,,,,,,,,,,,,,,,,,,,,,,,,,,,4,complete,,,true,DE,1___9b83400aac993bc7e830e06fe00719a5_QYFQHENY
2026-09-30 10:57:14,2026-09-30 10:57:44,0,100,30,1,2026-09-30 10:57:45,R_8oI28YO4zbOPMFO,anonymous,DE,0.8999999761581421,FL_38,,2,2,2,9,1,9,16,,,,,,,,,,,,,,,,,,,,,,,,,,,,,,,,,,,,,,,,,,,,,,,,,,,,,,,,,,,,,,,,,,,,,,,,,,,,,,,,,,,,,,,,,,,,,,,,,,,,,,,,,,,,complete,,,,DE,1___2c1b8f42fd10478f062c75b0c4371fb3_QYFQHENY
2026-09-30 10:56:45,2026-09-30 10:57:48,0,100,62,1,2026-09-30 10:57:48,R_80es65WuvKXoygK,anonymous,DE,0.800000011920929,FL_EOS_ID,,2,3,1,9,5,7,100,"Kinder ",2.402,2.402,5.301,1,,1,,1,1,,1,1,1,1,1,1,1,,,,1,1,1,,,,,,1,1,,,,,,,,1,,,,,1,,,,,1,1,1,,,,1,,,,,,,,,,1,,,,2.1,18.419,18.84,34,,,,,,,,,,,,,,,,,,,,,,,,,,,,,,,,,,,5,complete,,,,DE,1___4457bc12a90025cebaaff093bd2f249e_QYFQHENY
2026-09-30 10:56:37,2026-09-30 10:57:49,0,100,71,1,2026-09-30 10:57:50,R_2BQRnicy6VGKZRj,anonymous,DE,1,FL_EOS_ID,,3,4,1,8,4,4,100,"Kinder
Ferrero",1.421,1.421,12.277,1,,,,,,,,,1,1,,,,,,,,,,,,,,,,,,,,1,,,,,,,,,,,,,,,,,,,,,1,,,,,,,,,,,,,3.916,15.449,16.761,4,,,,,,,,,,,,,,,,,,,,,,,,,,,,,,,,,,,5,complete,,,,DE,1___0bad77a4118ee9e5de932b0fd2c6d862_QYFQHENY
2026-09-30 10:56:15,2026-09-30 10:57:56,0,100,100,1,2026-09-30 10:57:56,R_8kOkJdV8nWqVJ3z,anonymous,DE,1,FL_EOS_ID,,2,4,1,6,4,6,100,"Snickers ",3.3,3.3,8.249,1,,1,,1,1,1,1,1,1,1,,1,1,1,,,,1,1,,,1,1,1,1,1,1,1,1,1,1,1,1,1,1,1,1,1,1,1,1,,,,,,1,,1,1,,1,,1,1,,,,,,1,,,4.478,53.001,53.888,49,,,,,,,,,,,,,,,,,,,,,,,,,,,,,,,,,,,4,complete,,,,DE,1___e732afa2fddafc668fe4731617d275c0_QYFQHENY
2026-09-30 10:56:16,2026-09-30 10:58:12,0,100,115,1,2026-09-30 10:58:12,R_824ONekceqJnYhg,anonymous,DE,1,FL_EOS_ID,,1,4,1,1,6,4,100,Mars Snickers Bounty,1.723,1.723,25.981,1,,1,,,1,1,1,1,1,1,1,1,1,,,,,1,1,,,1,1,1,1,1,1,1,1,1,1,1,1,1,1,1,1,1,1,1,1,,,,,,1,,,,,,,1,,,,,,,1,,,1.969,55.379,57.159,99,,,,,,,,,,,,,,,,,,,,,,,,,,,,,,,,,,,5,complete,,,,DE,1___9e26d9ef051358f95ced34e33b5a1c6a_QYFQHENY
2026-09-30 10:57:43,2026-09-30 10:58:12,0,100,28,1,2026-09-30 10:58:12,R_8pbZGIhmyyWSBsl,anonymous,DE,1,FL_38,,3,2,2,2,4,5,49,,,,,,,,,,,,,,,,,,,,,,,,,,,,,,,,,,,,,,,,,,,,,,,,,,,,,,,,,,,,,,,,,,,,,,,,,,,,,,,,,,,,,,,,,,,,,,,,,,,,,,,,,,,,complete,,,,DE,1___781cf4be2f52e21fa6fc68ce65d6529c_QYFQHENY
2026-09-30 10:57:51,2026-09-30 10:58:22,0,100,30,1,2026-09-30 10:58:23,R_2Sp4eJgy0HgKsoe,anonymous,DE,1,FL_38,,4,2,2,2,4,3,22,,,,,,,,,,,,,,,,,,,,,,,,,,,,,,,,,,,,,,,,,,,,,,,,,,,,,,,,,,,,,,,,,,,,,,,,,,,,,,,,,,,,,,,,,,,,,,,,,,,,,,,,,,,,complete,,,,DE,1___4eb0268eeb1cc45e423d9cbdb9c844c5_QYFQHENY
2026-09-30 10:56:42,2026-09-30 10:58:29,0,100,107,1,2026-09-30 10:58:29,R_2mKG8eiLrIZuxPz,anonymous,DE,1,FL_EOS_ID,,2,4,1,3,3,6,100,"Kinder,Milka,Lindt",1.168,10.94,11.405,2,,,1,,1,1,1,1,1,1,,1,1,,,,,,1,,,,,,,1,1,1,1,1,1,,1,1,,,,,,1,,,,,,,1,1,,1,1,,,,1,,,,,,1,,,1.118,63.075,63.514,45,,,,,,,,,,,,,,,,,,,,,,,,,,,,,,,,,,,4,complete,,,,DE,1___95defa352d4b2ecb106c3f80b875dd0d_QYFQHENY
2026-09-30 10:57:10,2026-09-30 10:58:35,0,100,84,1,2026-09-30 10:58:35,R_2rI7peVCmUf1qqf,anonymous,DE,1,FL_EOS_ID,,1,3,2,9,6,6,100,Milka,2.559,2.559,9.633,1,,,,,1,,,,1,1,,1,1,,,,,,1,,,,,,,,,,,1,,,,1,,,,,,1,,,,,,,,,,,,,,,1,,,,,,1,,,0.961,31.972,33.001,21,,,,,,,,,,,,,,,,,,,,,,,,,,,,,,,,,,,5,complete,,,,DE,1___ac019919d4026d6d043109971f2d64eb_QYFQHENY
2026-09-30 10:56:51,2026-09-30 10:58:41,0,100,109,1,2026-09-30 10:58:41,R_2CZKlcZvdm40uLG,anonymous,DE,0.800000011920929,FL_EOS_ID,,4,4,1,2,4,7,100,"Milka, Ritter Sport, Lindt, Ferrero",2.54,2.54,25.24,1,1,1,,1,1,1,1,1,1,1,1,1,1,1,,,,1,1,,,,1,,,,,,,,,,,1,,,,,,1,,,,1,,,,1,1,,,,,1,1,,,,,1,,,,2.976,50.857,51.5,32,,,,,,,,,,,,,,,,,,,,,,,,,,,,,,,,,,,2,complete,,,true,DE,1___fd14fe3ebc18e17bcdefcb6744424c29_QYFQHENY
2026-09-30 10:56:45,2026-09-30 10:58:47,0,100,122,1,2026-09-30 10:58:48,R_2COuBYewk8OsRhP,anonymous,DE,1,FL_EOS_ID,,6,5,2,9,1,6,100,"Duplo, TWIX, Mars, Snickers, Yoghurette",2.154,2.154,28.562,1,,1,,,1,1,1,1,1,1,1,1,1,,,,,1,1,,,,,,,,,1,1,,,,1,,,,,,,,,,,,,,,,,,,,,,,,,,,,,,1,4.221,44.754,46.285,16,,,,,,,,,,,,,,,,,,,,,,,,,,,,,,,,,,,5,complete,,,,DE,1___b31d048425b09d073455fd58bd603e89_QYFQHENY
2026-09-30 10:57:32,2026-09-30 10:58:49,0,100,76,1,2026-09-30 10:58:49,R_8GNc6IA8TqQiPPn,anonymous,DE,1,FL_EOS_ID,,2,2,1,8,4,6,100,"Mars Snikers Twix ",1.619,1.619,14.417,1,,,,,1,,1,1,,,,1,,,,,,1,1,,,,,,,1,,,,,1,,1,1,1,,,,,,,,,,,,1,,1,1,,1,,1,,,,1,,1,1,,,1.174,22.442,23.129,28,,,,,,,,,,,,,,,,,,,,,,,,,,,,,,,,,,,4,complete,,,,DE,1___b0aff1f4c9f9b884e4902df1f34a1461_QYFQHENY
2026-09-30 10:56:41,2026-09-30 10:58:49,0,100,127,1,2026-09-30 10:58:49,R_29tfnJOgSjrQusm,anonymous,DE,1,FL_EOS_ID,,4,5,2,2,4,5,100,"Milka, Lindt ",1.842,10.651,11.701,2,,1,,,1,1,1,1,1,1,,1,1,,,,,1,1,,,,1,,,,,1,1,1,1,,1,1,,,,,,1,,,,,,,,,,,1,,,1,1,,,,,,1,,,2.503,53.371,54.288,41,,,,,,,,,,,,,,,,,,,,,,,,,,,,,,,,,,,3,complete,,,,DE,1___327daf963da95a53ac3b8824fe063c14_QYFQHENY
2026-09-30 10:57:31,2026-09-30 10:58:57,0,100,85,1,2026-09-30 10:58:57,R_2GCb7qHjcpwhxm8,anonymous,DE,1,FL_EOS_ID,,3,2,1,1,2,3,100,"Duplo ",1.635,6.6,7.067,2,,,,,,,1,,,1,,,,,,,,,1,,,,,,,,,1,,,1,,,,,,,,,1,,,,,,,,,,,,,,,,,,,,,1,,,1.507,32.032,32.301,24,,,,,,,,,,,,,,,,,,,,,,,,,,,,,,,,,,,5,complete,,,,DE,1___86efcad0a60bca31637d5ff38c97222a_QYFQHENY
2026-09-30 10:56:21,2026-09-30 10:59:03,0,100,162,1,2026-09-30 10:59:04,R_851In1IioN2RPix,anonymous,DE,1,FL_EOS_ID,,3,5,1,9,4,4,100,"Snickers, Kinder",1.281,1.281,12.958,1,,1,,,1,,1,1,1,1,,1,1,,,,,,1,,,,,,,1,,1,1,1,1,,1,1,,,,,1,1,,,,,,,,,1,,1,,,1,,,,,,1,1,,,3.922,54.926,57.44,23,,,,,,,,,,,,,,,,,,,,,,,,,,,,,,,,,,,3,complete,,,,DE,1___9f654afefae649955fadccded7e25117_QYFQHENY
2026-09-30 10:57:21,2026-09-30 10:59:04,0,100,103,1,2026-09-30 10:59:04,R_8OAPa3ZtiBRCtjj,anonymous,DE,1,FL_EOS_ID,,2,2,2,1,2,4,100,Milka,1.684,1.684,6.355,1,,,,,1,1,1,1,1,1,,1,1,,,,,1,1,,,,,,,,,,,,1,,,1,,,,,1,1,,,,,,,,,,,,1,,,1,,,,,,,,,1.439,25.728,26.2,24,,,,,,,,,,,,,,,,,,,,,,,,,,,,,,,,,,,3,complete,,,,DE,1___87e088519304d02f6194aea1cd29968b_QYFQHENY
2026-09-30 10:57:11,2026-09-30 10:59:14,0,100,122,1,2026-09-30 10:59:14,R_8gUe0ryOfeASr8e,anonymous,DE,0.800000011920929,FL_EOS_ID,,2,3,2,4,3,3,100,"Kinderriegel,knoppers,Milka,bambini,",2.084,27.758,29.883,2,,1,,,1,1,1,1,1,1,1,1,1,,,,,1,1,,,,,,,,,1,1,1,1,,,1,,,,,,,,,,,,,,,1,1,1,,,,1,,,,,1,,,,4.666,47.979,49.112,32,,,,,,,,,,,,,,,,,,,,,,,,,,,,,,,,,,,4,complete,,,true,DE,1___61b587f109566cb15d29c2935df13a40_QYFQHENY
2026-09-30 10:57:48,2026-09-30 10:59:15,0,100,86,1,2026-09-30 10:59:15,R_8q3fplZSTTki4Zw,anonymous,DE,1,FL_EOS_ID,,2,4,2,3,5,4,100,"Kinder riegel Duplo,  Mars schnickers ",1.454,1.454,20.004,1,,,,,,,1,1,1,,,1,1,,,,,1,,,,,,,,,,1,,1,,,1,,,,,,,1,,,,,,,,,1,,1,,,,,,,,,,1,,,0.698,28.215,28.846,25,,,,,,,,,,,,,,,,,,,,,,,,,,,,,,,,,,,3,complete,,,true,DE,1___40c0ebc396191817b43ec4a55139553b_QYFQHENY
2026-09-30 10:57:49,2026-09-30 10:59:21,0,100,91,1,2026-09-30 10:59:21,R_8p2RvhoRbVjRnJF,anonymous,DE,1,FL_EOS_ID,,6,6,2,4,7,4,100,"Keine ",2.159,6.435,7.1,2,,1,,,1,1,1,1,1,1,1,1,1,1,,,,1,1,,,,,,,,,,,,,,,,,,,,,,,1,,,,,,,,,,,,,,,,,,,,,1,4.889,29.969,30.677,23,,,,,,,,,,,,,,,,,,,,,,,,,,,,,,,,,,,2,complete,,,,DE,1___69750cf63384dc90403777f89627700d_QYFQHENY
2026-09-30 10:56:01,2026-09-30 10:59:25,0,100,203,1,2026-09-30 10:59:26,R_2mqO8EjJ5VW2EX1,anonymous,DE,1,FL_EOS_ID,,5,5,1,6,5,5,100,"Hanuta, Mars, Snickers",3.521,31.912,36.103,5,,1,,,1,1,1,1,1,1,1,1,1,1,,1,,1,1,,,,,1,,1,1,,1,,,1,1,,,,,,,1,,,,,,,,,,1,,,,,,,,,,,,,,4.381,79.362,80.746,69,,,,,,,,,,,,,,,,,,,,,,,,,,,,,,,,,,,5,complete,,,,DE,1___7c84ff5b477e1e783a0e8d0e4ce87c19_QYFQHENY
2026-09-30 10:56:06,2026-09-30 10:59:29,0,100,203,1,2026-09-30 10:59:30,R_20hsyh1GwcwpFhD,anonymous,DE,1,FL_EOS_ID,,2,5,1,2,5,4,100,"Snickers, KitKat, Twix, Milky Way, Mars, Bounty, Lion, Ritter Sport, Milka, Duplo",13.542,80.992,86.492,4,1,1,1,1,1,1,1,1,1,1,1,1,1,1,,,,1,1,,,,1,,,1,1,1,1,1,1,1,1,1,,,,,1,1,,,,,,,,1,1,1,1,1,1,1,1,,,,,,1,,,2.896,61.752,62.692,40,,,,,,,,,,,,,,,,,,,,,,,,,,,,,,,,,,,3,complete,,,,DE,1___a63a181245d77a50459f56224e45faee_QYFQHENY
2026-09-30 10:57:46,2026-09-30 10:59:34,0,100,108,1,2026-09-30 10:59:35,R_8R4wHPQqhouYKVj,anonymous,DE,0.30000001192092896,FL_EOS_ID,,6,3,1,6,1,1,100,"Snickers ",2.149,5.071,5.74,2,,,,,1,1,1,1,1,1,,1,1,,,,,1,1,,,,,,,1,1,1,1,1,1,,1,1,,,,,1,1,,,,,,,,,,,1,,,,,,,,,,1,,,1.94,50.779,51.804,37,,,,,,,,,,,,,,,,,,,,,,,,,,,,,,,,,,,3,complete,,,,DE,1___36928a0c46466a9973f5d80848e53135_QYFQHENY
2026-09-30 10:56:32,2026-09-30 10:59:36,0,100,184,1,2026-09-30 10:59:37,R_2CeOiJypto5iaTg,anonymous,DE,1,FL_EOS_ID,,4,5,1,7,6,7,100,Kinder,2.002,2.002,19.088,1,,1,,,1,1,1,1,1,1,1,1,1,,,,,1,1,,,,,,,,1,1,,,,,,,,,,,1,1,,,,,,,,1,,,,,,,,,,,,,,,,5.638,70.232,76.944,17,,,,,,,,,,,,,,,,,,,,,,,,,,,,,,,,,,,3,complete,,,,DE,1___c0079f3d89502db4a0d194a4bd99c570_QYFQHENY
2026-09-30 10:56:50,2026-09-30 10:59:43,0,100,172,1,2026-09-30 10:59:43,R_2LZCm3AlCg0BeU1,anonymous,DE,1,FL_EOS_ID,,2,3,2,9,4,4,100,"Milka, Lindt, Ritter Sport, Ferrero, Kinder, Mars, Snickers",1.901,38.089,38.792,10,,1,,1,1,1,1,1,1,1,1,1,1,1,,1,,1,1,,,,1,,,1,1,1,1,1,1,,1,1,,,,,1,1,,,,,,,,,1,,1,1,,1,1,,,,,,1,,,7.201,49.503,50.611,41,,,,,,,,,,,,,,,,,,,,,,,,,,,,,,,,,,,5,complete,,,,DE,1___774707fc604006f1ede3bd51e4c03bbf_QYFQHENY
2026-09-30 10:56:49,2026-09-30 10:59:50,0,100,181,1,2026-09-30 10:59:51,R_2HyLtT6C2gQbyYF,anonymous,DE,1,FL_EOS_ID,,3,5,1,1,3,4,100,Kinder,2.384,2.384,11.122,1,,1,,,1,1,1,1,1,1,1,1,1,,,,,1,,,,,1,,,1,1,1,1,1,1,1,1,1,,,,,1,,,,,1,,,,,1,1,1,1,1,,1,,,,,,,,,1.932,79.189,79.679,86,,,,,,,,,,,,,,,,,,,,,,,,,,,,,,,,,,,2,complete,,,,DE,1___e9ebae33caaf920f4fb5d568c33d3d05_QYFQHENY
2026-09-30 10:57:29,2026-09-30 11:00:14,0,100,164,1,2026-09-30 11:00:14,R_2fdP9N6I8UwiHXX,anonymous,DE,1,FL_EOS_ID,,2,4,2,6,5,5,100,"Mars Snickers Duplo Milky way Bounty twix ",2.101,52.64,54.061,2,,1,,,1,1,1,1,1,1,1,1,1,,,,,1,1,,,,,,,,,,,1,,,,,,,,,,1,,,,,,,,,,,1,,,,1,,,,,,,,,1.701,30.689,31.872,32,,,,,,,,,,,,,,,,,,,,,,,,,,,,,,,,,,,4,complete,,,true,DE,1___edb9644d23fbecb4027c0719f201b18e_QYFQHENY
2026-09-30 10:56:51,2026-09-30 11:00:24,0,100,212,1,2026-09-30 11:00:24,R_2MK2j3duBbC0X1T,anonymous,DE,1,FL_EOS_ID,,6,5,1,9,1,4,100,"kinderschokolade ",3.621,71.976,73.172,2,,1,,,1,1,1,1,1,1,,1,1,,,,,1,1,,,,,,,,,,,,,,1,,,,,,,,,,,,,,,,1,,1,,,1,1,,,,,,,,,3.781,62.292,65.3,30,,,,,,,,,,,,,,,,,,,,,,,,,,,,,,,,,,,5,complete,,,,DE,1___4f81825b7ba9c9964bafd3a5dfebe890_QYFQHENY
2026-09-30 10:57:01,2026-09-30 11:00:32,0,100,211,1,2026-09-30 11:00:33,R_2O2p4Omz1jHUwrZ,anonymous,DE,0.5,FL_EOS_ID,,4,5,2,9,5,4,100,"Konderschokolade, douplo, snockets, bounty",3.145,56.621,75.305,2,,1,,,1,1,1,1,1,1,,1,1,,,,,,1,,,,1,,,1,1,1,1,1,1,,1,1,,,,,,,,,,,,,1,,1,,,,,1,1,,,,,,,,,6.803,73.158,74.079,39,,,,,,,,,,,,,,,,,,,,,,,,,,,,,,,,,,,3,complete,,,,DE,1___8be93db457c4ac164f3c7d235738c9d2_QYFQHENY
2026-09-30 10:58:55,2026-09-30 11:01:13,0,100,138,1,2026-09-30 11:01:14,R_8Ol7gtX7sBU8zka,anonymous,DE,0.800000011920929,FL_EOS_ID,,4,6,1,3,5,6,100,"Twix, mars, douplo",2.301,2.301,18.996,1,,1,,,1,1,1,1,1,1,,1,1,,,,,1,1,,,,,,,,1,1,1,,1,,1,1,,,,,1,1,,,,,,,1,,,,,,,1,,,,,,,,,,3.702,73.201,74.694,26,,,,,,,,,,,,,,,,,,,,,,,,,,,,,,,,,,,5,complete,,,,DE,1___0cdb5aa2747d78b8ce5e769d4d7763a6_QYFQHENY
2026-09-30 10:57:27,2026-09-30 11:01:32,0,100,245,1,2026-09-30 11:01:33,R_2iU03aP3gOPQti7,anonymous,DE,1,FL_EOS_ID,,2,4,2,8,3,4,100,"Kitkat, Kinderschokolade, Bounty ",3.101,3.101,40.485,1,,,,,1,1,1,1,1,1,1,1,1,1,,,,1,1,,,,,,,1,,,,1,,,,,1,,,,,,,,,,,,,,,,1,,,,1,1,,,,,,,,4.5,85.518,86.265,25,,,,,,,,,,,,,,,,,,,,,,,,,,,,,,,,,,,5,complete,,,,DE,1___91b93d72facd48e8e9ea83bcfab91121_QYFQHENY
2026-09-30 10:58:11,2026-09-30 11:02:19,0,100,247,1,2026-09-30 11:02:19,R_2PFipSxKg4YbC3P,anonymous,DE,1,FL_EOS_ID,,3,2,2,2,4,6,100,"Milka ",6.091,6.091,14.36,1,,,,,1,,1,1,1,1,,1,1,,,,,,1,,,,,,,,,1,1,1,,,1,1,,,,,,1,,,,,,,,,,1,1,1,,,1,,,,,,1,,,13.83,121.836,122.999,31,,,,,,,,,,,,,,,,,,,,,,,,,,,,,,,,,,,4,complete,,,,DE,1___fe7f23326c15a18ddb1be522c5047670_QYFQHENY
2026-09-30 10:57:19,2026-09-30 11:03:50,0,100,390,1,2026-09-30 11:03:51,R_2gY34GOZh4T5QGz,anonymous,DE,0.8999999761581421,FL_EOS_ID,,2,3,1,9,3,6,100,twix,2.314,2.314,4.301,1,1,1,1,,1,1,,1,1,1,1,1,1,1,,,,1,,,,,1,1,,1,1,1,1,1,1,1,1,,1,,,1,1,1,1,,,,,,1,1,,,,1,,1,1,,,,,1,1,,,1.135,28.332,43.713,43,,,,,,,,,,,,,,,,,,,,,,,,,,,,,,,,,,,2,complete,,,,DE,1___4266c079b15f35c540dbe49f58ef1dce_QYFQHENY
2026-09-30 11:02:36,2026-09-30 11:05:09,0,100,152,1,2026-09-30 11:05:09,R_8AMwbPttmHOq1il,anonymous,DE,1,FL_EOS_ID,,4,6,2,9,2,4,100,Bounty Mars kitkat,2.645,2.645,28.801,1,,1,,,1,1,1,1,1,1,1,1,1,,,,,1,1,,,,,,,1,,1,,1,,,1,,,,,,,,,,,,,,1,,1,,1,,,1,,,,,,,,,,4.098,62.03,62.839,41,,,,,,,,,,,,,,,,,,,,,,,,,,,,,,,,,,,2,complete,,,,DE,1___fa7a7e40705fefd4e5366cff149dc0af_QYFQHENY
2026-09-30 11:09:33,2026-09-30 11:10:57,0,100,84,1,2026-09-30 11:10:58,R_2IY4cl8GlScl0um,anonymous,DE,1,FL_EOS_ID,,2,5,2,1,6,5,100,Mars,1.236,1.236,5.967,1,,1,,,1,1,1,1,1,1,1,1,1,,,,,1,1,,,,1,,,,,1,1,1,1,1,,1,,,,,,1,,,,,,,,,1,1,,1,1,,1,,,,,,1,,,1.875,40.01,40.991,35,,,,,,,,,,,,,,,,,,,,,,,,,,,,,,,,,,,3,complete,,,,DE,1___2aff5658e4bfa8bec856e1c95ebf8c02_QYFQHENY
2026-09-30 11:10:09,2026-09-30 11:11:07,0,100,57,1,2026-09-30 11:11:07,R_8dtXUklDHywYhXz,anonymous,DE,1,FL_EOS_ID,,3,5,2,2,7,4,100,"Milka ",2.128,2.128,8.003,1,,,,,,,,1,,,,,,,,,,,,,,,,,,,,,,,,,,,,,,,,,,1,,,,,,,,,,,,,,,,,,,,,1,1.338,19.247,19.998,10,,,,,,,,,,,,,,,,,,,,,,,,,,,,,,,,,,,3,complete,,,,DE,1___24615406c7cbb5225d81f28e73b45b74_QYFQHENY
2026-09-30 11:09:44,2026-09-30 11:11:25,0,100,100,1,2026-09-30 11:11:26,R_2CyeSUiQO2793pl,anonymous,DE,1,FL_EOS_ID,,3,6,1,2,5,3,100,"mars
milkyway
snikers
bounty
kitkat
bonito
",2.06,2.06,31.401,1,,1,,,1,1,1,1,,1,1,1,1,,,,,1,1,,,,,,,1,,1,1,,1,,1,,,,,,,1,,,,,,,1,,,,,,,1,,,,,,,1,,,3.629,33.357,34.532,20,,,,,,,,,,,,,,,,,,,,,,,,,,,,,,,,,,,3,complete,,,,DE,1___64221d7dc40a6862b77d63713901cff9_QYFQHENY
2026-09-30 11:09:50,2026-09-30 11:11:52,0,100,121,1,2026-09-30 11:11:52,R_8NtwSjea4mP0T2O,anonymous,DE,0.8999999761581421,FL_EOS_ID,,3,6,1,1,6,7,100,"Kinder Riegel, Duplo, Mars, Snickers",2.487,2.487,22.282,1,,1,,,1,1,1,1,1,1,1,1,1,,,,,1,1,,,,,,,1,,1,,1,,1,1,1,,,,,,,,,,,,,,,,,1,,,1,,,,,,,,,,1.656,54.044,55.507,34,,,,,,,,,,,,,,,,,,,,,,,,,,,,,,,,,,,3,complete,,,,DE,1___a5497aed1031abcbfcb3a94ae346b22d_QYFQHENY
2026-09-30 11:10:13,2026-09-30 11:12:11,0,100,118,1,2026-09-30 11:12:11,R_2n7lvJFGGL7kj3H,anonymous,DE,1,FL_EOS_ID,,2,5,2,9,4,3,100,Milka,2.197,2.197,7.571,1,,,,,1,1,1,1,1,1,,1,1,1,,,,1,1,,,,,,,,1,1,,1,,,,,1,,,,,,,,,,,,,1,,,1,,,,,,,,,,1,,,4.329,55.713,57.046,23,,,,,,,,,,,,,,,,,,,,,,,,,,,,,,,,,,,4,complete,,,,DE,1___9f34d1f6a5ca0f06938963cac7313c92_QYFQHENY
2026-09-30 11:10:21,2026-09-30 11:12:12,0,100,110,1,2026-09-30 11:12:12,R_8Sw5YwzongZd8OG,anonymous,DE,1,FL_EOS_ID,,7,6,1,8,3,2,100,"Mars, Snickers",2.201,15.52,16.142,2,,,,,1,1,1,1,,1,,1,,,,,,,1,,,,,,,,,1,1,,,,1,,,,,,,,,,,,,,,,1,1,,,,,,,,,,,1,,,4.095,39.302,40.536,31,,,,,,,,,,,,,,,,,,,,,,,,,,,,,,,,,,,5,complete,,,true,DE,1___dcdebbd761896af7e1963100dcc6e4d8_QYFQHENY
2026-09-30 11:10:17,2026-09-30 11:12:16,0,100,118,1,2026-09-30 11:12:16,R_8ZNxjv5AseHTubQ,anonymous,DE,1,FL_EOS_ID,,2,6,1,2,1,4,100,Milka,2.5,23.504,24.25,2,,,,,,,,1,,1,,1,1,,,,,,,,,,,,,1,,,,,,,1,,,,,,,,,,,,,,,,,1,,,,,1,,,,,,,,,5.6,38.071,38.768,14,,,,,,,,,,,,,,,,,,,,,,,,,,,,,,,,,,,5,complete,,,,DE,1___21297874fba6b415efd72c214c02b50f_QYFQHENY
2026-09-30 11:10:03,2026-09-30 11:12:19,0,100,135,1,2026-09-30 11:12:19,R_8JwJJdjvcH7PnHr,anonymous,DE,1,FL_EOS_ID,,4,5,2,1,7,5,100,"Toblerone, Kinderschokolade, Mars",2.065,2.065,28.465,1,,1,,,1,,1,1,,1,,1,1,1,,,,,1,,,,1,,,1,1,1,1,1,1,,1,1,,,,,,1,,,1,,,,,,,,,,,,,,,,1,,,,,1.964,48.493,49.373,57,,,,,,,,,,,,,,,,,,,,,,,,,,,,,,,,,,,5,complete,,,,DE,1___3de5a2f6c6fe444529a49a5c0d6be864_QYFQHENY
2026-09-30 11:10:29,2026-09-30 11:12:25,0,100,115,1,2026-09-30 11:12:25,R_815pbrGwiq1IiSO,anonymous,DE,1,FL_EOS_ID,,3,3,1,9,3,4,100,"Kinder 
Milka 
Lindt
",1.646,14.031,14.975,3,,1,,,1,1,1,1,1,1,1,1,1,1,,,,1,1,,,,,,,,1,,,,,,,1,1,,,,,1,,,,,,,1,,,,,1,,,,1,,,,,,,,2.247,42.245,43.361,48,,,,,,,,,,,,,,,,,,,,,,,,,,,,,,,,,,,4,complete,,,,DE,1___b67e6e24b0af7620f01f24a7bf30ca40_QYFQHENY
2026-09-30 11:11:56,2026-09-30 11:12:28,0,100,31,1,2026-09-30 11:12:28,R_22KPWQamv84lILZ,anonymous,DE,0.8999999761581421,FL_38,,6,5,2,1,2,3,1,,,,,,,,,,,,,,,,,,,,,,,,,,,,,,,,,,,,,,,,,,,,,,,,,,,,,,,,,,,,,,,,,,,,,,,,,,,,,,,,,,,,,,,,,,,,,,,,,,,,,,,,,,,,complete,,,,DE,1___2217dd59cfc17d1c50812d19c97f148a_QYFQHENY
2026-09-30 11:09:59,2026-09-30 11:12:33,0,100,154,1,2026-09-30 11:12:33,R_8exN1Qirh7kK37P,anonymous,DE,1,FL_EOS_ID,,3,3,1,9,3,4,100,"Kinder riegel.  Knuppers , mars    snikers ,",3.058,40.88,42.552,5,,1,,,,,1,,,1,,1,1,,,1,,1,1,,,,1,,,1,1,1,1,,1,,1,1,,,1,,1,1,,,,,,,1,,,,1,1,,,,,,,,,,,,4.948,55.309,55.928,35,,,,,,,,,,,,,,,,,,,,,,,,,,,,,,,,,,,1,complete,,,,DE,1___5443f6029141a2cb7577acc06b252045_QYFQHENY
2026-09-30 11:10:44,2026-09-30 11:12:43,0,100,119,1,2026-09-30 11:12:43,R_8oEtCBxHNupYM93,anonymous,DE,0.8999999761581421,FL_EOS_ID,,4,5,1,1,2,5,100,"Ritter
Hanuta",2.787,18.471,19.126,2,,1,,,1,1,1,1,1,1,1,1,1,,,,,1,1,,,,,,,,1,,,1,1,,,,,,,,,,,,,,,,,,,,,,,,,,,,,,,,1,4.855,40.577,41.301,28,,,,,,,,,,,,,,,,,,,,,,,,,,,,,,,,,,,4,complete,,,,DE,1___32f8d8a1181f55b19035ac480b88fca5_QYFQHENY
2026-09-30 11:10:29,2026-09-30 11:12:45,0,100,135,1,2026-09-30 11:12:45,R_8G2qv01DvvH0DTt,anonymous,DE,1,FL_EOS_ID,,5,6,1,3,3,4,100,Knoppers,1.38,1.38,13.96,1,,1,,,1,1,1,1,1,1,,1,,,,,,1,1,,,,,,,1,,,,,1,,,,,,,,,,,,,,,,,,,,,1,,1,,,,,,,,,,26.82,63.675,64.79,15,,,,,,,,,,,,,,,,,,,,,,,,,,,,,,,,,,,5,complete,,,,DE,1___424fba83eec0628670ce5d5f08caa807_QYFQHENY
2026-09-30 11:10:49,2026-09-30 11:12:47,0,100,118,1,2026-09-30 11:12:48,R_272UbivoLAiCFmA,anonymous,DE,1,FL_EOS_ID,,5,5,1,2,6,5,100,"Ritter Sport, Hanuta, Duplo",2.066,2.066,17.315,1,,1,,,1,1,1,1,1,1,,1,1,,,1,,1,1,,,,,,,1,,1,,1,,,,1,,,,,,,,,,,,,1,1,,,,,,,,,,,,,,,,1.325,57.147,57.665,34,,,,,,,,,,,,,,,,,,,,,,,,,,,,,,,,,,,4,complete,,,,DE,1___728c182278d75afdfc1a1829e8354fc5_QYFQHENY
2026-09-30 11:09:38,2026-09-30 11:13:06,0,100,207,1,2026-09-30 11:13:06,R_2mQxcBTFpvsZZxD,anonymous,DE,1,FL_EOS_ID,,2,6,1,7,3,3,100,"Duplo, Kinder Riegel, Mars, Bueno, Snickers, Twix, ",3.188,3.188,57.221,1,,1,,,1,1,1,1,1,1,,1,1,,,,,1,1,,,,,,,,1,1,1,1,1,,1,,,,,,,1,,,,,,,,1,1,1,1,1,,1,,,,,,,1,,,5.901,62.376,63.282,40,,,,,,,,,,,,,,,,,,,,,,,,,,,,,,,,,,,3,complete,,,,DE,1___3f81f15bff17bcb0161891d01a4309c8_QYFQHENY
2026-09-30 11:09:57,2026-09-30 11:13:07,0,100,190,1,2026-09-30 11:13:07,R_88I2V6KD9oIf29e,anonymous,DE,1,FL_EOS_ID,,4,6,2,2,2,6,100,keine,5.504,5.504,20.765,1,,,,,1,,,,,1,,,,,,,,,1,,,,,,,1,,,1,,,,,,,,,,,,,,,,,,,,,,,,,,,,,,,,,,1,11.702,68.661,71.654,6,,,,,,,,,,,,,,,,,,,,,,,,,,,,,,,,,,,5,complete,,,,DE,1___792fd63f14fed2c31e3f2fa3a17a14fc_QYFQHENY
2026-09-30 11:10:54,2026-09-30 11:13:13,0,100,138,1,2026-09-30 11:13:13,R_8eb8XvRXnjQ234f,anonymous,DE,1,FL_EOS_ID,,4,6,2,3,1,4,100,"Mars, Milky Way, Snickers, Hanuta, Kopierschutz, kitkat",2.189,32.536,32.951,4,,1,,,1,1,1,1,1,1,1,1,1,,,,,1,1,,,,,,,,,1,1,,,,1,,,,,,,1,,,,,,,,1,,,1,,,,,,,,,,1,,,2.236,48.994,53.031,41,,,,,,,,,,,,,,,,,,,,,,,,,,,,,,,,,,,4,complete,,,,DE,1___509462c7aa6166b2fbfe6ad291a100a8_QYFQHENY
2026-09-30 11:10:33,2026-09-30 11:13:23,0,100,170,1,2026-09-30 11:13:24,R_2iCOUuEttgEOhhp,anonymous,DE,1,FL_EOS_ID,,2,3,1,4,4,4,100,"Milka, Kinder, mars",2.9,2.9,20.444,1,,1,,,1,1,1,1,1,1,,1,1,,,,,1,1,,,,,,,,,,,1,,,1,,,,,,,,,,,,,,,,,,1,,,,,,,,,,,,,11.744,56.186,60.337,38,,,,,,,,,,,,,,,,,,,,,,,,,,,,,,,,,,,3,complete,,,,DE,1___329787936a60e01e0594157c8f2f65be_QYFQHENY
2026-09-30 11:10:56,2026-09-30 11:13:34,0,100,158,1,2026-09-30 11:13:34,R_2IiMjjVvHSVs1SK,anonymous,DE,1,FL_EOS_ID,,5,5,1,9,4,6,100,"Mars, Snikers, Twix. Pickups ",2.835,2.835,36.566,1,,1,,,1,1,1,1,1,1,1,1,1,,,,,1,1,,,,,,,,,,,1,,,,,,,,,1,1,,,,,,,,,,,1,,,,,,,,,,1,,,7.047,61.718,63.742,42,,,,,,,,,,,,,,,,,,,,,,,,,,,,,,,,,,,5,complete,,,,DE,1___2acbbf8d9400d7067f5d961512cf7e37_QYFQHENY
2026-09-30 11:12:34,2026-09-30 11:13:53,0,100,78,1,2026-09-30 11:13:53,R_2Gm6lqYWuE4veWE,anonymous,DE,0.800000011920929,FL_EOS_ID,,6,5,2,6,2,4,100,Duplo,2.213,2.213,8.26,1,,1,,,1,1,1,1,1,1,,1,1,,,,,1,1,,,,,,,,,1,,1,,,,,,,,,,,,,,,,,,,,,,,,,,,,,,,,,1,9.775,29.355,30.27,22,,,,,,,,,,,,,,,,,,,,,,,,,,,,,,,,,,,5,complete,,,,DE,1___26ba4a465b444669157402de56cd8242_QYFQHENY
2026-09-30 11:11:33,2026-09-30 11:13:55,0,100,142,1,2026-09-30 11:13:55,R_811jOcimJYvPcsI,anonymous,DE,1,FL_EOS_ID,,5,6,1,6,3,3,100,Kinderschokolade,4.227,17.584,19.1,2,,,,,,,,1,1,,,,1,,,,,,1,,,,,,,,,1,1,1,,,,1,,,,,,,,,,,,,1,,,,,,,,,,,,,,1,,,6.484,54.174,55.536,21,,,,,,,,,,,,,,,,,,,,,,,,,,,,,,,,,,,2,complete,,,,DE,1___8044b5c335d46dd1ab9d8b5f59658525_QYFQHENY
2026-09-30 11:13:32,2026-09-30 11:13:55,0,100,22,1,2026-09-30 11:13:55,R_8esj8WA25VsDjL7,anonymous,DE,1,FL_38,,4,5,2,9,1,4,47,,,,,,,,,,,,,,,,,,,,,,,,,,,,,,,,,,,,,,,,,,,,,,,,,,,,,,,,,,,,,,,,,,,,,,,,,,,,,,,,,,,,,,,,,,,,,,,,,,,,,,,,,,,,complete,,,true,DE,1___efff9a9f11468085588db3bc80d42a4b_QYFQHENY
2026-09-30 11:12:22,2026-09-30 11:13:56,0,100,94,1,2026-09-30 11:13:57,R_8F4HW1yK9ek7x3Y,anonymous,DE,1,FL_EOS_ID,,5,4,1,8,5,4,100,Lindt milka,1.937,13.124,14.302,2,,,,,1,,1,1,1,,,1,1,,,,,,1,,,,,,,1,,,,,,,,,,,,,,,,,,,,,1,,,,,,,,,,,,,,,,,1.925,35.996,37.204,27,,,,,,,,,,,,,,,,,,,,,,,,,,,,,,,,,,,5,complete,,,,DE,1___4ca48972453ecefb9fd6bd3d9913d591_QYFQHENY
2026-09-30 11:11:30,2026-09-30 11:14:06,0,100,155,1,2026-09-30 11:14:06,R_8qbabr0YYt8IqMv,anonymous,DE,0.4000000059604645,FL_EOS_ID,,2,6,2,9,3,3,100,Duplo,5.513,8.612,20.229,2,,1,,,1,1,1,1,1,1,,,1,,,,,,1,,,,1,,,1,,1,1,1,,,1,,,,,,,,,,,1,,,,1,1,1,,,,1,,,,,,,1,,,8.091,67.169,67.928,31,,,,,,,,,,,,,,,,,,,,,,,,,,,,,,,,,,,5,complete,,,true,DE,1___c201507816d3501a74b9467ebbbe0685_QYFQHENY
2026-09-30 11:12:50,2026-09-30 11:14:25,0,100,94,1,2026-09-30 11:14:26,R_2PuyqGWwBSFErjb,anonymous,DE,1,FL_EOS_ID,,3,6,2,7,3,4,100,Kinderriegel,2.036,2.036,6.539,1,,1,,,1,1,1,,1,1,,,1,,,,,,1,,,,1,,,,1,1,,1,,,,1,,,,,,,,,,,,,1,,1,,1,,,,,,,,,,,,,4.466,41.036,41.891,25,,,,,,,,,,,,,,,,,,,,,,,,,,,,,,,,,,,3,complete,,,,DE,1___12f9720da45407f7e6f32e374a497cc5_QYFQHENY
2026-09-30 11:12:01,2026-09-30 11:14:27,0,100,146,1,2026-09-30 11:14:27,R_2LiLyX7vLnEda9Q,anonymous,DE,1,FL_EOS_ID,,6,6,1,7,4,4,100,"Keine ",3,8.997,10.782,2,,,,,1,,,,,1,,1,,,,,,,,,,,,,,1,,1,1,,,,,,,,,,,,,,,,,,,,1,,1,,,,,,,,,,,,,4.803,49.232,50.04,16,,,,,,,,,,,,,,,,,,,,,,,,,,,,,,,,,,,5,complete,,,,DE,1___8976d97dbf964046c861df5181cc1c6c_QYFQHENY
2026-09-30 11:12:07,2026-09-30 11:14:29,0,100,141,1,2026-09-30 11:14:29,R_8NCkGhEDXCgMDK8,anonymous,DE,1,FL_EOS_ID,,3,6,1,9,3,4,100,"Mars, bounty, Stickern, kitkat",2.239,2.239,24.685,1,,1,,,1,1,1,1,1,1,1,1,1,,,,,1,1,,,,,,,,,1,1,,1,,1,,,,,,,1,,,,,,,,,,1,,1,,,,,,,,,1,,,3.201,50.942,51.879,30,,,,,,,,,,,,,,,,,,,,,,,,,,,,,,,,,,,2,complete,,,true,DE,1___0385ab6a4034c35405ff53c7a1d85425_QYFQHENY
2026-09-30 11:12:55,2026-09-30 11:14:36,0,100,101,1,2026-09-30 11:14:36,R_81Y3EbFHft8yFJT,anonymous,DE,1,FL_EOS_ID,,3,6,1,7,2,4,100,keine,1.168,1.168,5.794,1,,,,,1,,1,1,1,,,1,1,,,,,,1,,,,,,,,,1,,,,,,1,,,,,,,,,,,,,,,1,,,,,,1,,,,,,,,,4.348,44.78,46.121,13,,,,,,,,,,,,,,,,,,,,,,,,,,,,,,,,,,,3,complete,,,,DE,1___b4789bbfdb67ffb558e65c7a6bcca42b_QYFQHENY
2026-09-30 11:11:50,2026-09-30 11:14:54,0,100,183,1,2026-09-30 11:14:54,R_2FJAVlxnfvTAtqL,anonymous,DE,1,FL_EOS_ID,,2,5,1,2,5,5,100,"Ballistisch, Habits, Kitkat, Knoppers, nussini, twix",3.541,3.541,51.31,1,,1,,,1,1,1,1,1,1,1,1,1,,,,,1,1,,,,,,,,1,,1,1,1,1,,1,,,,,1,,,,,,,,,,,1,,1,1,,1,,,,,1,,,,3.945,68.119,69.425,66,,,,,,,,,,,,,,,,,,,,,,,,,,,,,,,,,,,5,complete,,,,DE,1___7f24d2df8cde420ef12093011d177c55_QYFQHENY
2026-09-30 11:12:32,2026-09-30 11:15:08,0,100,155,1,2026-09-30 11:15:08,R_8nq1OTN9nHYBxsl,anonymous,DE,1,FL_EOS_ID,,5,6,2,2,2,3,100,"Snickers, Nuts, Mars, Bounty",2.501,2.501,33.166,1,,1,,,1,1,1,1,1,1,1,1,1,,,1,,1,1,,,,,,,1,,1,1,1,,1,1,,,,,,,,,,,,,,1,,1,1,,,,,,,,,,,1,,,7.7,67.799,68.512,39,,,,,,,,,,,,,,,,,,,,,,,,,,,,,,,,,,,4,complete,,,true,DE,1___b390ee95a6126ba7c3caed3c616b0740_QYFQHENY
2026-09-30 11:11:50,2026-09-30 11:15:13,0,100,203,1,2026-09-30 11:15:13,R_2uX1J8m7ejU7a2b,anonymous,DE,1,FL_EOS_ID,,3,5,1,1,5,5,100,"Kinder, Mars, Bounty, Twixx, Duplo, Snickers, Milky Way, ",1.297,106.948,107.572,13,,1,,1,1,1,1,1,1,1,1,1,1,,,,,1,1,,,,1,,,1,1,1,1,1,,,,1,,,,,1,1,,,,,,,,1,1,,,,,,,,,,,,1,,,2.301,52.071,52.793,39,,,,,,,,,,,,,,,,,,,,,,,,,,,,,,,,,,,4,complete,,,,DE,1___50a08cc497b9a0b370906f7cb8a32e52_QYFQHENY
2026-09-30 11:12:59,2026-09-30 11:15:30,0,100,150,1,2026-09-30 11:15:31,R_2Qy91ke3ykTxIiT,anonymous,DE,1,FL_EOS_ID,,3,5,1,9,3,3,100,Twix Snickers Mars Duplo Kinderriegel,2.562,2.562,21.041,1,,1,,,1,1,1,1,1,1,,1,1,,,,,1,,,,,,,,1,,1,1,,1,,,1,,,,,1,1,,,,,,,,,,,,1,,,1,,,,,1,1,,,6.499,56.643,59.339,26,,,,,,,,,,,,,,,,,,,,,,,,,,,,,,,,,,,3,complete,,,,DE,1___f4a2cadfb114175572781099aa0545eb_QYFQHENY
2026-09-30 11:13:15,2026-09-30 11:15:31,0,100,135,1,2026-09-30 11:15:31,R_8KDdkEQpzgxFdgM,anonymous,DE,1,FL_EOS_ID,,3,5,1,1,6,5,100,"Corny, Snickers, Mars, Milka",3.577,3.577,26.621,1,1,1,,,1,1,1,1,1,1,1,1,1,,,,,1,1,,,1,1,,,1,1,1,1,1,1,,1,1,,,,,,1,,,,1,,,,1,1,1,1,,,,1,,,,,,,,,0.191,43.191,44.093,41,,,,,,,,,,,,,,,,,,,,,,,,,,,,,,,,,,,4,complete,,,,DE,1___9b742dbf8d03492599e4111942739432_QYFQHENY
2026-09-30 11:13:34,2026-09-30 11:15:51,0,100,136,1,2026-09-30 11:15:51,R_2UWyhVHIqniZMY3,anonymous,DE,1,FL_EOS_ID,,4,5,2,9,2,3,100,"Kinder Riegel, Mars, Snickers ",1.933,1.933,24.232,1,,1,,,1,1,1,1,1,1,,1,1,,,,,1,1,,,,,,,1,,1,1,1,1,,1,1,,,,,1,1,,,,,,,,,1,1,1,1,,,1,,,,,,,,,3.783,64.131,64.943,46,,,,,,,,,,,,,,,,,,,,,,,,,,,,,,,,,,,3,complete,,,,DE,1___4e688503dceb1258fecdf2ef46a01ee7_QYFQHENY
2026-09-30 11:12:00,2026-09-30 11:16:44,0,100,283,1,2026-09-30 11:16:45,R_2OlELYPpbDZFsMr,anonymous,DE,1,FL_EOS_ID,,3,6,2,9,1,3,100,Weiß ich jetzt nicht,8.701,34.439,35.09,2,,,,,1,,1,1,,1,,1,1,,,,,,,,,,,,,,,1,1,,1,,1,,,,,,,,,,,,,,,,1,1,,1,,1,,,,,,,,,,4.447,89.786,90.592,19,,,,,,,,,,,,,,,,,,,,,,,,,,,,,,,,,,,5,complete,,,,DE,1___a698a330052918074cfac54a655766aa_QYFQHENY
2026-09-30 11:13:35,2026-09-30 11:17:23,0,100,227,1,2026-09-30 11:17:23,R_8ee4BEmAXdNNKRT,anonymous,DE,1,FL_EOS_ID,,4,6,2,1,3,4,100,"Duplo, Kinder-Riegel, Mars, Twix,KitKat",36.194,122.003,122.797,2,,1,,,1,1,1,1,1,1,1,1,1,,,,,1,1,,,,,,,1,,1,,1,,,1,,,,,,,,,,,,,,,,1,,1,,,,,,,,,,,,,6.547,57.911,58.636,26,,,,,,,,,,,,,,,,,,,,,,,,,,,,,,,,,,,4,complete,,,,DE,1___c79d9217276a61939e03564cc1058636_QYFQHENY
2026-09-30 11:26:29,2026-09-30 11:28:00,0,100,90,1,2026-09-30 11:28:01,R_27pUKf1Z4TJzWi5,anonymous,DE,0.6000000238418579,FL_EOS_ID,,4,6,4,6,4,4,100,Mars,1.4,1.4,8.701,1,,1,,,1,,1,1,1,1,,1,1,,,,,,1,,,,1,,,1,1,1,1,1,1,,1,,,,,,,1,,,,,,,1,,,,,,,1,1,,,,,,1,,,1.102,44.203,45.249,30,,,,,,,,,,,,,,,,,,,,,,,,,,,,,,,,,,,4,complete,,,,DE,1___f6b425c52a216ec2955c02fc3cb23c50_QYFQHENY
2026-09-30 11:26:43,2026-09-30 11:28:27,0,100,103,1,2026-09-30 11:28:27,R_8sb2tqw6DMAokFz,anonymous,DE,1,FL_EOS_ID,,5,6,1,7,3,2,100,"Lind, Noisette ",2,28.625,29.143,2,,1,,,,,1,1,,1,,1,1,,,,,1,1,,,,,,,,,,1,,,,,,,,,,,,,,,,,,,,1,1,,,,,,,,,,,,,,3.489,30.22,30.894,19,,,,,,,,,,,,,,,,,,,,,,,,,,,,,,,,,,,3,complete,,,,DE,1___deb866811b2dba7766c21ada6854bc29_QYFQHENY
2026-09-30 11:27:07,2026-09-30 11:28:30,0,100,82,1,2026-09-30 11:28:31,R_8j2OeHxHZyrQbt6,anonymous,DE,1,FL_EOS_ID,,4,5,2,9,1,4,100,"Ballisto ",1.644,7.052,7.517,2,,1,,,1,1,1,1,,1,1,1,1,,,,,1,1,,,,1,,,1,1,,1,,1,1,,1,,,,,1,1,,,,1,,,,,,,,1,,,,,,,,,,,,4.882,39.444,40.083,26,,,,,,,,,,,,,,,,,,,,,,,,,,,,,,,,,,,3,complete,,,true,DE,1___79fd284554603a06f73be726f134b143_QYFQHENY
2026-09-30 11:26:41,2026-09-30 11:28:30,0,100,109,1,2026-09-30 11:28:31,R_811J6PCVCGbpvov,anonymous,DE,1,FL_EOS_ID,,4,6,1,7,6,5,100,Mars,3.633,3.633,12.499,1,,,,,,,,,,1,,1,,,,,,,,,,,,,,,,,1,,,,,,,,,,,,,,,,,,,,,,,,,1,,,,,,,,,,11.559,39.961,40.939,7,,,,,,,,,,,,,,,,,,,,,,,,,,,,,,,,,,,5,complete,,,true,DE,1___41ed1765255c36096cbdd8a6035c8e68_QYFQHENY
2026-09-30 11:26:51,2026-09-30 11:28:42,0,100,110,1,2026-09-30 11:28:42,R_2htGJYoacbqUp7q,anonymous,DE,1,FL_EOS_ID,,5,6,2,9,3,4,100,Mars,3.166,3.166,11.82,1,,1,,,1,1,1,1,1,1,1,1,1,,,,,1,1,,,,,,,1,,1,1,,1,,1,1,,,,,,,,,,,,,,,1,,,,,1,,,,,,,,,,1.856,38.758,41.488,21,,,,,,,,,,,,,,,,,,,,,,,,,,,,,,,,,,,5,complete,,,,DE,1___98f78d597dc2d761a46372ad41141146_QYFQHENY
2026-09-30 11:26:53,2026-09-30 11:29:13,0,100,139,1,2026-09-30 11:29:13,R_89pgq8PIxpbXyO5,anonymous,DE,1,FL_EOS_ID,,2,6,1,7,6,7,100,"Mars , Milky Way , Twix",1.514,22.938,24.077,3,,1,,,1,1,1,1,1,1,,1,1,,,,,1,1,,,,1,,,1,,,1,1,1,,1,,,,,,,,,,,,,,1,,,1,1,1,,1,,,,,,,,,,4.511,64.799,67.347,22,,,,,,,,,,,,,,,,,,,,,,,,,,,,,,,,,,,5,complete,,,,DE,1___f2508011746ce10ea33b95ca11c8c145_QYFQHENY
2026-09-30 11:26:59,2026-09-30 11:29:15,0,100,136,1,2026-09-30 11:29:16,R_81RbMLMhdj46ILv,anonymous,DE,1,FL_EOS_ID,,3,5,1,4,2,7,100,"Milka, Ritter Sport",2.4,15.197,16.495,2,,1,,,1,1,1,1,,1,,1,1,,,,,,1,,,,1,,,1,1,1,1,,1,,1,1,,,,,,1,,,,,,,,,1,,,,,,1,,,,,,,,,2.801,55.304,56.303,28,,,,,,,,,,,,,,,,,,,,,,,,,,,,,,,,,,,4,complete,,,,DE,1___7776e214003a2f180d615813a0a82b53_QYFQHENY
2026-09-30 11:27:31,2026-09-30 11:29:28,0,100,116,1,2026-09-30 11:29:28,R_2hGcp3TkelScJVA,anonymous,DE,1,FL_38,,2,5,2,8,3,4,22,,,,,,,,,,,,,,,,,,,,,,,,,,,,,,,,,,,,,,,,,,,,,,,,,,,,,,,,,,,,,,,,,,,,,,,,,,,,,,,,,,,,,,,,,,,,,,,,,,,,,,,,,,,,complete,,,,DE,1___59ea62f25d2cf49b547e80adbb17f935_QYFQHENY
2026-09-30 11:26:51,2026-09-30 11:30:38,0,100,226,1,2026-09-30 11:30:38,R_2asou39vOxLc3SU,anonymous,DE,0.6000000238418579,FL_EOS_ID,,4,6,1,3,3,4,100,Duplo nussini twix hanuta,7.167,7.167,74.334,1,,1,,,1,1,1,1,1,1,1,1,1,,,,,1,1,,,,,,,1,,1,1,,1,,,,,,,,,1,,,,,,,1,,1,1,,,,,,,,,,,1,,,9.634,73.157,74.079,37,,,,,,,,,,,,,,,,,,,,,,,,,,,,,,,,,,,4,complete,,,true,DE,1___1521990a82ac505ddf8037413fb6d1b7_QYFQHENY
2026-09-30 11:26:50,2026-09-30 11:31:06,0,100,256,1,2026-09-30 11:31:07,R_8guul3qVIVmciin,anonymous,DE,0.6000000238418579,FL_EOS_ID,,6,6,2,3,1,2,100,"Kinder country..balisto, merci...",4.9,45.84,56.463,5,,1,,,1,1,1,1,1,1,1,1,1,,,,,1,1,,,,,,,,,,,1,1,,,,,,,,,,,,,,,,,,,,,,,,,,,,,,,,1,10.141,113.49,113.845,43,,,,,,,,,,,,,,,,,,,,,,,,,,,,,,,,,,,5,complete,,,,DE,1___9c22a2a25ae63944e39eb6b05c4666e0_QYFQHENY
2026-09-30 11:10:03,2026-09-30 11:32:42,0,100,1358,1,2026-09-30 11:32:43,R_2i5nUND135eVPPb,anonymous,DE,0.8999999761581421,FL_EOS_ID,,3,6,1,6,2,4,100,milka,1.643,1.643,10.116,1,,1,,,1,1,1,1,,1,,1,1,,,,,1,1,,,,,,,1,,1,1,,1,,,1,,,,,,,,,,,,,1,,1,1,,,,,1,,,,,,,,,4.012,777.011,778.182,19,,,,,,,,,,,,,,,,,,,,,,,,,,,,,,,,,,,3,complete,,,,DE,1___baec388d08eb0ddfdc787901d5004fd7_QYFQHENY
2026-09-30 11:31:26,2026-09-30 11:34:33,0,100,186,1,2026-09-30 11:34:34,R_8spLy7L90ty1AYr,anonymous,DE,1,FL_EOS_ID,,3,6,2,1,4,4,100,"Teich, bounty, ",2.794,2.794,33.89,1,,1,,,1,1,1,1,1,1,1,1,1,,,,,1,1,,,,1,,,1,,1,1,,1,,1,1,,,,,1,,,,,,,,,,1,1,,1,,1,,,,,,1,1,,,2.114,75.25,76.574,50,,,,,,,,,,,,,,,,,,,,,,,,,,,,,,,,,,,3,complete,,,,DE,1___fca3c775dc2f083deaf1e6e02daf7b06_QYFQHENY
2026-09-30 11:28:06,2026-09-30 11:40:07,0,100,720,1,2026-09-30 11:40:07,R_8mdRIwkKtn7l9aW,anonymous,DE,1,FL_EOS_ID,,3,6,1,9,2,7,100,"Mars
Snickers
KitKat
.ilky Was
Lion",2.977,78.496,79.901,17,,1,,,1,1,1,1,1,1,1,1,1,,,1,,1,1,,,,,,,1,,1,1,1,,1,1,1,,,,,,1,,,,,,,1,,1,1,1,,,1,,,,,,,1,,,1.953,319.435,320.479,188,,,,,,,,,,,,,,,,,,,,,,,,,,,,,,,,,,,1,complete,,,true,DE,1___8a93ac7b91a4d87086cb17358f69a696_QYFQHENY
2026-09-30 11:37:53,2026-09-30 11:40:24,0,100,150,1,2026-09-30 11:40:24,R_8jcEXu6hPSHA5P8,anonymous,DE,1,FL_EOS_ID,,5,5,1,1,4,4,100,"Mars, Ferroro",2.308,2.308,33.102,1,,1,,,1,1,1,1,1,1,1,1,1,,,,,1,1,,,,,,,,,1,,,1,,,,,,,,1,,,,,,,,,,1,,,1,,,,,,,,,,,,1.481,56.552,58.59,25,,,,,,,,,,,,,,,,,,,,,,,,,,,,,,,,,,,3,complete,,,,DE,1___a319a40845ae37ee4f3056bcbaf78004_QYFQHENY
2026-09-30 11:38:44,2026-09-30 11:44:45,0,100,360,1,2026-09-30 11:44:46,R_2MEBlVnrJIXGaBa,anonymous,DE,0.800000011920929,FL_EOS_ID,,4,6,2,2,1,4,100,Milka Lind Duplo Kinderriegel hanuta lion sarotti,8.474,8.474,139.52,1,,1,,,1,1,1,1,1,1,1,1,1,,,1,,1,1,,,,1,,,,1,1,1,1,1,,,1,,,,,1,1,,,,,,,,,1,,,1,,,1,,,,,,,,,10.4,100.068,100.733,31,,,,,,,,,,,,,,,,,,,,,,,,,,,,,,,,,,,4,complete,,,true,DE,1___4571ea301c7cfcf6b75c9dfb2f234af6_QYFQHENY
2026-09-30 12:39:56,2026-09-30 12:44:05,0,100,248,1,2026-09-30 12:44:06,R_2CTXJS5cebNokiE,anonymous,DE,1,FL_EOS_ID,,5,6,1,1,5,4,100,Milka,4.754,13.832,14.759,2,,1,,1,1,1,1,1,1,1,,1,1,,,,,,1,,,,,,,,,,,,1,,,1,,,,,,,,,,,,,,,,,,,,,1,,,,,,,,,4.466,115.662,118.452,25,,,,,,,,,,,,,,,,,,,,,,,,,,,,,,,,,,,5,complete,,,,DE,1___b78576c6d763e5acd0342a81a7bee45d_QYFQHENY
2026-09-30 12:47:20,2026-09-30 12:48:35,0,100,75,1,2026-09-30 12:48:36,R_2DwrvaM22ROfgfT,anonymous,DE,1,FL_EOS_ID,,6,6,2,9,1,3,100,keine,2.081,2.081,7.995,1,,,,,,,1,,,,,,,,,,,,,,,,,,,,,1,,,,,,,,,,,,,,,,,,,,,,,,,,,,,,,,,,,1,7.27,18.72,19.837,3,,,,,,,,,,,,,,,,,,,,,,,,,,,,,,,,,,,1,complete,,,,DE,1___c430f37014215cc68b4f5fd6f1c28491_QYFQHENY
2026-09-30 14:01:55,2026-09-30 14:04:46,0,100,171,1,2026-09-30 14:04:47,R_239iAABwhTu6iFf,anonymous,DE,0.8999999761581421,FL_EOS_ID,,3,6,2,1,3,4,100,"Ritter Sport, Milka, Snickers, Twix, Balisto, Choceur, Duplo",2.065,2.065,57.705,1,,1,,,1,1,1,1,1,1,1,1,1,,,,,1,1,,,,1,,,,1,1,1,,,1,,1,,,,,1,1,,,,1,,,,,,,,,,,1,,,,,1,,,,3.281,50.53,62.248,25,,,,,,,,,,,,,,,,,,,,,,,,,,,,,,,,,,,2,complete,,,true,DE,1___17847f44f314a4c34af8c12427955e28_QYFQHENY
2026-09-30 15:57:27,2026-09-30 15:59:27,0,100,120,1,2026-09-30 15:59:28,R_8ffwzdHg5gqfmtr,anonymous,DE,1,FL_EOS_ID,,5,6,1,2,2,5,100,Duplo,2.08,2.08,15.043,1,,1,,,1,,1,1,1,1,1,1,,,,,,,1,,,,,,,,,1,,,,1,,,,,,,,,,,,,,,,,1,,,,,,,,,,,,,,,6.851,42.915,45.583,12,,,,,,,,,,,,,,,,,,,,,,,,,,,,,,,,,,,5,complete,,,,DE,1___1ccd8dc21c0466480f66ad0451ff1c50_QYFQHENY
2026-09-30 16:25:18,2026-09-30 16:26:21,0,100,63,1,2026-09-30 16:26:22,R_8E6pxcmk4Id6Mb4,anonymous,DE,1,FL_EOS_ID,,4,4,2,1,5,3,100,balisto,0.999,0.999,8.479,1,,1,,,1,1,,,,,,,,,,,,,,,,,1,,,,1,,,,,,,,,,,,,,,,,1,,,,1,,,,,,,,,,,,,,,,1.796,10.251,12.54,7,,,,,,,,,,,,,,,,,,,,,,,,,,,,,,,,,,,4,complete,,,,DE,1___4cd853484c43089d9630919b61e1a8b7_QYFQHENY
2026-09-30 20:48:49,2026-09-30 20:50:52,0,100,122,1,2026-09-30 20:50:52,R_8ygDo8CIJYwheGb,anonymous,DE,1,FL_EOS_ID,,2,6,1,3,2,4,100,Mars,2.032,8.622,14.579,2,,1,,,1,1,1,1,1,1,,1,1,,,,,1,1,,,,1,,,,1,,1,,1,,1,,,,,,,1,,,,,,,1,1,,,,1,,,,,,,,,,,,3.471,59.164,60.174,27,,,,,,,,,,,,,,,,,,,,,,,,,,,,,,,,,,,1,complete,,,,DE,1___ab28e19857bde8701e78f248cf082fcb_QYFQHENY
2026-09-30 20:57:17,2026-09-30 21:01:21,0,100,244,1,2026-09-30 21:01:21,R_8RakIIgzx3cXYcR,anonymous,DE,1,FL_EOS_ID,,5,5,1,7,5,4,100,"Corny
Mars
Snickers
Bounty
",4.975,37.043,42.247,2,,1,,,1,1,1,1,1,1,,1,1,,,1,,1,1,,,,1,,,1,1,1,1,1,1,,1,1,,,1,,,1,,,,,,,,,1,,1,,,,,,,,,,1,,,6.259,82.006,85.296,39,,,,,,,,,,,,,,,,,,,,,,,,,,,,,,,,,,,2,complete,,,,DE,1___f8e85134a65e06729141e9ac53de4b54_QYFQHENY
2026-09-30 21:54:10,2026-09-30 21:58:15,0,100,244,1,2026-09-30 21:58:15,R_2gISfWP26BOvYFA,anonymous,DE,1,FL_EOS_ID,,5,4,2,9,3,4,100,"Kinder Schokoriegel ",2.183,2.183,15.121,1,1,1,1,,1,1,1,1,1,1,,1,1,1,1,,,1,1,1,,1,,,,,1,1,1,1,1,,1,,,,,,1,1,,,,,,,,,,,,,,,,,,,,1,,,,14.213,70.076,70.847,46,,,,1,,,,,,,,44,62,-42,0,45,7,6,,,,,,,,,,Schokoriegel ohne Zuckerzusatz,3,2,5.186,40.871,42.22,6,5,complete,,,,DE,1___da5f04c14c2003fa05f2bd901925d2c5_QYFQHENY
