StartDate,EndDate,Status,Progress,Duration (in seconds),Finished,RecordedDate,ResponseId,DistributionChannel,UserLanguage,Q_RecaptchaScore,Last Seen Flow Element ID,Last Seen Question IDs,haeufigkeit,alter,geschlecht,bundesland,einkommen,bildung,attention_1,spontan,t_spontan_First Click,t_spontan_Last Click,t_spontan_Page Submit,t_spontan_Click Count,bekanntheit_18,bekanntheit_1,bekanntheit_2,bekanntheit_3,bekanntheit_4,bekanntheit_5,bekanntheit_20,bekanntheit_6,bekanntheit_7,bekanntheit_8,bekanntheit_9,bekanntheit_10,bekanntheit_11,bekanntheit_12,bekanntheit_19,bekanntheit_13,bekanntheit_14,bekanntheit_15,bekanntheit_16,bekanntheit_17,bekanntheit_99,betracht_18,betracht_1,betracht_2,betracht_3,betracht_4,betracht_5,betracht_20,betracht_6,betracht_7,betracht_8,betracht_9,betracht_10,betracht_11,betracht_12,betracht_19,betracht_13,betracht_14,betracht_15,betracht_16,betracht_17,betracht_99,kauf_3monate_18,kauf_3monate_1,kauf_3monate_2,kauf_3monate_3,kauf_3monate_4,kauf_3monate_5,kauf_3monate_20,kauf_3monate_6,kauf_3monate_7,kauf_3monate_8,kauf_3monate_9,kauf_3monate_10,kauf_3monate_11,kauf_3monate_12,kauf_3monate_19,kauf_3monate_13,kauf_3monate_14,kauf_3monate_15,kauf_3monate_16,kauf_3monate_17,kauf_3monate_99,t_raster_First Click,t_raster_Last Click,t_raster_Page Submit,t_raster_Click Count,kanal_1,kanal_2,kanal_3,kanal_4,kanal_5,kanal_6,kanal_7,kanal_8,kanal_9,kanal_10,kanal_11,emotion_1,qualität_1,plv_1,zufriedenheit_1,wom_1,bedürfnis,bedeutsam,H1_1,H1_2,H1_3,H1_4,H1_5,H1_6,H1_7,H1_8,H1_9,beschreibung,intention,empfehlung,t_sentiment_First Click,t_sentiment_Last Click,t_sentiment_Page Submit,t_sentiment_Click Count,zucker,Q_RecaptchaStatus,Q_RecaptchaError,Q_BallotBoxStuffing,Q_PrivateBrowserDetected,land,PID
Start Date,End Date,Response Type,Progress,Duration (in seconds),Finished,Recorded Date,Response ID,Distribution Channel,User Language,Q_RecaptchaScore,Last Seen Flow Element ID,Last Seen Question IDs,"Wie oft kaufen Sie Schokoladenriegel, Snackriegel oder ähnliche Süßwaren?",Wie alt sind Sie?,Sie sind...,In welchem österreichischem Bundesland leben Sie?,Wie hoch ist Ihr monatliches Netto-Haushaltseinkommen?,Höchster Bildungsabschluss,"Diese Frage prüft nur, ob die Fragen aufmerksam gelesen werden. Bitte ziehen Sie den Schieberegler ganz nach rechts auf 100. - Bitte klicken Sie auf den Schieberegler und ziehen Sie ihn ganz nach rechts",Welche Schokoladenriegel-Marken fallen Ihnen spontan ein?,Timing – Erster Klick,Timing – Letzter Klick,Timing – Seite absenden,Timing – Auf Anzahl klicken,Von welchen der folgenden Schokoladen-/Snackmarken haben Sie schon einmal gehört? Mehrfachnennungen sind möglich. - AHEAD,Von welchen der folgenden Schokoladen-/Snackmarken haben Sie schon einmal gehört? Mehrfachnennungen sind möglich. - Balisto,Von welchen der folgenden Schokoladen-/Snackmarken haben Sie schon einmal gehört? Mehrfachnennungen sind möglich. - BE-KIND,Von welchen der folgenden Schokoladen-/Snackmarken haben Sie schon einmal gehört? Mehrfachnennungen sind möglich. - Bounty,Von welchen der folgenden Schokoladen-/Snackmarken haben Sie schon einmal gehört? Mehrfachnennungen sind möglich. - Corny,Von welchen der folgenden Schokoladen-/Snackmarken haben Sie schon einmal gehört? Mehrfachnennungen sind möglich. - Dragee Keksi (Napoli),Von welchen der folgenden Schokoladen-/Snackmarken haben Sie schon einmal gehört? Mehrfachnennungen sind möglich. - Foodspring,Von welchen der folgenden Schokoladen-/Snackmarken haben Sie schon einmal gehört? Mehrfachnennungen sind möglich. - Hanuta,Von welchen der folgenden Schokoladen-/Snackmarken haben Sie schon einmal gehört? Mehrfachnennungen sind möglich. - Ketofabrik (Keast),Von welchen der folgenden Schokoladen-/Snackmarken haben Sie schon einmal gehört? Mehrfachnennungen sind möglich. - Kinder,Von welchen der folgenden Schokoladen-/Snackmarken haben Sie schon einmal gehört? Mehrfachnennungen sind möglich. - Knoppers,Von welchen der folgenden Schokoladen-/Snackmarken haben Sie schon einmal gehört? Mehrfachnennungen sind möglich. - Manner,Von welchen der folgenden Schokoladen-/Snackmarken haben Sie schon einmal gehört? Mehrfachnennungen sind möglich. - Mars,Von welchen der folgenden Schokoladen-/Snackmarken haben Sie schon einmal gehört? Mehrfachnennungen sind möglich. - Milka,Von welchen der folgenden Schokoladen-/Snackmarken haben Sie schon einmal gehört? Mehrfachnennungen sind möglich. - More Nutrition,Von welchen der folgenden Schokoladen-/Snackmarken haben Sie schon einmal gehört? Mehrfachnennungen sind möglich. - NEOH,Von welchen der folgenden Schokoladen-/Snackmarken haben Sie schon einmal gehört? Mehrfachnennungen sind möglich. - Nicks,Von welchen der folgenden Schokoladen-/Snackmarken haben Sie schon einmal gehört? Mehrfachnennungen sind möglich. - Nucao,Von welchen der folgenden Schokoladen-/Snackmarken haben Sie schon einmal gehört? Mehrfachnennungen sind möglich. - Pick Up!,Von welchen der folgenden Schokoladen-/Snackmarken haben Sie schon einmal gehört? Mehrfachnennungen sind möglich. - Snickers,Von welchen der folgenden Schokoladen-/Snackmarken haben Sie schon einmal gehört? Mehrfachnennungen sind möglich. - KEINE Marke,Welche dieser Schokoladen-/Snackmarken würden Sie beim nächsten Kauf eines Schokoladen- oder Snackriegels in Betracht ziehen? Mehrfachnennungen sind möglich. - AHEAD,Welche dieser Schokoladen-/Snackmarken würden Sie beim nächsten Kauf eines Schokoladen- oder Snackriegels in Betracht ziehen? Mehrfachnennungen sind möglich. - Balisto,Welche dieser Schokoladen-/Snackmarken würden Sie beim nächsten Kauf eines Schokoladen- oder Snackriegels in Betracht ziehen? Mehrfachnennungen sind möglich. - BE-KIND,Welche dieser Schokoladen-/Snackmarken würden Sie beim nächsten Kauf eines Schokoladen- oder Snackriegels in Betracht ziehen? Mehrfachnennungen sind möglich. - Bounty,Welche dieser Schokoladen-/Snackmarken würden Sie beim nächsten Kauf eines Schokoladen- oder Snackriegels in Betracht ziehen? Mehrfachnennungen sind möglich. - Corny,Welche dieser Schokoladen-/Snackmarken würden Sie beim nächsten Kauf eines Schokoladen- oder Snackriegels in Betracht ziehen? Mehrfachnennungen sind möglich. - Dragee Keksi (Napoli),Welche dieser Schokoladen-/Snackmarken würden Sie beim nächsten Kauf eines Schokoladen- oder Snackriegels in Betracht ziehen? Mehrfachnennungen sind möglich. - Foodspring,Welche dieser Schokoladen-/Snackmarken würden Sie beim nächsten Kauf eines Schokoladen- oder Snackriegels in Betracht ziehen? Mehrfachnennungen sind möglich. - Hanuta,Welche dieser Schokoladen-/Snackmarken würden Sie beim nächsten Kauf eines Schokoladen- oder Snackriegels in Betracht ziehen? Mehrfachnennungen sind möglich. - Ketofabrik (Keast),Welche dieser Schokoladen-/Snackmarken würden Sie beim nächsten Kauf eines Schokoladen- oder Snackriegels in Betracht ziehen? Mehrfachnennungen sind möglich. - Kinder,Welche dieser Schokoladen-/Snackmarken würden Sie beim nächsten Kauf eines Schokoladen- oder Snackriegels in Betracht ziehen? Mehrfachnennungen sind möglich. - Knoppers,Welche dieser Schokoladen-/Snackmarken würden Sie beim nächsten Kauf eines Schokoladen- oder Snackriegels in Betracht ziehen? Mehrfachnennungen sind möglich. - Manner,Welche dieser Schokoladen-/Snackmarken würden Sie beim nächsten Kauf eines Schokoladen- oder Snackriegels in Betracht ziehen? Mehrfachnennungen sind möglich. - Mars,Welche dieser Schokoladen-/Snackmarken würden Sie beim nächsten Kauf eines Schokoladen- oder Snackriegels in Betracht ziehen? Mehrfachnennungen sind möglich. - Milka,Welche dieser Schokoladen-/Snackmarken würden Sie beim nächsten Kauf eines Schokoladen- oder Snackriegels in Betracht ziehen? Mehrfachnennungen sind möglich. - More Nutrition,Welche dieser Schokoladen-/Snackmarken würden Sie beim nächsten Kauf eines Schokoladen- oder Snackriegels in Betracht ziehen? Mehrfachnennungen sind möglich. - NEOH,Welche dieser Schokoladen-/Snackmarken würden Sie beim nächsten Kauf eines Schokoladen- oder Snackriegels in Betracht ziehen? Mehrfachnennungen sind möglich. - Nicks,Welche dieser Schokoladen-/Snackmarken würden Sie beim nächsten Kauf eines Schokoladen- oder Snackriegels in Betracht ziehen? Mehrfachnennungen sind möglich. - Nucao,Welche dieser Schokoladen-/Snackmarken würden Sie beim nächsten Kauf eines Schokoladen- oder Snackriegels in Betracht ziehen? Mehrfachnennungen sind möglich. - Pick Up!,Welche dieser Schokoladen-/Snackmarken würden Sie beim nächsten Kauf eines Schokoladen- oder Snackriegels in Betracht ziehen? Mehrfachnennungen sind möglich. - Snickers,Welche dieser Schokoladen-/Snackmarken würden Sie beim nächsten Kauf eines Schokoladen- oder Snackriegels in Betracht ziehen? Mehrfachnennungen sind möglich. - KEINE Marke,Welche dieser Schokoladen-/Snackmarken haben Sie in den letzten 3 Monaten gekauft? Mehrfachnennungen sind möglich. - AHEAD,Welche dieser Schokoladen-/Snackmarken haben Sie in den letzten 3 Monaten gekauft? Mehrfachnennungen sind möglich. - Balisto,Welche dieser Schokoladen-/Snackmarken haben Sie in den letzten 3 Monaten gekauft? Mehrfachnennungen sind möglich. - BE-KIND,Welche dieser Schokoladen-/Snackmarken haben Sie in den letzten 3 Monaten gekauft? Mehrfachnennungen sind möglich. - Bounty,Welche dieser Schokoladen-/Snackmarken haben Sie in den letzten 3 Monaten gekauft? Mehrfachnennungen sind möglich. - Corny,Welche dieser Schokoladen-/Snackmarken haben Sie in den letzten 3 Monaten gekauft? Mehrfachnennungen sind möglich. - Dragee Keksi (Napoli),Welche dieser Schokoladen-/Snackmarken haben Sie in den letzten 3 Monaten gekauft? Mehrfachnennungen sind möglich. - Foodspring,Welche dieser Schokoladen-/Snackmarken haben Sie in den letzten 3 Monaten gekauft? Mehrfachnennungen sind möglich. - Hanuta,Welche dieser Schokoladen-/Snackmarken haben Sie in den letzten 3 Monaten gekauft? Mehrfachnennungen sind möglich. - Ketofabrik (Keast),Welche dieser Schokoladen-/Snackmarken haben Sie in den letzten 3 Monaten gekauft? Mehrfachnennungen sind möglich. - Kinder,Welche dieser Schokoladen-/Snackmarken haben Sie in den letzten 3 Monaten gekauft? Mehrfachnennungen sind möglich. - Knoppers,Welche dieser Schokoladen-/Snackmarken haben Sie in den letzten 3 Monaten gekauft? Mehrfachnennungen sind möglich. - Manner,Welche dieser Schokoladen-/Snackmarken haben Sie in den letzten 3 Monaten gekauft? Mehrfachnennungen sind möglich. - Mars,Welche dieser Schokoladen-/Snackmarken haben Sie in den letzten 3 Monaten gekauft? Mehrfachnennungen sind möglich. - Milka,Welche dieser Schokoladen-/Snackmarken haben Sie in den letzten 3 Monaten gekauft? Mehrfachnennungen sind möglich. - More Nutrition,Welche dieser Schokoladen-/Snackmarken haben Sie in den letzten 3 Monaten gekauft? Mehrfachnennungen sind möglich. - NEOH,Welche dieser Schokoladen-/Snackmarken haben Sie in den letzten 3 Monaten gekauft? Mehrfachnennungen sind möglich. - Nicks,Welche dieser Schokoladen-/Snackmarken haben Sie in den letzten 3 Monaten gekauft? Mehrfachnennungen sind möglich. - Nucao,Welche dieser Schokoladen-/Snackmarken haben Sie in den letzten 3 Monaten gekauft? Mehrfachnennungen sind möglich. - Pick Up!,Welche dieser Schokoladen-/Snackmarken haben Sie in den letzten 3 Monaten gekauft? Mehrfachnennungen sind möglich. - Snickers,Welche dieser Schokoladen-/Snackmarken haben Sie in den letzten 3 Monaten gekauft? Mehrfachnennungen sind möglich. - KEINE Marke,Timing – Erster Klick,Timing – Letzter Klick,Timing – Seite absenden,Timing – Auf Anzahl klicken,In welchen der folgenden Kanäle haben Sie im letzten Monat von NEOH gehört oder NEOH gesehen? Mehrfachnennungen sind möglich. - TV-Werbung,In welchen der folgenden Kanäle haben Sie im letzten Monat von NEOH gehört oder NEOH gesehen? Mehrfachnennungen sind möglich. - Printwerbung (Zeitungen/Zeitschriften),In welchen der folgenden Kanäle haben Sie im letzten Monat von NEOH gehört oder NEOH gesehen? Mehrfachnennungen sind möglich. - Werbung auf Websites,In welchen der folgenden Kanäle haben Sie im letzten Monat von NEOH gehört oder NEOH gesehen? Mehrfachnennungen sind möglich. - Instagram/Facebook,In welchen der folgenden Kanäle haben Sie im letzten Monat von NEOH gehört oder NEOH gesehen? Mehrfachnennungen sind möglich. - YouTube,In welchen der folgenden Kanäle haben Sie im letzten Monat von NEOH gehört oder NEOH gesehen? Mehrfachnennungen sind möglich. - TikTok,In welchen der folgenden Kanäle haben Sie im letzten Monat von NEOH gehört oder NEOH gesehen? Mehrfachnennungen sind möglich. - Influencer-/Content-Creator-Empfehlungen,"In welchen der folgenden Kanäle haben Sie im letzten Monat von NEOH gehört oder NEOH gesehen? Mehrfachnennungen sind möglich. - Supermarkt (Regal, Display)","In welchen der folgenden Kanäle haben Sie im letzten Monat von NEOH gehört oder NEOH gesehen? Mehrfachnennungen sind möglich. - Mundpropaganda (Freunde, Familie, Kollegen)","In welchen der folgenden Kanäle haben Sie im letzten Monat von NEOH gehört oder NEOH gesehen? Mehrfachnennungen sind möglich. - Außenwerbung (Plakate, öffentlicher Nahverkehr)",In welchen der folgenden Kanäle haben Sie im letzten Monat von NEOH gehört oder NEOH gesehen? Mehrfachnennungen sind möglich. - In keinem dieser Kanäle,Haben Sie ein allgemein positives oder negatives Gefühl gegenüber NEOH? - Bitte klicken Sie auf den Schieberegler und ziehen Sie die Maus links oder rechts,Steht NEOH für gute oder schlechte Qualität? - Bitte klicken Sie auf den Schieberegler und ziehen Sie die Maus links oder rechts,Bietet NEOH ein gutes oder schlechtes Preis-Leistungs-Verhältnis? - Bitte klicken Sie auf den Schieberegler und ziehen Sie die Maus links oder rechts,"Wenn Sie NEOH gekauft und konsumiert haben, sind Sie zufrieden oder unzufrieden? - Bitte klicken Sie auf den Schieberegler und ziehen Sie die Maus links oder rechts",Haben Sie in den letzten zwei Wochen etwas Positives oder Negatives über NEOH gehört? - Bitte klicken Sie auf den Schieberegler und ziehen Sie die Maus links oder rechts,"Inwieweit erfüllt NEOH Ihre Bedürfnisse bei Schokoladen-/Snackriegeln? (0 = Gar nicht, 10 = Vollständig)","Wie persönlich bedeutsam ist NEOH für Sie? (0 = Gar nicht, 10 = Äußerst bedeutsam)","Sie haben angegeben, dass Sie NEOH in Betracht ziehen würden, aber kürzlich nicht gekauft haben. Welche der folgenden Gründe treffen zu? Mehrfachnennungen möglich. - Zu teuer","Sie haben angegeben, dass Sie NEOH in Betracht ziehen würden, aber kürzlich nicht gekauft haben. Welche der folgenden Gründe treffen zu? Mehrfachnennungen möglich. - Nicht in meinem bevorzugten Geschäft erhältlich","Sie haben angegeben, dass Sie NEOH in Betracht ziehen würden, aber kürzlich nicht gekauft haben. Welche der folgenden Gründe treffen zu? Mehrfachnennungen möglich. - Sehe ich nie im Regal","Sie haben angegeben, dass Sie NEOH in Betracht ziehen würden, aber kürzlich nicht gekauft haben. Welche der folgenden Gründe treffen zu? Mehrfachnennungen möglich. - Begrenzte Geschmacksauswahl","Sie haben angegeben, dass Sie NEOH in Betracht ziehen würden, aber kürzlich nicht gekauft haben. Welche der folgenden Gründe treffen zu? Mehrfachnennungen möglich. - Nicht in der gewünschten Packungsgröße erhältlich","Sie haben angegeben, dass Sie NEOH in Betracht ziehen würden, aber kürzlich nicht gekauft haben. Welche der folgenden Gründe treffen zu? Mehrfachnennungen möglich. - Nie im Angebot","Sie haben angegeben, dass Sie NEOH in Betracht ziehen würden, aber kürzlich nicht gekauft haben. Welche der folgenden Gründe treffen zu? Mehrfachnennungen möglich. - Meine Familie/mein Haushalt bevorzugt sie nicht","Sie haben angegeben, dass Sie NEOH in Betracht ziehen würden, aber kürzlich nicht gekauft haben. Welche der folgenden Gründe treffen zu? Mehrfachnennungen möglich. - Ich weiß nicht genug darüber","Sie haben angegeben, dass Sie NEOH in Betracht ziehen würden, aber kürzlich nicht gekauft haben. Welche der folgenden Gründe treffen zu? Mehrfachnennungen möglich. - Sonstiges",Wie würden Sie NEOH einem Freund beschreiben?,"Wie wahrscheinlich ist es, dass Sie NEOH im nächsten Monat kaufen?","Wie wahrscheinlich ist es, dass Sie NEOH einem Freund empfehlen? (0 = gar nicht, 10 = sehr wahrscheinlich)",Timing – Erster Klick,Timing – Letzter Klick,Timing – Seite absenden,Timing – Auf Anzahl klicken,"Wie wichtig ist es Ihnen, Zucker in Ihrer Ernährung zu reduzieren?",Q_RecaptchaStatus,Q_RecaptchaError,Q_BallotBoxStuffing,Q_PrivateBrowserDetected,land,PID
"{""ImportId"":""startDate"",""timeZone"":""Europe/Berlin""}","{""ImportId"":""endDate"",""timeZone"":""Europe/Berlin""}","{""ImportId"":""status""}","{""ImportId"":""progress""}","{""ImportId"":""duration""}","{""ImportId"":""finished""}","{""ImportId"":""recordedDate"",""timeZone"":""Europe/Berlin""}","{""ImportId"":""_recordId""}","{""ImportId"":""distributionChannel""}","{""ImportId"":""userLanguage""}","{""ImportId"":""Q_RecaptchaScore""}","{""ImportId"":""LastSeenFlowID""}","{""ImportId"":""LastSeenQuestions""}","{""ImportId"":""QID2""}","{""ImportId"":""QID3""}","{""ImportId"":""QID4""}","{""ImportId"":""QID5""}","{""ImportId"":""QID35""}","{""ImportId"":""QID36""}","{""ImportId"":""QID47_1""}","{""ImportId"":""QID6_TEXT""}","{""ImportId"":""QID48_FIRST_CLICK""}","{""ImportId"":""QID48_LAST_CLICK""}","{""ImportId"":""QID48_PAGE_SUBMIT""}","{""ImportId"":""QID48_CLICK_COUNT""}","{""ImportId"":""QID7"",""choiceId"":""18""}","{""ImportId"":""QID7"",""choiceId"":""1""}","{""ImportId"":""QID7"",""choiceId"":""2""}","{""ImportId"":""QID7"",""choiceId"":""3""}","{""ImportId"":""QID7"",""choiceId"":""4""}","{""ImportId"":""QID7"",""choiceId"":""5""}","{""ImportId"":""QID7"",""choiceId"":""20""}","{""ImportId"":""QID7"",""choiceId"":""6""}","{""ImportId"":""QID7"",""choiceId"":""7""}","{""ImportId"":""QID7"",""choiceId"":""8""}","{""ImportId"":""QID7"",""choiceId"":""9""}","{""ImportId"":""QID7"",""choiceId"":""10""}","{""ImportId"":""QID7"",""choiceId"":""11""}","{""ImportId"":""QID7"",""choiceId"":""12""}","{""ImportId"":""QID7"",""choiceId"":""19""}","{""ImportId"":""QID7"",""choiceId"":""13""}","{""ImportId"":""QID7"",""choiceId"":""14""}","{""ImportId"":""QID7"",""choiceId"":""15""}","{""ImportId"":""QID7"",""choiceId"":""16""}","{""ImportId"":""QID7"",""choiceId"":""17""}","{""ImportId"":""QID7"",""choiceId"":""99""}","{""ImportId"":""QID45"",""choiceId"":""18""}","{""ImportId"":""QID45"",""choiceId"":""1""}","{""ImportId"":""QID45"",""choiceId"":""2""}","{""ImportId"":""QID45"",""choiceId"":""3""}","{""ImportId"":""QID45"",""choiceId"":""4""}","{""ImportId"":""QID45"",""choiceId"":""5""}","{""ImportId"":""QID45"",""choiceId"":""20""}","{""ImportId"":""QID45"",""choiceId"":""6""}","{""ImportId"":""QID45"",""choiceId"":""7""}","{""ImportId"":""QID45"",""choiceId"":""8""}","{""ImportId"":""QID45"",""choiceId"":""9""}","{""ImportId"":""QID45"",""choiceId"":""10""}","{""ImportId"":""QID45"",""choiceId"":""11""}","{""ImportId"":""QID45"",""choiceId"":""12""}","{""ImportId"":""QID45"",""choiceId"":""19""}","{""ImportId"":""QID45"",""choiceId"":""13""}","{""ImportId"":""QID45"",""choiceId"":""14""}","{""ImportId"":""QID45"",""choiceId"":""15""}","{""ImportId"":""QID45"",""choiceId"":""16""}","{""ImportId"":""QID45"",""choiceId"":""17""}","{""ImportId"":""QID45"",""choiceId"":""99""}","{""ImportId"":""QID46"",""choiceId"":""18""}","{""ImportId"":""QID46"",""choiceId"":""1""}","{""ImportId"":""QID46"",""choiceId"":""2""}","{""ImportId"":""QID46"",""choiceId"":""3""}","{""ImportId"":""QID46"",""choiceId"":""4""}","{""ImportId"":""QID46"",""choiceId"":""5""}","{""ImportId"":""QID46"",""choiceId"":""20""}","{""ImportId"":""QID46"",""choiceId"":""6""}","{""ImportId"":""QID46"",""choiceId"":""7""}","{""ImportId"":""QID46"",""choiceId"":""8""}","{""ImportId"":""QID46"",""choiceId"":""9""}","{""ImportId"":""QID46"",""choiceId"":""10""}","{""ImportId"":""QID46"",""choiceId"":""11""}","{""ImportId"":""QID46"",""choiceId"":""12""}","{""ImportId"":""QID46"",""choiceId"":""19""}","{""ImportId"":""QID46"",""choiceId"":""13""}","{""ImportId"":""QID46"",""choiceId"":""14""}","{""ImportId"":""QID46"",""choiceId"":""15""}","{""ImportId"":""QID46"",""choiceId"":""16""}","{""ImportId"":""QID46"",""choiceId"":""17""}","{""ImportId"":""QID46"",""choiceId"":""99""}","{""ImportId"":""QID49_FIRST_CLICK""}","{""ImportId"":""QID49_LAST_CLICK""}","{""ImportId"":""QID49_PAGE_SUBMIT""}","{""ImportId"":""QID49_CLICK_COUNT""}","{""ImportId"":""QID10"",""choiceId"":""1""}","{""ImportId"":""QID10"",""choiceId"":""2""}","{""ImportId"":""QID10"",""choiceId"":""3""}","{""ImportId"":""QID10"",""choiceId"":""4""}","{""ImportId"":""QID10"",""choiceId"":""5""}","{""ImportId"":""QID10"",""choiceId"":""6""}","{""ImportId"":""QID10"",""choiceId"":""7""}","{""ImportId"":""QID10"",""choiceId"":""8""}","{""ImportId"":""QID10"",""choiceId"":""9""}","{""ImportId"":""QID10"",""choiceId"":""10""}","{""ImportId"":""QID10"",""choiceId"":""11""}","{""ImportId"":""QID12_1""}","{""ImportId"":""QID13_1""}","{""ImportId"":""QID38_1""}","{""ImportId"":""QID39_1""}","{""ImportId"":""QID22_1""}","{""ImportId"":""QID26""}","{""ImportId"":""QID44""}","{""ImportId"":""QID29"",""choiceId"":""1""}","{""ImportId"":""QID29"",""choiceId"":""2""}","{""ImportId"":""QID29"",""choiceId"":""3""}","{""ImportId"":""QID29"",""choiceId"":""4""}","{""ImportId"":""QID29"",""choiceId"":""5""}","{""ImportId"":""QID29"",""choiceId"":""6""}","{""ImportId"":""QID29"",""choiceId"":""7""}","{""ImportId"":""QID29"",""choiceId"":""8""}","{""ImportId"":""QID29"",""choiceId"":""9""}","{""ImportId"":""QID31_TEXT""}","{""ImportId"":""QID33""}","{""ImportId"":""QID34""}","{""ImportId"":""QID50_FIRST_CLICK""}","{""ImportId"":""QID50_LAST_CLICK""}","{""ImportId"":""QID50_PAGE_SUBMIT""}","{""ImportId"":""QID50_CLICK_COUNT""}","{""ImportId"":""QID37""}","{""ImportId"":""Q_RecaptchaStatus""}","{""ImportId"":""Q_RecaptchaError""}","{""ImportId"":""Q_BallotBoxStuffing""}","{""ImportId"":""Q_PrivateBrowserDetected""}","{""ImportId"":""land""}","{""ImportId"":""PID""}"
2026-09-25 09:20:59,2026-09-25 09:24:10,0,100,190,1,2026-09-25 09:24:10,R_2ewPFUCyYFWd6LC,anonymous,DE,1,FL_EOS_ID,,3,3,2,1,2,5,100,"Balisto
Eigenmarken (Lidl, Hofer, Spar, Billa)
Mars
Snickers
Bounty
Dm
Alnatura",1.571,1.571,42.69,1,1,1,1,1,1,1,1,1,,1,1,1,1,1,1,1,,1,1,1,,1,1,1,1,1,1,1,1,1,1,1,1,1,1,1,1,1,1,1,1,,,,,,,1,,,,1,,1,1,1,,,,,,,,1.346,42.682,43.534,52,,,,,,,,,,,1,63,60,22,61,0,7,5,1,,,,,,,,,"lecker, guter Geschmack, gute Geschmacksrichtungen, aber sehr teuer",2,6,2.601,33.882,34.637,5,3,complete,,,,AT,1___0fb823a847b5e3fa20f316209e63b125_VWGSGGK
2026-09-25 10:22:53,2026-09-25 10:24:56,0,100,122,1,2026-09-25 10:24:57,R_8qsOZbWTIPuS6qc,anonymous,DE,1,FL_EOS_ID,,4,4,1,1,6,5,100,"Milka, Kinder, Duplo",0.974,0.974,8.963,1,,1,,,,1,,1,,1,1,1,1,1,,1,,,1,1,,,,,,,,,,,1,,,,1,,1,,,,,,,,,,,,,,,1,,,,,,1,,,,,,2.361,26.193,27.259,16,,,,,,,,1,1,,,100,93,94,95,12,10,10,,,,,,,,,,die nicht so ungesunde Schokolade,6,9,10.439,22.838,23.622,3,5,complete,,,,AT,1___545b22cf1ee36c32a39c0e263a2f3124_VWGSGGK
2026-09-25 10:22:38,2026-09-25 10:25:22,0,100,164,1,2026-09-25 10:25:23,R_2fwDOmARjwzhbNN,anonymous,DE,0.30000001192092896,FL_EOS_ID,,4,2,1,2,3,3,100,"Corny
Neo",3.09,3.09,23.322,1,1,1,,1,1,,,,,,1,1,,1,,1,,,1,,,,,,1,,,,,,,,1,,1,,,,,,,,,,,1,,,,,,,,,,,,,,,,,,2.407,26.782,28.8,13,,,,,,,,,,,1,57,88,-36,0,0,2,1,,,,,,,,,,"Moderne Marke, zuckerfrei",1,4,1.938,16.336,17.289,3,2,complete,,,,AT,1___e38645c3f3127f66edba378bea18e049_VWGSGGK
2026-09-25 10:23:43,2026-09-25 10:32:55,0,100,551,1,2026-09-25 10:32:56,R_2MqrMGINfxxqhZT,anonymous,DE,1,FL_EOS_ID,,3,5,2,3,3,2,100,Kinderschokolade,12.031,45.208,52.68,2,,1,,1,1,1,,1,,1,1,1,1,1,1,1,,,1,1,,,1,,1,,,,,,1,1,,1,,1,,,,,,,,,,,,,,,,1,,,,,1,,,,,,,5.209,72.37,80.078,32,,,,1,,,,,,,,0,20,0,41,0,3,0,,,,,,,,,,"Geschmacklich, sehr gut preis ist okay.",2,1,12.868,64.833,65.6,10,5,complete,,,,AT,1___652124dbe74acf1f78583db92e3d24f5_VWGSGGK
2026-09-25 10:33:24,2026-09-25 10:34:41,0,100,76,1,2026-09-25 10:34:41,R_2JFPJ0AKRZgQnCh,anonymous,DE,1,FL_EOS_ID,,5,5,2,1,6,3,100,"Duplo, balisto",1.101,15.362,15.831,2,,1,,1,,,,,,,,1,1,1,,,,,,1,,,,,,,,,,,,,1,,1,,,,,,,,,,,,,,,,,,,1,1,1,,,,,,,,2.801,28.852,29.449,24,,,,,,,,,,,,,,,,,,,,,,,,,,,,,,,,,,,4,complete,,,,AT,1___7e9b490bab36ddc847e2629e952812d2_VWGSGGK
2026-09-25 10:42:34,2026-09-25 10:44:24,0,100,110,1,2026-09-25 10:44:24,R_8LhWuW2mwK2dVaK,anonymous,DE,1,FL_EOS_ID,,5,6,1,8,7,2,100,Milka,1.591,1.591,10.336,1,,,,1,,1,,,,,,1,1,1,,,,,,,,,,,,,,,,,,,1,,,,,,,,,,,,,,,,,,,,,1,,,,,,,,,,5.673,41.833,46.306,10,,,,,,,,,,,,,,,,,,,,,,,,,,,,,,,,,,,3,complete,,,,AT,1___e9c8d26b1f79d5e94ac4e4555c508486_VWGSGGK
2026-09-25 10:43:25,2026-09-25 10:47:49,0,100,263,1,2026-09-25 10:47:49,R_8TqfmhryWCqI5vb,anonymous,DE,0.800000011920929,FL_EOS_ID,,4,3,1,3,3,2,100,"Nussini, balisto,Kinder Riegel,Mars twix,boundy",5.8,5.8,52.841,1,,1,,1,1,1,,,,1,1,1,1,1,,1,1,,1,1,,,1,,1,,,,,,,,,,,,,,,,,,,1,,1,1,,,,,,,,,1,,,,,,,,5.702,56.364,57.562,26,1,,,,,,,,,,,,,,,-19,0,0,,,,,,,,,,"Keine Ahnung ",1,0,3.202,19.46,20.168,9,5,complete,,,true,AT,1___14da3ebe02ce683e6b0a390f9bd15ee9_VWGSGGK
2026-09-25 10:56:18,2026-09-25 10:58:45,0,100,146,1,2026-09-25 10:58:45,R_2cqELjDSHnKpUbS,anonymous,DE,1,FL_EOS_ID,,3,4,1,5,6,2,100,Kinder,1.001,1.001,9.268,1,,,,,,,,,,1,1,1,,1,,,,,,1,,,,,,,,,,,1,1,,,1,,,,,,1,,,,,,,,,,,1,1,,,,,,,,,,,38.569,79.888,82.483,13,,,,,,,,,,,,,,,,,,,,,,,,,,,,,,,,,,,4,complete,,,,AT,1___10d80663d4bfbedc1d78c03c0aa597c6_VWGSGGK
2026-09-25 11:03:04,2026-09-25 11:06:42,0,100,217,1,2026-09-25 11:06:42,R_2KuLF5Y0UaVX1hK,anonymous,DE,0.800000011920929,FL_EOS_ID,,3,2,1,3,7,1,100,"Kinder ",2.213,4.833,5.334,2,,1,1,1,1,1,,1,,1,1,1,1,1,,1,,,1,1,,,,,,,,,1,,1,1,1,,1,,,,,1,1,,,,,,,,,,,1,,1,,1,,,,,,,,1.764,43.254,43.6,50,,,,1,,,,1,,1,,75,80,-30,71,0,8,2,,,,,,,,,,Schmeckt gut und ist nicht so ungesund wie andere Schokoriegel,3,5,1.954,31.605,31.801,15,3,complete,,,true,AT,1___b1c971cb03e7e2b7fc8bb60408196e51_VWGSGGK
2026-09-25 11:13:24,2026-09-25 11:17:48,0,100,264,1,2026-09-25 11:17:48,R_8F4q5alvcaoUkGQ,anonymous,DE,0.699999988079071,FL_EOS_ID,,3,6,2,1,6,2,100,"Mars, Bounty, Neoh, Clever, Lindt",1.665,1.665,32.835,1,,1,,1,1,1,,1,,1,1,1,1,1,,1,,,1,1,,,,,,,1,,1,,1,1,1,,1,,1,,,1,,,,,,,,1,,1,,1,1,1,,1,,1,,,,,,3.272,66.893,68.142,28,1,1,1,1,,,,1,,,,81,100,14,78,7,7,7,,,,,,,,,,Gute Schoko/Zucker- Alternative. Angenehmer Geschmack. Etwas höherpreisiger. Empfehlenswert. Modern. Neu.,5,7,1.958,45.075,46.22,3,4,complete,,,,AT,1___1073767bcc8858324d4ccaf7f18f86d4_VWGSGGK
2026-09-25 11:18:17,2026-09-25 11:19:19,0,100,62,1,2026-09-25 11:19:19,R_234wsSkg9iJtdL0,anonymous,DE,1,FL_EOS_ID,,4,4,2,2,7,5,100,Kinderriegel,1.497,1.497,6.58,1,,1,,,,,,,,,1,,,1,,,,,1,,,,1,,,,,,,,,,,,,,,,,,,,,,,,,,,,,1,,,,,,,,,,,,3.029,23.431,25.294,6,,,,,,,,,,,,,,,,,,,,,,,,,,,,,,,,,,,3,complete,,,,AT,1___5088ea907db161fddb4e2a768af79863_VWGSGGK
2026-09-25 11:23:43,2026-09-25 11:30:08,0,100,385,1,2026-09-25 11:30:09,R_9flkAT9Zy8MUkCl,anonymous,DE,1,FL_EOS_ID,,5,2,2,8,1,3,100,"Kinder. Milka, Lindt, Tonys chocolonely",4.2,4.2,86.556,1,1,1,1,1,1,1,,1,,1,1,1,1,1,1,1,,1,1,1,,1,1,,,1,,,,,,,1,,1,,,,,1,,,,1,,,1,,,,,,1,1,,1,,,,,1,,,5.176,69.6,70.258,42,,,,1,,,,1,,,,47,61,-20,22,0,6,2,,,,,,,,,,"Etwas gesünder schokoriegel ",2,3,5.072,34.776,36.889,15,4,complete,,,,AT,1___39e54cc9a5c3bd3f14705375f390a235_VWGSGGK
2026-09-25 11:32:59,2026-09-25 11:35:13,0,100,133,1,2026-09-25 11:35:13,R_2tEbJzhJxw3jxwb,anonymous,DE,0.6000000238418579,FL_EOS_ID,,5,6,1,2,2,3,100,"Kinder, Snickers, Mars, Twix, Milky Way, Lions, KitKat, Milka",1.488,1.488,41.322,1,,1,,1,1,,1,1,,1,1,1,1,1,,,,,1,1,,,1,,,1,,,1,,,,,,,,,,,,,,,1,,,,,,1,,,,,,,,,,,,,,3.406,44.435,53.823,17,,,,,,,,,,,,,,,,,,,,,,,,,,,,,,,,,,,5,complete,,,,AT,1___da68adcd50e57e0ac0999919344d722b_VWGSGGK
2026-09-25 11:44:39,2026-09-25 11:46:31,0,100,111,1,2026-09-25 11:46:31,R_2V6O7HwAYfYKb8l,anonymous,DE,1,FL_EOS_ID,,6,6,1,1,5,3,100,keine,5.485,5.485,14.874,1,,1,,1,,1,,1,,1,1,1,1,1,,,,,1,1,,,,,,,,,,,1,,,,1,,,,,,,,,,,,,,,,,,,,,1,,,,,,,,3.613,53.445,54.672,14,,,,,,,,,,,,,,,,,,,,,,,,,,,,,,,,,,,1,complete,,,,AT,1___49129cf443d9bc272450e49bdf863549_VWGSGGK
2026-09-25 11:39:12,2026-09-25 11:48:08,0,100,535,1,2026-09-25 11:48:08,R_8l4vO9k6Ob4x5Sx,anonymous,DE,0.800000011920929,FL_EOS_ID,,4,5,2,7,4,5,100,"Twix, Milka, Suchard, More, Esn, Ritter Sport, ",20.488,92.643,93.493,3,1,1,,1,1,1,,1,1,1,1,1,1,1,1,1,,,1,1,,1,,,,,,,,,,,,,,1,1,,,,,,,,,,,,,,,1,,,,,1,,,,,,,8.044,100.564,101.6,51,,,,,,,,1,,,,80,80,70,70,2,6,5,1,,,,,,,,,Zuckerfrei Alternative zu anderen Schokoriegel..Geschmacklich gut,5,7,4.904,68.485,69.586,16,5,complete,,,,AT,1___c1553bbe1a100a16428f1206b35e6cbe_VWGSGGK
2026-09-25 11:47:12,2026-09-25 11:50:18,0,100,185,1,2026-09-25 11:50:19,R_21bYLDQOYwnIGov,anonymous,DE,1,FL_EOS_ID,,5,5,2,8,2,2,100,"Linderschokolade Milka ",2.692,30.25,30.901,2,,1,,,,1,,1,,1,1,,1,1,,,,,1,1,,,1,,,,,,,,,,1,,,,,,,,1,,,1,,,,,,,,1,,,,1,,,,,,,,7.506,80.921,81.749,38,,,,,,,,,,,,,,,,,,,,,,,,,,,,,,,,,,,4,complete,,,true,AT,1___bcd359ca22295584eb7853f942c18ce1_VWGSGGK
2026-09-25 11:49:01,2026-09-25 11:58:25,0,100,563,1,2026-09-25 11:58:26,R_8prFAwwj4bWsFlm,anonymous,DE,1,FL_EOS_ID,,4,5,2,7,4,2,100,Kinderschokolade,5.626,20.011,21.86,2,,1,,1,1,1,,1,,1,1,1,1,1,,1,1,,,1,,,1,,,,,,,,,,1,1,1,,,,,,,,,1,,,,,,,,1,,1,1,1,,,,,,,,9.294,114.152,115.682,72,,,,,,,,1,,,,0,0,0,0,-1,5,5,,,,,,,,,,"Noch nie gegessen nur in der Werbung gesehen ",1,5,9.724,56.229,58.161,14,4,complete,,,,AT,1___12f7dffff3dff4b59d5b0b6ca740c57c_VWGSGGK
2026-09-25 12:06:35,2026-09-25 12:14:12,0,100,457,1,2026-09-25 12:14:13,R_81ijQ0TFsxXyDVA,anonymous,DE,0.8999999761581421,FL_EOS_ID,,4,5,2,1,6,5,100,"Yoghurette, Twix",1.509,1.509,9.337,1,,1,,1,,1,,,,,1,1,1,1,,,,,,1,,,,,,,1,,,,,,1,,1,,,,,,,,,,,,,,,,,,,,,1,,,,,,,,2.379,25.037,25.969,13,,,,,,,,,,,,,,,,,,,,,,,,,,,,,,,,,,,3,complete,,,true,AT,1___96cc4ce12593cc7e9839aa0b5dc4dbfa_VWGSGGK
2026-09-25 12:16:10,2026-09-25 12:18:42,0,100,151,1,2026-09-25 12:18:43,R_8Ltd4Colo2FhpMO,anonymous,DE,0.8999999761581421,FL_EOS_ID,,4,2,2,3,3,4,41,"ESN, More Nutrition, Milka",2.239,2.239,17.435,1,1,1,1,,1,,,,,,,1,1,1,1,1,,,,1,,1,1,1,,,,,,,,,,,,1,,,,,,,1,1,,,1,,,,,,,,,,,1,,,,,,1.615,28.255,28.612,19,,,,1,,,1,,,,,47,54,-16,0,40,7,8,,,,,,,,,,zuckerfreie leckere Riegel,5,7,2.023,9.631,10.738,3,4,complete,,,,AT,1___1083f2f733c70ef7a700c0851c60dced_VWGSGGK
2026-09-25 12:25:33,2026-09-25 12:30:53,0,100,320,1,2026-09-25 12:30:54,R_2HunQYhSeVlijZq,anonymous,DE,1,FL_EOS_ID,,4,3,2,2,3,2,100,"Esn, Kinder, Knopers",3.127,30.748,32.279,2,1,1,1,1,1,,,1,,1,1,1,1,1,,1,,,1,1,,1,,,,1,,,,,,1,,,,,1,,,,,,,,,,1,,,,,,1,,,,,1,,,,,,1.623,60.387,61.072,47,,,,,,,,1,,,,74,52,1,100,0,8,3,,,,,,,,,,Es ist lecker & zuckerfrei,5,10,5.727,42.322,42.899,16,5,complete,,,,AT,1___6c92be26e0d15b66034ebd043815d93e_VWGSGGK
2026-09-25 12:28:13,2026-09-25 12:36:11,0,100,477,1,2026-09-25 12:36:12,R_8wdaMeBaAu1yYuz,anonymous,DE,0.10000000149011612,FL_EOS_ID,,6,2,2,5,3,2,100,"Twix, Mars, snickers",3.98,3.98,118.847,1,,1,,1,1,1,,1,,1,1,1,1,1,,,,,1,1,,,,,,,,,,,,,,,,,,,,1,1,,,,,,,,,,,1,,,,,,,,,,1,,1.587,75.065,75.885,33,,,,,,,,,,,,,,,,,,,,,,,,,,,,,,,,,,,3,complete,,,,AT,1___3905589e3c93cc6a1fa9d3dc9ea293d6_VWGSGGK
2026-09-25 12:40:45,2026-09-25 12:45:16,0,100,270,1,2026-09-25 12:45:17,R_8TRiE0lg7nWEOLZ,anonymous,DE,1,FL_EOS_ID,,5,6,2,3,2,2,100,Keine,12.419,29.147,38.642,2,,,,1,,,,,,,,1,1,1,,,,,,1,,,1,,1,,1,,,,,,1,1,,,,,,,,,,,,,,,,,,,,,1,1,,,,,,,,5.341,66.877,68.28,37,,,,,,,,,,,,,,,,,,,,,,,,,,,,,,,,,,,3,complete,,,,AT,1___e665ac961b89bc61981083b833788444_VWGSGGK
2026-09-25 12:54:01,2026-09-25 12:56:49,0,100,168,1,2026-09-25 12:56:50,R_2JwOi4cjQWlMp4R,anonymous,DE,0.6000000238418579,FL_EOS_ID,,5,6,2,2,4,7,100,"Milka, Zarotti",2.545,19.664,23.481,2,,1,,1,1,1,,1,,1,1,1,1,1,,,,,,1,,,,,,,,,,,,,,,,,,,,,,1,,,,,,,,,,,,1,,,,,,,,,,5.42,48.751,50.067,36,,,,,,,,,,,,,,,,,,,,,,,,,,,,,,,,,,,5,complete,,,,AT,1___9ee1ec5e92af8e5d0592e8f81f50020f_VWGSGGK
2026-09-25 13:30:52,2026-09-25 13:33:36,0,100,163,1,2026-09-25 13:33:36,R_8tF2gHyv6K5K0yO,anonymous,DE,0.800000011920929,FL_EOS_ID,,6,2,2,3,4,2,100,Kinderriegel,3.601,3.601,19.765,1,,,,1,1,,,,,1,1,1,1,1,,,,,1,1,,,,,1,1,,,,,,,1,,1,,,,,1,,,,,,,,,,,,,,,,1,,,,,,,,10.246,79.213,79.923,40,,,,,,,,,,,,,,,,,,,,,,,,,,,,,,,,,,,3,complete,,,,AT,1___305d18b7de08f4ee485827c85ef1336a_VWGSGGK
2026-09-25 14:08:02,2026-09-25 14:15:01,0,100,419,1,2026-09-25 14:15:02,R_2EVWxOdKpFJiN6f,anonymous,DE,1,FL_EOS_ID,,5,3,2,8,3,3,100,"Lindt, knoppers, ",1.498,1.498,15.457,1,,1,,1,1,1,1,1,1,1,1,1,1,1,1,1,1,1,1,1,,,1,,,,,,1,,1,,,,,,,,,,,,,,,,,,,,,1,,,,,,,,,,,,1.957,305.219,306.356,55,,,,,,,,,,,1,1,9,-11,-78,-1,3,0,,,,,,,,,,Schmeckt seltsam,1,0,1.994,14.258,14.961,10,5,complete,,,,AT,1___5b34f609b42994d202748343edf2392e_VWGSGGK
2026-09-25 14:15:51,2026-09-25 14:20:30,0,100,279,1,2026-09-25 14:20:31,R_82JTdDKlg2cAEbX,anonymous,DE,0.10000000149011612,FL_EOS_ID,,5,5,2,1,6,3,100,Mars twix bounty koro kinderschokoriegel,2.594,34.679,35.214,4,,1,,1,1,1,1,1,,1,1,1,1,1,,1,,,,1,,,1,,1,1,1,,,,1,1,1,1,,,,,,,1,,,,,1,,,,,,1,,1,1,,,,,,,,,5.238,68.1,68.724,44,,,,,,,,1,,,,47,53,37,2,17,5,2,,,,,,,,,,"
.",3,2,4.027,23.9,24.538,16,5,complete,,,,AT,1___7f4e4d747de8ff769ed096a556f03344_VWGSGGK
2026-09-25 14:27:10,2026-09-25 14:29:45,0,100,154,1,2026-09-25 14:29:45,R_80ZzznZcPAQLWRY,anonymous,DE,0.10000000149011612,FL_EOS_ID,,2,2,1,6,2,2,100,"Milka Tender ",8.065,8.065,17.559,1,,,,,1,1,,1,,1,,1,,1,,,,,,1,,,1,,,,,,,,1,,,1,1,,1,,,,,,,,,,,1,,,,1,,1,,,,,,,,,,7.122,42.203,43.3,23,,,,,,,,,,,,,,,,,,,,,,,,,,,,,,,,,,,4,complete,,,,AT,1___e8fb3536fa3129821298a33429c37249_VWGSGGK
2026-09-25 14:29:25,2026-09-25 14:31:09,0,100,103,1,2026-09-25 14:31:10,R_228P71R9rSiflp4,anonymous,DE,1,FL_EOS_ID,,5,6,1,2,6,3,100,Milka,1.542,1.542,5.402,1,,1,,1,,1,,1,,1,1,1,1,1,,,,,,1,,,1,,1,,1,,,,,1,1,1,1,,,,,,,,,,,,,1,,,,,,1,,,,,,,,,,2.213,54.068,57.162,19,,,,,,,,,,,,,,,,,,,,,,,,,,,,,,,,,,,4,complete,,,,AT,1___30e90f770bfbaf93a11934bfee9bcd0f_VWGSGGK
2026-09-25 14:29:04,2026-09-25 14:33:42,0,100,278,1,2026-09-25 14:33:43,R_2JEqeBsqbdjmr1b,anonymous,DE,0.6000000238418579,FL_EOS_ID,,6,6,1,8,6,3,100,"Nussini, ",4.387,4.387,127.084,1,,1,,1,,1,,,,,,1,1,1,,,,,,1,,,1,,,,,,,,,,1,,,,,,,,,,,,,1,,,,,,,,,,,,,,,,,,2.088,79.314,85.501,10,,,,,,,,,,,,,,,,,,,,,,,,,,,,,,,,,,,3,complete,,,,AT,1___f42b7209a3e11302698ac5d23b355269_VWGSGGK
2026-09-25 14:32:26,2026-09-25 14:34:47,0,100,140,1,2026-09-25 14:34:47,R_8nJ0u6E0tf95gTZ,anonymous,DE,0.800000011920929,FL_EOS_ID,,2,3,2,3,3,3,100,"kinderriegel
milka
",2.238,22.97,23.427,5,1,1,,1,1,1,,,,1,,1,1,1,1,,,,1,1,,,1,,1,1,1,,,,1,1,1,1,1,,,,,1,1,,,1,,,,,,,,1,,,,1,,,,,1,1,,4.448,57.825,58.293,53,,,,,,,,,,,,,,,,,,,,,,,,,,,,,,,,,,,4,complete,,,,AT,1___c3db36a78db14449856b7b76e17ed89e_VWGSGGK
2026-09-25 15:07:02,2026-09-25 15:09:57,0,100,175,1,2026-09-25 15:09:57,R_8yszjFsrD3TnsEF,anonymous,DE,0.10000000149011612,FL_EOS_ID,,2,2,1,1,7,5,100,"Mars, Twix, Bobby, Nussini",0.938,20.924,21.437,2,,1,,1,1,1,,1,,1,1,1,1,1,,1,,,1,1,,,1,,,,,,,,,,,,,,,,,1,,,,,,,,,,,,,,,,,,,,,,,1,1.713,32.084,32.567,34,,,,,,,,,,1,,-10,-9,-16,0,0,4,1,,,,,,,,,,"Versucht glaub ich etwas gesünder zu sein? Hatte mal wo eine Probe zum Testen in irgendso einem Geschenksackerl, die war ganz ok ",1,1,1.484,44.896,45.439,11,2,complete,,,,AT,1___4947d981a0bed4354339519cd9412733_VWGSGGK
2026-09-25 15:13:47,2026-09-25 15:17:34,0,100,226,1,2026-09-25 15:17:34,R_2h8BVt37y7H7Da1,anonymous,DE,0.800000011920929,FL_EOS_ID,,5,4,2,3,3,3,100,Ritter Sport,6.885,6.885,14.501,1,,1,,1,1,1,,,,1,1,1,1,1,,1,,,1,1,,,,,,1,1,,,,,1,1,,,,,,,,,,,,,,,,,,,,,,,,,,,,,,1,4.641,55.172,56.4,41,,,1,,,,,1,,1,,20,41,-20,,,6,0,,,,,,,,,,Kenne ich zu wenig,1,0,3.019,16.847,18.855,8,5,complete,,,,AT,1___a31ba3ac8b455b302c82c445b0c1e635_VWGSGGK
2026-09-25 15:29:03,2026-09-25 15:31:07,0,100,124,1,2026-09-25 15:31:07,R_8HzRK0ueXacvvod,anonymous,DE,1,FL_EOS_ID,,3,5,2,9,6,5,100,"kinderriegel, ferrero roche",1.017,1.017,9.177,1,,1,,1,1,1,,1,,1,1,1,1,1,,1,,,1,1,,,1,,,1,1,,,,,1,1,1,1,,,,,,1,,,,,,,,,1,,1,1,,1,,,,,,,1,,1.301,33.301,34.795,26,,1,,,,,,,,,,44,49,42,49,-1,5,5,,,,,,,,,,einer der immer da ist wenn man ihn brauchtr,4,7,1.34,14.62,15.444,3,4,complete,,,,AT,1___e4903071933cf1d76ef955bd9d2fbcf9_VWGSGGK
2026-09-25 15:31:55,2026-09-25 15:32:20,0,100,24,1,2026-09-25 15:32:20,R_2bN6R82ahVqEgzz,anonymous,DE,1,FL_38,,2,3,1,7,4,3,44,,,,,,,,,,,,,,,,,,,,,,,,,,,,,,,,,,,,,,,,,,,,,,,,,,,,,,,,,,,,,,,,,,,,,,,,,,,,,,,,,,,,,,,,,,,,,,,,,,,,,,,,,,,,complete,,,true,AT,1___9db3910f878765fd97cb9d3a6d4f08c4_VWGSGGK
2026-09-25 15:34:36,2026-09-25 15:37:34,0,100,178,1,2026-09-25 15:37:34,R_8fJnkfTEALlCkqK,anonymous,DE,1,FL_EOS_ID,,7,6,1,2,7,4,100,"Mars
Raider
",2.201,12.949,14.096,2,,1,,,1,1,,1,,,,1,1,1,,1,,,,1,,,,,1,,,,,,,,1,1,,,,,,,1,,,1,,1,1,,,,,,,,,,,,,,,,,2.4,43.982,45.11,32,,,,,,,,,,,1,,,,,,0,0,,,,,,,,,,"Gab ich noch nicht verwendet ",1,0,2.701,25.715,26.829,7,,complete,,,,AT,1___35f6da0bf97113616feb4e694afad2f0_VWGSGGK
2026-09-25 15:37:52,2026-09-25 15:39:08,0,100,75,1,2026-09-25 15:39:09,R_8orrwdHkznhnQn7,anonymous,DE,1,FL_EOS_ID,,4,2,1,2,7,3,100,"Kinder ",1.066,4.733,5.648,2,,1,,,,1,,,,1,1,,,1,,,,,,,,,1,,,,,,,,1,,,,,,,,,,,,,,,,,,,,,,,,,1,,,,,,,,3.106,30.028,34.585,19,,,,,,,,,,,,,,,,,,,,,,,,,,,,,,,,,,,3,complete,,,,AT,1___8fcd7db3493b608679a9363938598f7c_VWGSGGK
2026-09-25 15:38:14,2026-09-25 15:43:18,0,100,303,1,2026-09-25 15:43:18,R_2rZJQwpt9RHNoFb,anonymous,DE,0.800000011920929,FL_EOS_ID,,3,2,2,1,5,2,100,"Milka, Läderach, Lindt, Heindl, Merci, ",4.026,34.367,34.947,3,,1,,1,1,1,1,,,1,1,1,1,1,,1,,,1,1,,,,,,1,1,,,,1,,,,1,,,,,1,1,,,1,,,1,,,,,1,,,,,,,,,,,,4.337,71.609,72.447,32,,,,1,1,1,1,,,,,30,74,16,27,9,3,0,,,,,,,,,,Gesünder als normale Riegel,1,0,3.976,28.042,29.503,8,3,complete,,,,AT,1___f8c4163297c2829b5d7df31f82e774a1_VWGSGGK
2026-09-25 15:42:36,2026-09-25 15:43:21,0,100,45,1,2026-09-25 15:43:22,R_2G7hclJJ14295n2,anonymous,DE,0.6000000238418579,FL_38,,6,5,1,1,4,3,80,,,,,,,,,,,,,,,,,,,,,,,,,,,,,,,,,,,,,,,,,,,,,,,,,,,,,,,,,,,,,,,,,,,,,,,,,,,,,,,,,,,,,,,,,,,,,,,,,,,,,,,,,,,,complete,,,true,AT,1___aea6efb85d864bb40b0413822b6c3ccc_VWGSGGK
2026-09-25 15:49:06,2026-09-25 15:52:25,0,100,199,1,2026-09-25 15:52:26,R_2hxTdR1JcbKUlq9,anonymous,DE,0.10000000149011612,FL_EOS_ID,,4,3,1,3,4,3,100,Neoh,2.141,5.581,5.9,2,,1,,1,,1,1,1,,1,1,1,1,1,,1,,1,1,1,,,,,,,1,,,,,,,,,,,,,1,1,,,,,,,,,,,,,,,,,,,,,,1,2.929,42.401,43.276,36,,,,,,,,,,1,,20,12,,,,5,2,,,,,,,,,,Hab es als Werbung gesehen aber selber nie komsumiert,5,2,2.243,46.203,46.675,16,4,complete,,,true,AT,1___6e0fa95bf892eeb14fd9a8e0a72563df_VWGSGGK
2026-09-25 15:50:24,2026-09-25 15:52:30,0,100,126,1,2026-09-25 15:52:31,R_8tM60fJcliQKoyR,anonymous,DE,0.10000000149011612,FL_EOS_ID,,4,2,2,3,6,2,100,"Snickers, Twix, Mars, MilkyWay",2.689,2.689,29.493,1,,1,,1,1,1,,1,,1,1,1,1,1,,,,,1,1,,,,,,,,,,,1,,,,,,,,,1,1,,,,,,,1,,,,1,,,,,,,,,1,1,,2.238,50.629,51.404,34,,,,,,,,,,,,,,,,,,,,,,,,,,,,,,,,,,,3,complete,,,,AT,1___79f04d128f82206de27990a64d473f12_VWGSGGK
2026-09-25 15:50:44,2026-09-25 15:52:58,0,100,134,1,2026-09-25 15:52:58,R_81bhX2B24x7Xmo7,anonymous,DE,0.699999988079071,FL_EOS_ID,,2,4,2,9,7,5,100,"Lion, Mars",6.758,6.758,21.548,1,,,,1,,,,1,,1,1,,1,1,,,,,,1,,,,,1,,,,,,,,,1,1,,,,,,,,,,,1,,,,,,,,,1,1,,,,,,1,,1.994,63.525,64.181,40,,,,,,,,,,,,,,,,,,,,,,,,,,,,,,,,,,,4,complete,,,,AT,1___e216cd93e5f831de1834f7e4d0438745_VWGSGGK
2026-09-25 15:50:28,2026-09-25 15:53:11,0,100,162,1,2026-09-25 15:53:11,R_8e83by0323drN4h,anonymous,DE,0,FL_EOS_ID,,3,5,1,5,6,2,100,Kinder,2.928,2.928,7.711,1,,1,,1,,1,,1,,1,1,1,1,1,,,1,,,1,,,1,,1,,,,,,1,1,1,1,1,,,1,,,1,,,1,,,,,,,,1,,,,1,,,,,,,,5.512,66.477,67.503,48,,,,,,,,,,,,,,,,,,,,,,,,,,,,,,,,,,,5,complete,,,,AT,1___388c613310c74d92ca2c92bb2dd70063_VWGSGGK
2026-09-25 15:50:11,2026-09-25 15:53:42,0,100,211,1,2026-09-25 15:53:43,R_2x9pZFLaIwkPR4J,anonymous,DE,1,FL_EOS_ID,,3,2,2,5,3,2,100,"milka, corny",2.87,11.222,11.738,4,,1,1,1,1,1,,1,,1,1,1,1,1,1,1,,,1,1,,,,,,1,,,1,,1,1,1,,1,1,,,,1,,,,,,,1,,,,,1,,1,,,,,,,,,,3.637,58.656,59.852,43,1,,,1,1,1,,1,,,,46,17,-30,31,-29,5,3,,,,,,,,,,"Nicht wirklich eine Ahnung, erst 2 mal in meinem leben gegessen ",1,0,4.666,39.528,41.101,8,4,complete,,,,AT,1___0bae211235d5de7ff4fc5a92c908ecb8_VWGSGGK
2026-09-25 15:50:08,2026-09-25 15:54:20,0,100,252,1,2026-09-25 15:54:21,R_2bNO2UXir4R7wzY,anonymous,DE,1,FL_EOS_ID,,5,3,2,1,5,3,100,"Duplo, Kinder, Neoh",3.085,3.085,14.925,1,1,1,,1,1,1,1,1,,1,1,1,1,1,1,1,,,1,1,,,1,,1,,1,1,,,1,1,1,,,,1,,,,,,,,,,,,1,,,1,,1,,,,1,,,,,,3.195,61.696,62.35,43,,1,,,,,,1,,,,70,82,-21,63,6,8,7,,,,,,,,,,"Teuer, aber gut",6,6,14.231,34.284,35.858,13,5,complete,,,,AT,1___767c430f35bcc6cc50f47cb51c7c35b9_VWGSGGK
2026-09-25 15:50:44,2026-09-25 15:54:42,0,100,237,1,2026-09-25 15:54:42,R_8at94zi4tFPbgU9,anonymous,DE,0.10000000149011612,FL_EOS_ID,,4,2,1,2,7,3,100,"ESN Protein Riegel, Snickers, Mars, Twix, Knoppers, Neoh",1.491,33.733,35.468,2,,,,1,1,1,,,,1,1,1,1,1,,1,,,1,1,,,,,,,,,,,,,,,,1,,,,,,,,,,,,,,,,,,,,,1,1,,,1,1,,4.612,39.1,39.6,34,,,,1,1,1,,,,,,71,46,-29,23,0,7,5,,,,,,,,,,Low Carb Schockoriegel,4,1,2.524,29.838,30.2,15,5,complete,,,,AT,1___736ff85bb0d8c16fa7c902ba422b1f45_VWGSGGK
2026-09-25 15:52:36,2026-09-25 15:55:05,0,100,149,1,2026-09-25 15:55:05,R_8RdYPkBcCSZYEEQ,anonymous,DE,1,FL_EOS_ID,,4,5,2,5,2,1,100,Müsli riegel,3.201,3.201,19.13,1,,1,,,,,,,,,,,,1,,,1,,,,,,,,,,,,,,,,,1,1,,,,,,,,,,,1,,,,,,,,,1,,,,,,,,,10.332,46.764,47.661,14,,,,,,,,,,,,,,,,,,,,,,,,,,,,,,,,,,,3,complete,,,,AT,1___03c16bcd90bb7675a3953b7f624a7748_VWGSGGK
2026-09-25 15:52:50,2026-09-25 15:55:08,0,100,138,1,2026-09-25 15:55:09,R_8gRZeoolBz9UHEr,anonymous,DE,1,FL_EOS_ID,,4,5,2,7,7,7,100,"Mars, Bounty, Duplo",2.982,2.982,32.895,1,,1,,1,1,,,,,1,1,1,1,1,,,,,1,1,,,1,,1,,,,,,1,1,1,1,1,,,,,,,,,1,,1,,,,,,1,,1,1,,,,,,,,,3.247,49.768,50.434,43,,,,,,,,,,,,,,,,,,,,,,,,,,,,,,,,,,,5,complete,,,,AT,1___324cdac5b6ed374b4b6d8c1dd49c37a7_VWGSGGK
2026-09-25 15:51:05,2026-09-25 15:55:40,0,100,275,1,2026-09-25 15:55:41,R_8ogUdsPn0yqdT9t,anonymous,DE,0.6000000238418579,FL_EOS_ID,,3,3,1,8,6,3,100,"Neoh, Snickers, Bounty, Mars, Twix, ",2.122,2.122,51.28,1,,1,,1,1,1,1,1,,1,1,1,1,1,,1,,,1,1,,,,,,,,,,,,,,,,,,,,,,1,,,,,,,,,,,,,,,,1,,,,,,4.043,42.233,42.985,41,,,,,,1,,,,,,77,69,72,77,0,8,2,,,,,,,,,,Zuckerreduzierte Alternative zu herkömmlichen Schokoriegeln,1,8,2.187,30.603,31.28,10,5,complete,,,,AT,1___15083b83ec1c10417917487694b13309_VWGSGGK
2026-09-25 15:51:24,2026-09-25 15:55:41,0,100,256,1,2026-09-25 15:55:41,R_22XxZvCko0Vj70n,anonymous,DE,0,FL_EOS_ID,,6,3,1,8,4,2,100,"Milka, Kinder, knopers, corny, ",2.783,2.783,35.018,1,1,1,,1,1,1,1,1,,1,1,1,1,1,1,1,,,1,1,,,1,,,1,,,,,1,,1,,1,1,,,,,,,,,,,,,,,,1,,,,,,,,,,,,1.868,61.162,61.989,39,1,,,1,,,,,,,,1,0,-50,13,-1,5,4,,,,,,,,,,Zuckerfrei,5,2,2.392,17.034,19.064,8,5,complete,,,,AT,1___f67c273064cc9ae523089785b5c9b445_VWGSGGK
2026-09-25 15:52:33,2026-09-25 15:55:58,0,100,204,1,2026-09-25 15:55:58,R_8ALGQzEY1BCULqt,anonymous,DE,1,FL_EOS_ID,,5,6,1,1,4,5,100,"Mars, bounty, ",3.728,37.927,38.385,4,,1,,1,,1,,1,,1,1,1,1,1,,,,,,1,,,,,,,1,,,,1,1,,1,1,,,,,,,,,,,1,,1,,1,,1,1,1,1,1,,,,,,1,,4.469,92.95,94.452,65,,,,,,,,,,,,,,,,,,,,,,,,,,,,,,,,,,,1,complete,,,,AT,1___69b389fd50b05409eaf65f30bc48c40e_VWGSGGK
2026-09-25 15:52:46,2026-09-25 15:56:03,0,100,197,1,2026-09-25 15:56:04,R_8SHumrDWeldCIEG,anonymous,DE,0.8999999761581421,FL_EOS_ID,,5,5,1,1,6,5,100,Lion,1.832,1.832,6.848,1,,1,,1,1,1,,1,,1,1,1,1,1,,1,,,1,1,,,1,,,,1,,,,1,,,,,,,,,,,,,,,,,,,,,,,,,,,,,,,,1,3.617,51.668,53.461,19,,,,,,,,1,,,,-40,0,-40,-80,0,1,0,,,,,,,,,,Teurer Riegel der gesund wirken soll. Protein. Geschmack nicht meins,1,5,3.336,39.815,40.786,5,4,complete,,,,AT,1___47d1044ad8710f36fc661a9b2fca94c5_VWGSGGK
2026-09-25 15:51:41,2026-09-25 15:56:08,0,100,266,1,2026-09-25 15:56:08,R_2Nz9laaIP6eJQEP,anonymous,DE,0.800000011920929,FL_EOS_ID,,3,2,2,6,1,1,100,"Kinder

",2.259,2.259,16.926,1,,1,,1,1,1,,1,,1,1,1,1,1,1,1,,,1,1,,,,,,,,,,,1,,,1,,1,1,,,,,,,,,,,,,,,1,,,,,1,,,,,,,2.669,54.464,55.354,39,,,,,,1,1,,,,,70,90,20,0,0,4,1,1,,,,,,,,,"Cooles Packeging, lecker, schaut sehr vertrauenswürdig aus",1,0,2.04,39.082,41.178,8,4,complete,,,,AT,1___896dd6540652f74cb6a13e21d000fe37_VWGSGGK
2026-09-25 15:54:15,2026-09-25 15:56:56,0,100,160,1,2026-09-25 15:56:56,R_8p094w1Y74KuOeX,anonymous,DE,1,FL_EOS_ID,,4,5,2,1,2,2,100,"Lindt,Milka",2.947,12.924,13.45,2,,,,1,1,1,,1,,1,1,1,1,1,,,,,,1,,,,,,,1,,1,,,,,1,1,,,,,,,,,,,,,1,,,,,,,1,,,,,,,1,,5.299,70.815,71.482,38,,,,,,,,,,,,,,,,,,,,,,,,,,,,,,,,,,,5,complete,,,,AT,1___1e769d9176121df7006cb9afe86bdb1e_VWGSGGK
2026-09-25 15:50:10,2026-09-25 15:57:01,0,100,411,1,2026-09-25 15:57:02,R_8SqvmKOT4Zqoeci,anonymous,DE,0.800000011920929,FL_EOS_ID,,5,5,1,1,4,2,100,"Mars, Snickers, Milky way, Twix, Bounty, Nusini",6.848,6.848,108.801,1,,1,,1,1,1,,1,,1,1,1,1,1,,,,,1,,,,1,,1,,1,,1,,1,1,1,1,1,,,,,,1,,,,,1,,1,,1,,1,1,1,1,1,,,,,,1,,19.254,166.846,171.066,39,,,,,,,,,,,,,,,,,,,,,,,,,,,,,,,,,,,1,complete,,,,AT,1___467fc735bd09f2e903072abe75240308_VWGSGGK
2026-09-25 15:51:00,2026-09-25 15:57:02,0,100,361,1,2026-09-25 15:57:02,R_8TGo5HYtS19MbiU,anonymous,DE,1,FL_EOS_ID,,3,3,1,5,6,5,100,"Mars, Kinder Riegel, Kinder Bueno, Bounty, Snickers, Milky Way, Reese's, ... ",1.502,89.218,91.671,6,,1,,1,1,1,,1,,1,1,1,1,1,,1,,,1,1,,,,,,1,,,,,1,1,1,1,1,,,,,,1,,,,,,,,,,,1,,,1,1,,,,,,,,4.994,83.321,84.246,47,,,,,,,,1,1,,,21,20,-20,0,0,7,0,,,,,,,,,,"Neue Marke über die ich schon positives gehört habe, sollte man mal probieren. ",3,6,2.817,27.544,28.167,14,5,complete,,,true,AT,1___e8d0d4fafe7679350711e52b92212b4a_VWGSGGK
2026-09-25 15:54:23,2026-09-25 15:57:06,0,100,162,1,2026-09-25 15:57:06,R_2UgbLs2iTiE0vAV,anonymous,DE,0.699999988079071,FL_EOS_ID,,2,2,2,8,1,1,100,"Milka, Kinder, Lindt, ",1.744,1.744,20.001,1,,1,,1,1,,,,,1,1,1,1,1,,1,,,1,1,,,,,,,,,,,1,1,,,,,,,,1,1,,,,,,,,,,,1,1,,,,,,,,,1,,1.223,53.716,54.984,41,,,,,,1,,,,,,,15,,,23,5,0,,,,,,,,,,,1,1,2.367,13.269,13.276,8,2,complete,,,,AT,1___c658d360d4ebc13bed7c270eb598a5b7_VWGSGGK
2026-09-25 15:53:53,2026-09-25 15:57:17,0,100,203,1,2026-09-25 15:57:17,R_8wS6JuiJI2z1QpM,anonymous,DE,1,FL_EOS_ID,,4,4,2,1,6,5,100,"Tonys, Mars, Bounty, more",1.67,11.679,22.702,3,,1,,1,1,1,,1,,1,1,1,1,1,1,1,,,1,1,,,,,,,,,,,,1,,,,1,,,,,,,,,,,,,,,,,1,,,,,,,,,,,4.452,46.188,46.869,34,,,,,,,,1,,,,45,53,-25,40,20,6,6,,,,,,,,,,"Ich glaube Zuckerfrei. Bin mir nur nicht sicher welcher Süßstoff hier verwendet wird. ",3,6,2.108,57.905,58.779,13,3,complete,,,,AT,1___dbe5d2f0245f67c88e9d7a060d99160b_VWGSGGK
2026-09-25 15:56:48,2026-09-25 15:57:22,0,100,33,1,2026-09-25 15:57:22,R_8of3jQQ3t2ofyr7,anonymous,DE,1,FL_38,,3,5,2,8,3,3,40,,,,,,,,,,,,,,,,,,,,,,,,,,,,,,,,,,,,,,,,,,,,,,,,,,,,,,,,,,,,,,,,,,,,,,,,,,,,,,,,,,,,,,,,,,,,,,,,,,,,,,,,,,,,complete,,,,AT,1___26abc9daf2dde1aec5ae3a48272db169_VWGSGGK
2026-09-25 15:54:39,2026-09-25 15:57:45,0,100,186,1,2026-09-25 15:57:46,R_8HWzcXoFHHa8f0B,anonymous,DE,0.30000001192092896,FL_EOS_ID,,2,2,1,1,4,3,100,"Kinder snickers mars kitkat boundy milka ",2.223,2.223,30.996,1,,,,1,,1,,1,,1,1,1,1,1,1,1,,,1,1,,,,,,,1,,1,,1,1,,,,,,,,1,,,,,,,,,,1,,1,1,,,,,,,,1,1,,2.781,48.634,49.966,62,,,,,,,,1,,,,0,0,-20,0,0,5,0,,,,,,,,,,Eine schokoriegelmarke,1,0,1.476,12.658,13.053,8,5,complete,,,,AT,1___c2faf6a9b199167484c5711e6df524d7_VWGSGGK
2026-09-25 15:55:20,2026-09-25 15:58:03,0,100,163,1,2026-09-25 15:58:03,R_8NP7YXNqrUlCAmd,anonymous,DE,1,FL_EOS_ID,,3,2,1,6,2,4,100,Mars Twix Snickers Bounty,1.5,1.5,17.599,1,,1,,1,1,1,,1,,1,1,1,1,1,,1,,,1,1,,,,,1,,,,1,,,1,1,,,,,,,,1,,,,,,,,,,,,,,,,,,,,,1,,1.364,51.121,52.261,57,,,,,1,,,,,,,39,10,-31,-25,0,3,0,,,,,,,,,,Teuer,1,0,2.213,10.654,11.904,7,3,complete,,,true,AT,1___6d00b161ca98775fc2d57a6b5cfa61b8_VWGSGGK
2026-09-25 15:56:35,2026-09-25 15:59:08,0,100,153,1,2026-09-25 15:59:08,R_2HHpn3vyfHQhjLz,anonymous,DE,0.8999999761581421,FL_EOS_ID,,4,6,2,1,2,2,100,"Mars,  Twix,  Milka",2.074,2.074,49.385,1,,1,,,1,1,,1,,1,1,1,1,1,,,,,1,1,,,1,,,,1,,,,1,,,1,,,,,,,1,,,,,,,,,,,,,,,,,,,,,,1,3.167,47.769,48.454,30,,,,,,,,,,,,,,,,,,,,,,,,,,,,,,,,,,,5,complete,,,true,AT,1___a7fb505fa697164d81650a66583358a9_VWGSGGK
2026-09-25 15:57:53,2026-09-25 15:59:17,0,100,84,1,2026-09-25 15:59:18,R_2qXS7B8lhBK4gXT,anonymous,DE,0.10000000149011612,FL_EOS_ID,,4,3,1,1,5,5,100,"Bueno ",1.501,1.501,5.474,1,,1,,,1,1,,1,,1,1,,1,1,,,,,1,1,,,,,,,1,,1,,1,1,1,,1,,,,,,,,,,,,,,,,,,,,,,,,,,1,,,5.265,39.284,40.183,25,,,,,,,,,,,,,,,,,,,,,,,,,,,,,,,,,,,1,complete,,,,AT,1___eea40085435f3ab8c6fbbf52a55e6e48_VWGSGGK
2026-09-25 15:57:12,2026-09-25 16:00:29,0,100,197,1,2026-09-25 16:00:29,R_81vtP3YC49tnNBv,anonymous,DE,0.10000000149011612,FL_EOS_ID,,2,2,2,5,7,1,100,"Kinderschokolade, mars, twixx",2.488,2.488,18.463,1,,1,,1,,1,,1,,1,1,1,1,1,1,,,,1,1,,,,,1,,1,,1,,,1,1,,,,,,,1,,,,,,,,,,,,,,1,,,,,,,,,,3.702,53.927,55.259,32,,,,,,,,,,,,,,,,,,,,,,,,,,,,,,,,,,,3,complete,,,true,AT,1___2ecbbc15eb33ce39e6896fff4c48a877_VWGSGGK
2026-09-25 15:55:50,2026-09-25 16:00:39,0,100,288,1,2026-09-25 16:00:39,R_8h9nQTOULXkuslL,anonymous,DE,0.10000000149011612,FL_EOS_ID,,4,4,1,9,6,2,100,"Kinder, Mars, Twix, Snickers, Nuts, Barebells, Ahead, ESN ",3.645,42.264,42.893,2,1,1,,1,1,1,1,1,,1,1,1,1,1,1,1,1,,1,1,,1,,,,,,1,,,,,,,,1,1,,,,,,1,,,,,,,,,,,,,,1,,,,,,,4.187,56.021,56.528,37,,,,1,,,,1,,,,100,100,-40,79,0,10,8,1,,,,,1,,,,"Zuckerarm und geschmacklich sehr gut
",7,9,3.844,30.666,31.398,15,5,complete,,,,AT,1___494c95e8368c96382685fcb1860b83bd_VWGSGGK
2026-09-25 15:57:14,2026-09-25 16:01:15,0,100,240,1,2026-09-25 16:01:15,R_21FzOWP8jmH9GdL,anonymous,DE,1,FL_EOS_ID,,4,3,1,2,5,4,100,Knopers Pick Up hanuta Milka duplo,0.897,17.151,18.243,3,,1,,1,1,1,,1,,1,1,1,1,,1,1,,,1,1,,,,,,,1,,1,,1,1,1,,,,,,,,,,,,,,,1,,,,,1,1,,,,,,,,,,2.008,28.76,29.365,35,,,,,,,,1,,1,,23,44,-40,-22,,5,0,,,,,,,,,,Zuckerfreie Riegel kommt ganz auf das Produkt an die schnitten gut die Schokoriegel ekelhaft,2,3,2.702,31.974,32.3,9,5,complete,,,true,AT,1___66fddfd75886c641c58418e01a7f3757_VWGSGGK
2026-09-25 15:58:06,2026-09-25 16:01:25,0,100,199,1,2026-09-25 16:01:25,R_2MG4yw1kIuYpijy,anonymous,DE,0.10000000149011612,FL_EOS_ID,,4,2,1,3,4,2,100,"Barebells, Snickers, Mars, Balisto",4.979,4.979,19.105,1,,1,,1,1,1,,1,,1,1,1,1,1,1,1,,,1,1,,,1,,1,1,,,,,,,,,,1,,,,1,1,,,,,,,,,,,,,,,,,,,,1,,,4.238,45.719,48.273,30,,,,,,,,1,,,,0,84,-39,-28,0,4,0,,,,,,,,,,"teuer, schmeckt nicht",1,0,3.509,19.147,19.619,10,5,complete,,,,AT,1___91314aec3c4eb105ad916b5f1dc7c986_VWGSGGK
2026-09-25 15:59:44,2026-09-25 16:02:07,0,100,142,1,2026-09-25 16:02:07,R_8OAHBEFhuvelB6C,anonymous,DE,0.8999999761581421,FL_EOS_ID,,1,3,1,1,3,5,100,"Mars, Twitter, Casali",2.261,13.692,40.939,3,,1,,1,,1,,1,,1,,1,1,1,,,,,,,,,1,,,,1,,,,,,1,,1,,,,,,,,,,,1,,,1,1,,,,,,1,,,,,1,,,6.383,46.965,47.904,46,,,,,,,,,,,,,,,,,,,,,,,,,,,,,,,,,,,3,complete,,,,AT,1___15c3ffb46b03ed94a616e3b6b56d0846_VWGSGGK
2026-09-25 16:01:04,2026-09-25 16:02:55,0,100,110,1,2026-09-25 16:02:55,R_84wsgARkn0xnooB,anonymous,DE,0.10000000149011612,FL_EOS_ID,,3,4,1,1,6,5,100,"Kinderschokolade ",1.1,8.644,9.129,2,,1,1,1,1,,,1,,1,1,,1,1,,,1,,1,1,,,1,,,1,,,1,,1,1,1,,1,,,,,1,1,,,1,,,1,,,,,1,1,1,,,,,,,,,,4.902,53.158,53.6,66,,,,,,,,,,,,,,,,,,,,,,,,,,,,,,,,,,,3,complete,,,,AT,1___a19ff846234bedd6897a6bbfc3b1234f_VWGSGGK
2026-09-25 16:03:08,2026-09-25 16:04:20,0,100,71,1,2026-09-25 16:04:21,R_2WHbg6L7wFgA5EU,anonymous,DE,1,FL_EOS_ID,,5,3,1,8,6,2,100,"keine, esse keine Schokolade ",1.791,1.791,8.832,1,,,,1,,1,,1,,1,1,1,1,1,,,,,,1,,,,,,,,,,,,,,,,,,,,,,1,,,,,,,,,,,,,,,,,,,,,1,3.094,22.685,23.359,11,,,,,,,,,,,,,,,,,,,,,,,,,,,,,,,,,,,1,complete,,,,AT,1___daa5556e6079f361601bc4b0b8cdbd07_VWGSGGK
2026-09-25 15:57:04,2026-09-25 16:04:44,0,100,459,1,2026-09-25 16:04:44,R_2OU5xvFA8gEVrOl,anonymous,DE,0.10000000149011612,FL_EOS_ID,,5,5,2,1,2,2,100,"Mars,Snickers,Balisto,Nestle,Corny",7.13,107.643,116.593,4,1,1,,1,1,1,1,1,,1,1,1,1,1,1,1,1,,1,1,,1,1,,1,1,,,,,,,,1,,,1,1,,,,,1,1,,,,,,,,,,,,,1,,,,,,,4.309,93.106,95.097,53,,,,,,,,1,,,,1,1,4,1,6,1,0,1,,,,,,1,,,zu teuer,1,0,6.455,26.533,27.316,12,4,complete,,,true,AT,1___5810828668832a546d507cf487e2c936_VWGSGGK
2026-09-25 15:59:44,2026-09-25 16:04:48,0,100,303,1,2026-09-25 16:04:48,R_8r8HTv0s9zcefYL,anonymous,DE,1,FL_EOS_ID,,6,2,1,1,2,3,100,"neoh, milka, kinder schoko",2.263,17.047,17.427,2,,1,,1,1,1,,1,,1,1,1,1,1,1,1,,,1,1,,,1,,1,1,1,,1,,1,1,1,1,1,,1,,,1,1,,,,,,,,,,,,,,,,,,,,,,1,4.203,78.799,79.101,54,,,,,,,,1,,,,0,0,-13,0,0,5,0,,,,,,,,,1,"gar nicht ",1,0,3.402,20.856,21.628,11,4,complete,,,,AT,1___9f47517d4a8d1e004cd3c4b740ce8133_VWGSGGK
2026-09-25 15:58:39,2026-09-25 16:04:50,0,100,371,1,2026-09-25 16:04:51,R_2H0l9hjk1pVCb9E,anonymous,DE,1,FL_EOS_ID,,3,4,1,8,3,2,100,"Mars,bounty,twix,milky way,lion,kinder riegel",5.801,65.369,66.477,2,,1,,1,1,1,,1,,1,1,1,1,1,,1,,,1,1,,,1,,,,1,,1,,,1,1,,,,,,,,,,,,,,,,,1,,,1,1,,1,,,,,,,,7.5,88.832,110.888,41,,,,,,,,1,,,,1,62,-32,0,-1,5,5,,,,,,,,,,Noch nie gegessen,5,5,13.601,39.434,40.164,13,3,complete,,,,AT,1___a68cdcc44d4e8dcb31068744eedf8eb6_VWGSGGK
2026-09-25 16:03:56,2026-09-25 16:04:54,0,100,57,1,2026-09-25 16:04:54,R_2KCuB1g5Ka4UHM2,anonymous,DE,0.10000000149011612,FL_EOS_ID,,4,2,2,2,3,4,100,Kinder,0.797,0.797,3.02,1,,,,,1,,,1,,1,,1,,,,,,,,,,,,,,,,,,,,,,,,,,,,1,,,,,,,,,,,,,,1,,,,,,,,,,2.2,18.455,19.253,11,,,,,,,,,,,,,,,,,,,,,,,,,,,,,,,,,,,5,complete,,,,AT,1___c3b5562118f40a9b18124e7b720e8a63_VWGSGGK
2026-09-25 16:03:52,2026-09-25 16:05:02,0,100,69,1,2026-09-25 16:05:02,R_2OjBpwsYe5ud4yc,anonymous,DE,1,FL_EOS_ID,,4,5,2,2,7,3,100,Eigenmarken,1.205,1.205,6.99,1,,1,,1,,1,,1,,1,,1,,1,,,,,,,,,,,,,,,,,,,,,,,,,,,,1,,,,,,,,,,,,,,,,,,,,,1,3.45,27.939,29.426,9,,,,,,,,,,,,,,,,,,,,,,,,,,,,,,,,,,,1,complete,,,,AT,1___a8c21ee49f32665c4fa52ad2d7f32835_VWGSGGK
2026-09-25 16:03:12,2026-09-25 16:06:37,0,100,204,1,2026-09-25 16:06:37,R_2I1jIUiI6AAkDyF,anonymous,DE,1,FL_EOS_ID,,4,6,2,7,4,2,100,"Milka, loacker, bahlsen, kinder, clever",1.201,30.543,31.444,2,,1,,1,1,1,,1,,1,1,1,1,1,,1,,,1,1,,,1,,,,,,,,1,1,1,1,,,,,,,1,,,1,,,,,,,,1,1,,,,,,,,,1,,6.021,55.776,58.85,39,,,,,1,,,,,,,63,78,68,100,-100,8,5,,,,,,,,,,Lecker,4,5,2.001,26.581,27.865,12,4,complete,,,,AT,1___28d9850762a4bee54d9a4e9370e7453a_VWGSGGK
2026-09-25 15:58:44,2026-09-25 16:06:59,0,100,495,1,2026-09-25 16:07:00,R_2IsoD8CBTYtcha9,anonymous,DE,0.10000000149011612,FL_EOS_ID,,5,3,2,8,4,3,100,"Mars, Twix, Snickers, Bounty, Kinder Riegel, Pick Up, Kit Kat, Kinder Country, Milka Tender",2.18,2.18,162.618,1,,1,,1,1,1,,1,,1,1,1,1,1,1,1,,1,1,1,,,,,,,,,1,,1,1,1,,1,,,,,1,,,,,,,,,,,,1,,1,1,1,,,,,,,,6.229,95.268,96.677,42,,,,,,,,,,,1,21,0,0,0,0,5,0,,,,,,,,,,"Schokoriegel ohne Zucker, dafür mit anderen Süßungsmitteln",1,0,2.78,39.361,40.3,10,3,complete,,,,AT,1___0a90d7132dfc16952bc6127b3761c283_VWGSGGK
2026-09-25 16:05:07,2026-09-25 16:09:02,0,100,235,1,2026-09-25 16:09:03,R_8MA4wHAAxRasDuS,anonymous,DE,1,FL_EOS_ID,,4,3,1,4,4,3,100,"Kinderschokolade, Twix, Mars, Lion, Snickers",1.526,27.679,32.202,2,1,1,,1,1,1,,1,,1,1,1,1,1,1,1,,1,1,1,,,1,,1,1,1,,1,,1,1,1,1,1,1,,,,1,1,,,1,,,1,,,,,1,,,1,,1,,,,,1,,2.843,76.363,76.891,64,,1,,,,,,,,,,1,42,-31,41,-1,7,2,,,,,,,,,,"Schokoriegel, zuckerfrei",4,5,1.945,22.696,23.475,14,3,complete,,,true,AT,1___474d467ff19872f4c165d037d8a6753f_VWGSGGK
2026-09-25 16:04:50,2026-09-25 16:10:02,0,100,311,1,2026-09-25 16:10:02,R_8eEHHc0nD2fmkVo,anonymous,DE,1,FL_EOS_ID,,3,6,1,2,4,2,100,"Koffeekrisp, Kitkat, Milka, Mars, Snickers, Bounty,

",2.841,74.207,74.94,5,,,,1,,1,,,,1,1,1,1,1,,1,,,,1,,,,,,,1,,,,1,,1,1,1,,,,,,,,,,,,,,,,,1,,1,1,1,,,,,,1,,4.665,50.753,51.442,35,,,,,,,,1,,,,22,28,17,26,,7,5,,,,,,,,,,,2,1,5.883,17.158,17.164,9,3,complete,,,,AT,1___64fde36fa4a5bc90490ebc054925fc02_VWGSGGK
2026-09-25 16:08:56,2026-09-25 16:10:16,0,100,80,1,2026-09-25 16:10:17,R_8SIkWfVVAWi3Tov,anonymous,DE,0.8999999761581421,FL_EOS_ID,,6,4,1,1,3,6,100,mars,2.418,2.418,6.43,1,,1,,1,,1,,,,1,,1,1,1,,,,,1,,,,,,,,,,,,,,1,1,1,,,,,,,,,,,,,,,,,,,,,,,,,,,,1,3.788,29.203,29.879,12,,,,,,,,,,,,,,,,,,,,,,,,,,,,,,,,,,,2,complete,,,true,AT,1___e5d18390a0d78f3e5f68534c2e8e8330_VWGSGGK
2026-09-25 16:07:39,2026-09-25 16:11:28,0,100,229,1,2026-09-25 16:11:29,R_8lU6FeNZJosPPsB,anonymous,DE,1,FL_EOS_ID,,4,4,2,8,3,4,100,"Milka oreo suchard kinder ",1.373,38.146,48.723,2,1,1,,1,1,1,1,1,,1,1,1,1,1,1,1,,1,1,1,,1,,,,1,,,,,,,1,,,1,1,,,,,,1,,,,,,,,,,,,,,,1,,,,,,1.38,63.706,64.001,88,,,,,,,,1,,,,,11,-15,-10,0,4,0,,,,,,,,,,Pappig,1,0,1.338,15.909,17.037,14,2,complete,,,,AT,1___a136867a5f6c63573efe3c34c3c41413_VWGSGGK
2026-09-25 16:10:14,2026-09-25 16:12:21,0,100,127,1,2026-09-25 16:12:22,R_21qCHnUJWEhZvwZ,anonymous,DE,0.30000001192092896,FL_EOS_ID,,5,6,2,1,6,2,100,"Billa, Spar",4.934,4.934,19.349,1,,,,1,,1,,,,1,,1,1,,,,,,,1,,,,,,,,,,,,,1,,1,,,,,,,,,,,,,,,,,,,,,,,,,,,,1,8.052,49.191,50.101,9,,,,,,,,,,,,,,,,,,,,,,,,,,,,,,,,,,,5,complete,,,,AT,1___ea0ad83b4e89bf285f1ae475af45cd12_VWGSGGK
2026-09-25 16:09:58,2026-09-25 16:13:26,0,100,208,1,2026-09-25 16:13:27,R_8sbG3ZTEXobsV41,anonymous,DE,0.8999999761581421,FL_EOS_ID,,3,3,1,1,6,5,100,"Knoppers, Milka, Mars, Twix, Ballisto, MilkyWay, Galaxy",0.972,0.972,27.903,1,,1,,1,1,1,,1,,1,1,1,1,1,,1,,,1,1,,,,,1,,,,,,,,,1,,,,,,,1,,,,,1,,,,,,,,,1,,,,,,,1,,5.284,52.884,53.901,19,,,1,1,,,,1,,,,-60,-40,-1,10,-1,4,4,,,,,,,,,,"Sehr süß, irgendwie künstlich leider",3,2,1.146,23.418,23.783,5,5,complete,,,,AT,1___cbee33d5f2e9dcef4990e34c97cc353a_VWGSGGK
2026-09-25 16:09:49,2026-09-25 16:13:29,0,100,219,1,2026-09-25 16:13:29,R_8cAv5wtp1aDX8L7,anonymous,DE,1,FL_EOS_ID,,4,5,1,2,3,2,100,"Mars, Milka, Nuts",1.397,1.397,16.841,1,,1,,1,1,1,,1,,1,1,1,1,1,,1,,,1,1,,,1,,1,,1,,1,,,1,1,1,1,,,,,1,1,,,,,1,,,,,,,,,1,,,,,,1,1,,2.092,58.674,59.827,31,,1,,,,,,1,,,,-21,16,-50,25,0,6,1,,,,,,,,,,Ein Schokoriegel der noch nicht lange im Markt erhältlich ist und sich erst etablieren muss.,2,2,1.701,39.375,40.66,4,5,complete,,,,AT,1___1198ff3f3624376b33545430f7f3183a_VWGSGGK
2026-09-25 16:10:48,2026-09-25 16:13:37,0,100,169,1,2026-09-25 16:13:37,R_8A58QLzY87iO7V7,anonymous,DE,1,FL_EOS_ID,,2,5,2,1,5,3,100,"Kinder, Duplo, Manner, Jumbo",2.767,2.767,58.064,1,,1,,1,,1,,1,,1,1,1,1,1,,,,,,1,,,,,1,,1,,,,1,1,1,1,1,,,,,,1,,,,,1,,,,,,1,,,,1,,,,,,1,,4.346,53.581,54.793,35,,,,,,,,,,,,,,,,,,,,,,,,,,,,,,,,,,,5,complete,,,,AT,1___e13b93de57b1500591676b18fd2d50a4_VWGSGGK
2026-09-25 16:04:53,2026-09-25 16:14:06,0,100,553,1,2026-09-25 16:14:07,R_2ktwCfMREDzEEOG,anonymous,DE,0,FL_EOS_ID,,3,3,2,3,4,3,100,"Mars, Twix,  Snickers",3.119,68.956,69.65,2,,1,,,1,1,,1,,1,1,1,1,1,,1,,,1,1,,,,,,,,,,,1,,,,1,,,,,,1,,,,,,,,,,,1,,,1,,,,,,1,1,,3.157,225.273,225.982,57,,,,,,,,,,,1,63,0,0,35,31,7,1,,,,,,,,,,Schokolade ohne Zusatzzucker,2,7,2.78,27.214,28.057,14,3,complete,,,,AT,1___e85da5d390090343c1683fb8c3699448_VWGSGGK
2026-09-25 16:12:35,2026-09-25 16:15:15,0,100,159,1,2026-09-25 16:15:16,R_2BbciLUgCC5ARIR,anonymous,DE,1,FL_EOS_ID,,3,5,2,2,2,3,100,Milka,4.701,17.739,18.137,2,,,,,,,,,,,,,,,,,,,,1,,,,,,,,,,,,,,,,,,,,,1,,,,,,,,,,,,,,,1,,,,,,1,,20.723,55.163000000000004,55.882000000000005,23,,,,,,,,,,,,,,,,,,,,,,,,,,,,,,,,,,,5,complete,,,true,AT,1___9dabc0e6bcbfae3230dcaf62db0931be_VWGSGGK
2026-09-25 16:08:48,2026-09-25 16:15:58,0,100,429,1,2026-09-25 16:15:58,R_8N52JEztzxpii9b,anonymous,DE,0.10000000149011612,FL_EOS_ID,,4,5,1,8,6,5,100,"Milka, balisto, knoppers ",4.35,4.35,67.002,1,,1,,1,1,1,,1,,1,1,1,1,1,,1,,,1,1,,,,,,1,1,,,,,1,1,,1,,1,,,,1,,,1,,,,,,,,,,1,,,,,,,,1,,2.931,75.142,75.672,48,,,,,,,,,,,1,82,84,62,93,24,10,8,1,,1,,,1,,,,Ein innovativer lecker Riegel,6,5,7.433,41.121,41.974,11,4,complete,,,,AT,1___7ff29336b8f7cbaccd18c5985ff5eb73_VWGSGGK
2026-09-25 16:16:46,2026-09-25 16:17:53,0,100,67,1,2026-09-25 16:17:54,R_8DDFknvEtasCJup,anonymous,DE,0.10000000149011612,FL_EOS_ID,,1,4,1,4,5,6,100,Kinder lind,2.1,8.965,9.8,2,,1,,1,,,,1,,,,,,1,,,,,,,,,,,1,1,,,,,,1,,,,,,,,,,,,,,1,,,,1,,,1,,,,,,,,,,,1.9,20.232,21.038,19,,,,,,,,,,,,,,,,,,,,,,,,,,,,,,,,,,,3,complete,,,,AT,1___5859ac8be99d451aea10c1cde54dcd37_VWGSGGK
2026-09-25 16:19:27,2026-09-25 16:20:43,0,100,76,1,2026-09-25 16:20:44,R_2uKbuzrR2uF5D6F,anonymous,DE,1,FL_EOS_ID,,4,2,1,1,2,3,100,Kinder,0.973,3.895,4.31,3,,1,,1,1,,,,,1,1,1,1,1,,,,,1,1,,,1,,,1,,,,,1,,,,,,,,,,,,,1,,,,,,,,1,,,,,,,,,,,,3.667,38.672,39.169,35,,,,,,,,,,,,,,,,,,,,,,,,,,,,,,,,,,,3,complete,,,true,AT,1___5d74b988fa56f53d8632d7cd12c4d8ea_VWGSGGK
2026-09-25 16:18:13,2026-09-25 16:22:40,0,100,267,1,2026-09-25 16:22:41,R_8o5MH2pqcpVcKko,anonymous,DE,0.10000000149011612,FL_EOS_ID,,5,2,2,3,6,5,100,"Kinder, Duplo, Mars, Snickers, Twix, Bounty, Celebrations, Dove, ",2.171,42.799,43.354,2,,1,,1,1,1,,1,,1,1,1,1,1,1,1,,,1,1,,,,,1,1,,,1,,1,1,1,,1,,,,,,,,,,,,,,,,,,,,,1,,,,,,,,2.561,67.882,69.518,44,,,,,,,,1,,,,0,40,-7,36,,8,0,,,,,,,,,,Schokoriegel mit Knusper drinnen,1,0,1.816,20.21,21.29,13,4,complete,,,,AT,1___a0d4a1465422970721120e7b92457727_VWGSGGK
2026-09-25 16:21:38,2026-09-25 16:25:17,0,100,218,1,2026-09-25 16:25:18,R_8IaR5CtsCTFURkw,anonymous,DE,1,FL_EOS_ID,,5,6,1,9,7,2,100,"Milka ",5.377,5.377,11.738,1,,1,,1,1,1,,1,,1,1,1,1,1,1,1,,,1,1,,,,,1,,,,,,,,,,,,,,,,,,,,,,,,,,,,,,1,,,,,,,1,,6.801,51.718,52.792,28,,,,,,,,1,,,,100,10,-11,0,-1,0,0,,,,,,,,,,Süss,1,0,5.545,26.988,28.26,8,4,complete,,,,AT,1___811b754ea9adeec95fb679c7dbb5489a_VWGSGGK
2026-09-25 16:24:38,2026-09-25 16:26:55,0,100,137,1,2026-09-25 16:26:56,R_2uWbKAmdZOnuBci,anonymous,DE,0.8999999761581421,FL_EOS_ID,,4,6,2,2,4,5,100,Keine,4.513,4.513,8.712,1,,1,,1,,1,,,,1,,1,1,1,,,,,,1,,,1,,,,1,,,,,,1,,1,,,,,,,,,,,,,,,,,,,1,,1,,,,,,,,3.198,59.632,60.83,29,,,,,,,,,,,,,,,,,,,,,,,,,,,,,,,,,,,1,complete,,,,AT,1___82b6b701717fbb75118de902dc72376f_VWGSGGK
2026-09-25 16:24:39,2026-09-25 16:27:28,0,100,168,1,2026-09-25 16:27:28,R_2Ph98hw1CqgbzGb,anonymous,DE,0.10000000149011612,FL_EOS_ID,,4,2,2,3,6,3,100,"Kinder Milka ",1.64,1.64,15.8,1,,1,,1,1,1,,1,,1,1,1,1,1,,,,,1,1,,,,,,1,,,,,,1,1,,1,,,,,1,,,,,,,,,,1,,1,1,,,,,,,,,1,,3.493,44.773,45.252,46,,,,,,,,,,,,,,,,,,,,,,,,,,,,,,,,,,,5,complete,,,true,AT,1___72c9444f9cd07d62435598bb5331bf3a_VWGSGGK
2026-09-25 16:25:29,2026-09-25 16:28:12,0,100,163,1,2026-09-25 16:28:13,R_8aZNaTcVaQGOl33,anonymous,DE,0.30000001192092896,FL_EOS_ID,,4,4,2,5,6,2,100,nussini,2.085,2.085,10.001,1,,1,,1,1,1,,1,,1,1,1,1,1,,1,,,1,1,,,,,1,,,,1,,,1,,1,1,,,,,1,,,,,,1,,,,1,,,,,,1,,,,,1,,,3.807,42.73,43.47,23,,,,,,,,1,,,,1,0,0,0,-1,0,0,,,,,,,,,,innovative süssware,1,0,1.887,20.093,21.777,3,5,complete,,,,AT,1___7f21de332086cb93dbd894d3bdec3406_VWGSGGK
2026-09-25 16:26:28,2026-09-25 16:28:47,0,100,139,1,2026-09-25 16:28:48,R_2VhTh8565pHEIGR,anonymous,DE,1,FL_EOS_ID,,4,6,2,1,5,4,100,"zotter, milka, bounty, ",1.974,17.019,44.137,3,,,,1,,1,,,,,,1,1,1,,,,,,,,,,,1,,1,,,,,,1,,,,,,,,,,,,,,,1,,,,,,1,1,,,,,,,,,2.147,47.564,49.436,12,,,,,,,,,,,,,,,,,,,,,,,,,,,,,,,,,,,5,complete,,,,AT,1___3e806453c3e6f13d4d36fe99c636965b_VWGSGGK
2026-09-25 16:26:17,2026-09-25 16:28:48,0,100,150,1,2026-09-25 16:28:48,R_8jpGCZVyFwj6F1q,anonymous,DE,1,FL_EOS_ID,,5,5,1,3,6,5,100,"Mars, Snickers, Bounty, ",2.08,2.08,28.593,1,,1,,1,,1,,1,,1,1,1,1,1,,,1,,1,1,,,1,,,,1,,,,,,1,1,1,,,,,,1,,,1,,,,1,,,,,,1,1,1,,,,,,,,3.669,55.379,56.883,33,,,,,,,,,,,,,,,,,,,,,,,,,,,,,,,,,,,2,complete,,,,AT,1___4fa72770f10e1d980d3da16f2f43d321_VWGSGGK
2026-09-25 16:28:29,2026-09-25 16:30:52,0,100,143,1,2026-09-25 16:30:53,R_2kL8p2pKfEYaDjX,anonymous,DE,1,FL_EOS_ID,,4,4,1,8,7,6,100,"Twix, Snickers, Balisto, Duplo, Kinderriegel",2.535,2.535,17.442,1,,1,,1,1,1,,1,,1,1,1,1,1,,1,,,1,1,,,1,,1,1,1,,,,1,1,1,,1,,,,,,1,,,1,,1,,1,,,,1,1,,,1,,,,,1,1,,1.243,47.981,48.32,38,,,,,,,,1,,,,0,0,0,0,0,5,0,,,,,,,,,,Eine Schokoriegelmarke,1,0,1.328,12.424,12.9,6,3,complete,,,,AT,1___bb83203071cf6999f90f8cec5d1cffa1_VWGSGGK
2026-09-25 16:30:30,2026-09-25 16:31:45,0,100,75,1,2026-09-25 16:31:46,R_24jbWcQJrgOB9ID,anonymous,DE,1,FL_EOS_ID,,7,6,1,8,5,4,100,Keine,2.278,2.278,6.873,1,,,,1,,,,1,,,,,1,,,,,,,,,,,,1,,,,1,,,,,1,,,,,,,,,,,,,,,,,,,,,,,,,,,,,1,2.478,20.482,21.529,7,,,,,,,,,,,,,,,,,,,,,,,,,,,,,,,,,,,3,complete,,,true,AT,1___a17ea1b5403802904fec369052c79196_VWGSGGK
2026-09-25 16:28:05,2026-09-25 16:32:02,0,100,237,1,2026-09-25 16:32:03,R_87NLwzseO4Fk837,anonymous,DE,1,FL_EOS_ID,,4,6,1,1,3,5,100,"Lindt, Milka, Zotter, Ritter Sport, Cadbury",2.619,66.459,67.558,3,,1,,1,1,1,,1,,1,1,1,1,1,,,,,,1,,,1,,,,,,1,,,1,,1,1,,,,,,1,,,1,,,,,,1,,,,1,1,1,,,,,,1,,2.871,98.571,100.066,71,,,,,,,,,,,,,,,,,,,,,,,,,,,,,,,,,,,4,complete,,,,AT,1___dbc7fe59992f5bd207482ac42b82b637_VWGSGGK
2026-09-25 16:29:45,2026-09-25 16:32:51,0,100,186,1,2026-09-25 16:32:52,R_2MrhKtaAA3ICHDv,anonymous,DE,1,FL_EOS_ID,,5,6,1,3,3,5,100,Mars Bounty,5.78,5.78,26.149,1,,1,,1,,1,,1,,1,1,1,1,1,,,,,,1,,,,,1,,1,,1,,,,1,,,,,,,,,,,,,,,,,,,,,1,,,,,,,,,,4.777,67.953,70.989,15,,,,,,,,,,,,,,,,,,,,,,,,,,,,,,,,,,,5,complete,,,,AT,1___f3f5fa7c3c9d667d46646dc04669424f_VWGSGGK
2026-09-25 16:30:10,2026-09-25 16:34:22,0,100,252,1,2026-09-25 16:34:22,R_230JaiUlDVUyseZ,anonymous,DE,1,FL_EOS_ID,,3,2,1,5,5,2,100,"Mars
Sneakers
Ballisto
Ovomaltine
Neoh
",1.883,32.288,32.835,2,1,1,,1,1,1,,1,,1,1,1,1,1,1,1,,,1,1,,,1,,1,1,1,,1,,1,1,,1,1,,,,,1,1,,,,,,1,,,,,1,1,1,,,1,,,,,,,1.9,59.817,60.378,45,,,,1,,,,,,,,62,100,,,5,5,0,,,,,,,,,,Zuckerfrei,3,2,2.201,22.773,23.237,19,3,complete,,,,AT,1___00955b53c40df63dcc0d2d143291ecac_VWGSGGK
2026-09-25 16:29:47,2026-09-25 16:34:50,0,100,303,1,2026-09-25 16:34:50,R_8EhJxP7iA5OUkOF,anonymous,DE,0.10000000149011612,FL_EOS_ID,,6,4,1,3,4,7,100,"Twix, Mars,Snikers, kitKat, Bounty,milkyWay,kinder Country, Balisto, Corny",3.752,25.801,70.933,3,,1,,1,1,1,,1,,1,1,1,1,1,1,1,,,1,1,,,1,,,,,,,,1,,,,,,,,,,,,,,,,,,,,,1,,,,,,,,,,,,4.009,55.245,56.215,32,1,,,,,,,,,,,,20,-15,,-6,4,3,,,,,,,,,,"Kenne Neoh nicht ",2,1,2.901,23.619,24.948,7,5,complete,,,,AT,1___524dd9bda0778b7d842ccd66ac1b58a8_VWGSGGK
2026-09-25 16:33:11,2026-09-25 16:35:11,0,100,120,1,2026-09-25 16:35:12,R_2lXOKwqZxCSN4Kf,anonymous,DE,1,FL_EOS_ID,,3,3,1,2,4,3,100,"Duplo, Kinder, Mars, Snickers, Bounty",2.073,10.401,25.652,2,,1,,1,,,,1,,1,1,1,1,1,,,,,1,1,,,1,,,,,,,,1,1,1,1,1,,,,,,1,,,1,,,,,,,,,,,1,,,,,,,1,,3.106,41.356,43.086,20,,,,,,,,,,,,,,,,,,,,,,,,,,,,,,,,,,,4,complete,,,,AT,1___355c834fd0a2f24fe8a28361e9ad3ee8_VWGSGGK
2026-09-25 16:33:47,2026-09-25 16:38:16,0,100,269,1,2026-09-25 16:38:17,R_20yMYVEpPg5Zy1P,anonymous,DE,0.10000000149011612,FL_EOS_ID,,7,3,2,2,5,3,100,Herbalife,2.78,2.78,6.721,1,,1,1,1,1,1,1,1,,1,1,1,1,1,1,1,1,,1,1,,,,1,,,1,,1,,1,,,1,1,,,,,1,,,,,,,,1,,,,,1,,,1,,,,,1,,,5.405,58.665,59.157,43,1,,1,1,,1,,,,,,-54,-4,-73,-7,-2,0,0,,,,,,,,,,"Teures gehyptes Produkt mit schlechteb Nährwerten.
Billig produziert, teuer verkauft",1,0,3.656,32.557,33.368,8,3,complete,,,,AT,1___908c069e0f786d994796973d2f317da8_VWGSGGK
2026-09-25 16:38:31,2026-09-25 16:40:47,0,100,135,1,2026-09-25 16:40:47,R_8qDzkNa2tj9Wp0v,anonymous,DE,0.8999999761581421,FL_EOS_ID,,5,5,2,3,5,4,100,"Kinder, Milka",2.109,14.648,15.443,2,,1,,1,1,1,,1,,1,1,1,1,1,,,,,1,1,,,1,,1,1,1,,1,,,1,1,1,,,,,,,1,,,,,,,,,,,,,,,,,,,,,,1,3.33,67.631,68.281,42,,,,,,,,,,,,,,,,,,,,,,,,,,,,,,,,,,,3,complete,,,,AT,1___4c1e6953ff6f9c3c4aa459fffc3ee33b_VWGSGGK
2026-09-25 16:38:26,2026-09-25 16:43:24,0,100,297,1,2026-09-25 16:43:24,R_8yUyDF5YpO7UlUd,anonymous,DE,1,FL_EOS_ID,,6,3,2,2,4,2,100,"Milka 
Kinder Schokolade 
Koro
Snickers 
Mars 
Bounty 
Milka way 
Neoh 
",2.754,52.175,52.757,2,1,1,,1,1,1,1,1,,1,1,1,1,1,1,1,1,,1,1,,1,1,,,1,1,1,1,,1,1,1,1,1,1,1,1,,1,1,,,,,,1,1,,,,1,,,,1,,,,,,,,6.561,58.826,59.525,56,,,1,1,,,,1,1,,,,61,,89,,5,5,,,,,,1,1,,,"Lecker nicht zu süß ",5,8,5.304,21.219,21.935,13,4,complete,,,,AT,1___2aea53d11566b8dba53d93211a4d8009_VWGSGGK
2026-09-25 16:40:39,2026-09-25 16:44:43,0,100,243,1,2026-09-25 16:44:43,R_8pJoEhYXrEPWcDr,anonymous,DE,0.10000000149011612,FL_EOS_ID,,4,4,2,6,1,5,100,"Kinder, Sucgard, Ferrero ",1.97,13.697,15.2,2,,1,,1,1,1,1,1,,1,1,1,1,1,1,1,,,1,1,,,,,,,1,,,,,,1,1,1,,,,,,,,,,,,,,,,,,,,,1,,,,,,1,,2.197,56.628,57.463,40,,,,,,,,,,,1,74,90,56,45,58,5,5,,,,,,,,,,"Nein,  warum?",3,3,3.449,36.583,37.565,14,3,complete,,,,AT,1___698906bedeea0a9f53d0e9a3e824817e_VWGSGGK
2026-09-25 16:45:26,2026-09-25 16:48:24,0,100,177,1,2026-09-25 16:48:24,R_8hGYoh0d38eb5KY,anonymous,DE,0.10000000149011612,FL_EOS_ID,,2,3,2,6,4,2,100,"Kinder, rocher,milka,knopers,lindt",6.317,27.663,28.262,2,,1,,1,,1,,1,,1,1,1,1,1,1,,,,1,1,,,,,,,,,1,,1,1,1,,,,,,,1,,,,,,,,,,,,1,1,1,,,,,,,1,,,4.599,66.642,67.072,58,,,,,,,,,,,,,,,,,,,,,,,,,,,,,,,,,,,4,complete,,,,AT,1___dc15ba89cf2a56838ff66673680d8fa0_VWGSGGK
2026-09-25 16:50:44,2026-09-25 16:53:38,0,100,174,1,2026-09-25 16:53:39,R_8c5rolGemPPI5LX,anonymous,DE,1,FL_EOS_ID,,3,4,2,3,7,2,100,"Milka snickers Lion Mars ",2.57,35.836,37.673,2,,1,,1,1,,,1,,1,1,1,1,1,,,1,,1,1,,,1,,,,,,,,1,1,1,,1,,,,,1,1,,,1,,,,,,,,1,1,1,1,1,,,,,1,,,4.006,69.443,70.792,71,,,,,,,,,,,,,,,,,,,,,,,,,,,,,,,,,,,3,complete,,,,AT,1___f512a0d78f41864a1c5e92e597299601_VWGSGGK
2026-09-25 16:52:00,2026-09-25 16:55:19,0,100,198,1,2026-09-25 16:55:19,R_2zBHuC2cUQlMt8R,anonymous,DE,1,FL_EOS_ID,,6,5,2,3,7,3,100,"MARS, MILKY WAY, MORE, TWIX",2.813,2.813,19.318,1,,1,,1,1,1,1,1,,1,1,1,1,1,1,1,,,1,1,,1,,,,,,1,,,,,,,,1,,,,,,,,,,,,,,,,,,,,,1,,,,,,,6.2,38.374,41.083,19,,,,,,,,,,,1,16,14,9,13,20,0,0,,,,,,,,,,"ICH KENNE DIE MARKE NUR VOM HÖREN, HAB NOCH NIE EIN PRODUKT DAVON PROBIERT.",1,0,2.376,26.831,28.118,3,5,complete,,,,AT,1___c0603eba4c70a5b1230b47e67b013fae_VWGSGGK
2026-09-25 16:53:22,2026-09-25 16:56:32,0,100,190,1,2026-09-25 16:56:32,R_2we2m9vkmTxjwxb,anonymous,DE,0.10000000149011612,FL_EOS_ID,,3,2,1,1,2,3,100,"Milka, Kinder",1.901,1.901,10.978,1,,1,,1,,,,1,,1,1,1,1,1,,1,,,,1,,,,,1,,,,,,,,,1,,,,,,,1,,,,,,,,,,,1,,,,1,,,,,,,,4.627,37.776,38.567,34,,,,,,,,1,,,,20,30,45,50,3,5,2,,,,,,,,,,"Nicht schlecht ",2,2,6.222,29.067,29.528,18,3,complete,,,true,AT,1___d406de6e051d685df98ee5bee180c07f_VWGSGGK
2026-09-25 16:57:35,2026-09-25 17:00:31,0,100,175,1,2026-09-25 17:00:31,R_8ZmxzM7tXs1Me0p,anonymous,DE,1,FL_EOS_ID,,2,6,2,2,6,5,100,"Mars, Twix, Kinderriegel",2.59,2.59,19.386,1,,1,,1,1,1,,,,1,1,1,1,1,,,,,1,1,,,,,,,1,,,,1,,1,,1,,,,,,,,,,,,,1,,,,1,,,,1,,,,,,,,4.374,70.123,74.048,21,,,,,,,,,,,,,,,,,,,,,,,,,,,,,,,,,,,3,complete,,,,AT,1___35b9807cfa87623c3e1cba642ba3a72e_VWGSGGK
2026-09-25 16:52:04,2026-09-25 17:03:46,0,100,701,1,2026-09-25 17:03:47,R_8u2q2doATgjjmkp,anonymous,DE,1,FL_EOS_ID,,5,3,1,4,3,4,100,Milka,1.5,5.531,6.189,2,,,,1,1,,,1,,1,1,1,1,1,,,,,,1,,,,,,,,,,,,1,,,,,,,,,,,,,,,1,,,,,,,,,,,,,,,,,4.141,27.648,28.924,17,,,,,,,,,,,,,,,,,,,,,,,,,,,,,,,,,,,4,complete,,,,AT,1___4b253691827bbb8377aefc4d7a10a666_VWGSGGK
2026-09-25 17:05:19,2026-09-25 17:08:49,0,100,209,1,2026-09-25 17:08:50,R_8dgANRwvVw16QLE,anonymous,DE,0.10000000149011612,FL_EOS_ID,,2,2,1,5,6,3,100,"Mandelez, Prozis",2.315,2.315,25.695,1,,1,,1,1,1,,1,,1,1,1,1,1,1,1,,,1,1,,,1,,1,,,,1,,,1,1,1,,,,,,1,1,,,1,,1,,,,,,,,1,1,,,,,,1,1,,3.238,58.731,59.525,44,,,,1,,,,,,,,39,73,-11,,,3,0,,,,,,,,,,"Neue Marke, die glaub ich für besondere Ernährungsformen geeignet ist.",1,0,1.87,26.856,27.2,8,4,complete,,,,AT,1___36ef0293ce76a81045f788b1596020bf_VWGSGGK
2026-09-25 17:09:00,2026-09-25 17:09:59,0,100,59,1,2026-09-25 17:10:00,R_1VxqeNDNzcye1G1,anonymous,DE,1,FL_EOS_ID,,6,4,2,1,3,5,100,"Milka, Snickers",1.549,9.229,9.931,3,,1,,,,,,,,,,,1,1,,,,,,1,,,,,,,,,,,,,,,,,,,,,1,,,,,,,,,,,,,,,,,,,,,,1,2.213,14.878,15.325,11,,,,,,,,,,,,,,,,,,,,,,,,,,,,,,,,,,,2,complete,,,,AT,1___710835732f072b1a4d2255b430647210_VWGSGGK
2026-09-25 17:10:16,2026-09-25 17:12:08,0,100,112,1,2026-09-25 17:12:08,R_2X1gYIfnholmGPR,anonymous,DE,1,FL_EOS_ID,,3,6,1,4,3,2,100,"powerade, ",3.064,3.064,19.596,1,,1,,1,1,1,,1,,,1,1,1,1,,,,,,1,,,,,1,,,,,,,,1,,,,,,,,1,,,,,,,,,,,,,1,,,,,,,,1,,1.954,40.092,42.003,15,,,,,,,,,,,,,,,,,,,,,,,,,,,,,,,,,,,4,complete,,,,AT,1___cd1b01dad76353b1ffd5e88052a366cc_VWGSGGK
2026-09-25 17:09:21,2026-09-25 17:12:30,0,100,189,1,2026-09-25 17:12:31,R_2sanA5U0XkLjGV5,anonymous,DE,1,FL_EOS_ID,,4,4,2,3,2,2,100,"Mars, Twix, Kinderriegel, Knoppers",4.564,4.564,40.704,1,,1,,1,1,1,,1,,1,1,1,1,1,,,,,1,1,,,1,,,,,,,,,1,,,,,,,,1,1,,,,,,,,,,,,1,,,1,,,,,,,,3.377,70.902,71.623,45,,,,,,,,,,,,,,,,,,,,,,,,,,,,,,,,,,,3,complete,,,,AT,1___8dddd7312eab54fddd31e3b2636217a5_VWGSGGK
2026-09-25 17:20:39,2026-09-25 17:25:50,0,100,310,1,2026-09-25 17:25:50,R_8sBypLrmIMgKhQR,anonymous,DE,0.699999988079071,FL_EOS_ID,,4,3,2,8,6,2,100,Milka,2.568,2.568,7.103,1,,1,,1,1,1,,1,,1,1,1,1,1,,1,,,1,1,,,1,,,,,,,,,,,,,,,,,,,,,1,,,,,,,,,,,,1,,,,,,1,,6.097,77.659,78.701,37,,,,,,,,,,,1,,0,,,0,0,0,,,,,,,,,,Kenne ich nicht.,1,0,4.74,34.403,35.897,6,,complete,,,,AT,1___184ac103329b4882e5008fed6fae03f9_VWGSGGK
2026-09-25 17:24:18,2026-09-25 17:27:57,0,100,219,1,2026-09-25 17:27:58,R_2c14xUmwkTEnA2e,anonymous,DE,0.699999988079071,FL_EOS_ID,,6,6,2,9,4,5,100,"Bounty Mars snickers ",1.819,1.819,20.733,1,,1,,1,1,1,,1,,1,1,1,1,1,,1,,,1,1,,,,,1,,,,,,,1,,,,,,,,,,,,,,1,,,,,,,,,,,,,,,,,,3.176,56.319,57.726,46,,,,,,,,1,,,,100,100,100,100,100,10,7,,,,,,,,,,"Zuckerfrei ",7,9,2.127,19.972,21.391,9,5,complete,,,,AT,1___66ee2f2d7f9173ae697453739025fa6d_VWGSGGK
2026-09-25 17:25:28,2026-09-25 17:30:18,0,100,289,1,2026-09-25 17:30:18,R_2rf4EsKdZWYPLqF,anonymous,DE,0,FL_EOS_ID,,3,2,2,2,6,2,100,Kinder Ferrero mars Twix snickers lions nussini,1.912,59.804,60.25,2,,1,1,1,1,1,1,1,,1,1,1,1,1,1,1,,,1,1,,,1,,,1,,,,,1,1,,,,,,,,1,,,,,,,,,,,,1,,,,,,,,,1,,,2.061,53.182,56,37,,,,,,,,,,,1,,24,,28,,1,1,,,,,,,,,,Modern,1,1,2.554,20.977,21.858,9,3,complete,,,true,AT,1___9ab54d995b5e44533ff723b0d26d096a_VWGSGGK
2026-09-25 17:35:04,2026-09-25 17:36:46,0,100,102,1,2026-09-25 17:36:47,R_2q7Los7IaAxt2ed,anonymous,DE,1,FL_EOS_ID,,5,4,2,3,6,3,100,"Milka, Snickers, Mars, bounty",1.921,1.921,25.07,1,,1,,1,1,,,1,,,1,1,1,1,1,,,,,1,,,,,,,,,,,,1,,1,,,,1,,,1,,,,,1,,,,,,,,,1,,,,,,,1,,2.596,35.301,36.002,34,,,,,,,,,,,,,,,,,,,,,,,,,,,,,,,,,,,5,complete,,,,AT,1___e5daf6eeca7b7f345fdad599b2e1bd24_VWGSGGK
2026-09-25 17:31:44,2026-09-25 17:38:15,0,100,391,1,2026-09-25 17:38:15,R_2C2l6xuQH4ARQwV,anonymous,DE,1,FL_EOS_ID,,5,5,2,8,6,3,100,"Mars, Neoh, Barebells, Bounty",3.494,42.516,43.118,2,,1,,1,,1,1,1,,1,1,1,1,1,1,1,,,,1,,,,,,,,1,,,,,,,,1,1,,,,,,,,,,,,,,,,,,,,1,1,,,,,,5.149,68.55,70.992,38,,1,,,,,,1,,,,82,96,-37,60,0,6,2,,,,,,,,,,"Zuckerfreier Riegel, leider etwas klein ",4,5,2.701,47.473,48.222,14,5,complete,,,,AT,1___ee5e61390e2b440b9902fc4ac5c462ba_VWGSGGK
2026-09-25 17:36:46,2026-09-25 17:40:05,0,100,199,1,2026-09-25 17:40:05,R_8GQ7tFQ8uyGXuu4,anonymous,DE,1,FL_EOS_ID,,5,4,1,9,7,5,100,"Milka, Lindt ",2.5,9.067,9.945,2,,1,,1,1,1,,1,,1,1,1,1,1,,1,,,1,1,,,,,1,,1,,,,,,1,,1,,1,,,,,,,,,1,,,,,,,,,,,,1,,,,,,3.4,51.146,51.902,34,,,,,,,,,,1,,89,97,20,66,100,8,5,,,,,,,,,,"Gut im Geschmack mit wenig Zucker ",6,5,2.201,28.577,29.073,10,4,complete,,,,AT,1___b24c9f06461bcd88cd48ed733e97f477_VWGSGGK
2026-09-25 17:36:19,2026-09-25 17:40:24,0,100,245,1,2026-09-25 17:40:24,R_8Mom6z6jPoRY8bD,anonymous,DE,0.800000011920929,FL_EOS_ID,,4,4,2,2,6,2,100,"Milka, pick up, Kinder, yoghurette, ",1.848,1.848,24.142,1,1,1,,1,1,1,1,,,1,1,1,1,1,1,1,1,,1,1,,1,1,,1,1,1,1,,,1,1,1,1,1,1,1,,,,1,,1,,,,,,,,,,,,,1,1,1,,,1,,,2.418,56.32,58.42,52,,,,1,,1,1,1,1,,,100,100,-20,100,100,10,7,,,,,,,,,,"Weniger Zucker, schmeckt trotzdem super",6,10,1.91,22.109,23.102,7,5,complete,,,,AT,1___3e3bad511bf98de5f65b9133e6331d4b_VWGSGGK
2026-09-25 17:37:43,2026-09-25 17:42:09,0,100,266,1,2026-09-25 17:42:09,R_2EWpvIYhojVOegR,anonymous,DE,0.6000000238418579,FL_EOS_ID,,5,5,2,3,4,5,100,"Nestle, Milka, Lindt, Ferrero",2.327,30.708,32.944,2,,1,,,,1,,1,,,1,,1,1,,,,,,1,,,1,,,,1,,1,,,1,,,1,,,,,,1,,,1,,,,,,,,,,,,1,,,,,,,,3.261,94.18,95.443,77,,,,,,,,,,,,,,,,,,,,,,,,,,,,,,,,,,,3,complete,,,,AT,1___092af6ea034913123c935a10eb23c66a_VWGSGGK
2026-09-25 17:40:29,2026-09-25 17:42:40,0,100,130,1,2026-09-25 17:42:40,R_8LbtQL1vfngACzI,anonymous,DE,1,FL_EOS_ID,,2,3,1,3,4,2,100,"Milka
Lindt
",2.955,6.317,21.138,2,,1,,1,1,1,,1,,1,1,1,1,1,,,,,1,1,,,,,1,1,,,1,,1,1,1,1,1,,,,,1,1,,,,,,,,,,,1,1,,,1,,,,,,,,3.17,57.501,60.326,25,,,,,,,,,,,,,,,,,,,,,,,,,,,,,,,,,,,5,complete,,,,AT,1___978e30bbe7faad4765b741c5d0c68638_VWGSGGK
2026-09-25 17:39:29,2026-09-25 17:43:11,0,100,221,1,2026-09-25 17:43:11,R_8OZrv6DHNrRsarc,anonymous,DE,1,FL_EOS_ID,,5,3,1,1,2,2,100,"Mit Kat, Kinder, Duplo",2.3,2.3,21.3,1,,1,,1,1,1,,1,,1,1,1,1,1,,1,,,1,1,,,1,,,,,,,,1,,,,1,,,,,,,,,,,,,,,1,,1,,,,,,,,,,,,4.201,56.784,57.485,31,,1,,,,,,,,,,100,70,85,68,84,7,8,,,,,,,,,,Gute Alternative,5,9,3.7,30.483,31.158,10,4,complete,,,,AT,1___f53991124dc6207938964a613be10305_VWGSGGK
2026-09-25 17:43:54,2026-09-25 17:46:00,0,100,126,1,2026-09-25 17:46:00,R_8tyWV43BxKB6ps0,anonymous,DE,0.10000000149011612,FL_EOS_ID,,4,2,2,2,5,3,100,"Manner, Milka",1.124,5.799,18.475,3,,1,,1,1,1,,,,1,1,,1,1,,,,,1,1,,,,,,,,,,,1,,1,,1,,,,,,,,,,,,,,,,,1,,1,,,,,,,,,,3.517,44.55,45.901,46,,,,,,,,,,,,,,,,,,,,,,,,,,,,,,,,,,,3,complete,,,,AT,1___367073f3e637dc510635794f92b3da85_VWGSGGK
2026-09-25 17:55:20,2026-09-25 17:56:08,0,100,48,1,2026-09-25 17:56:09,R_8XjQrtJPcB1AH0B,anonymous,DE,1,FL_15,,3,1,2,1,2,3,100,,,,,,,,,,,,,,,,,,,,,,,,,,,,,,,,,,,,,,,,,,,,,,,,,,,,,,,,,,,,,,,,,,,,,,,,,,,,,,,,,,,,,,,,,,,,,,,,,,,,,,,,,,,,complete,,,,AT,1___8316b96da36428160c6b80d5e82a10bb_VWGSGGK
2026-09-25 17:58:04,2026-09-25 18:00:09,0,100,125,1,2026-09-25 18:00:10,R_2O80SpmuqJUUOD7,anonymous,DE,0.8999999761581421,FL_EOS_ID,,5,6,1,8,5,3,100,"Suchard, Milka, Ritter",1.992,18.593,19.778,2,,,,1,,1,,1,,,,1,1,1,,,,,,1,,,,,,,,,1,,,1,,1,,,,,,,1,,,,,,,,,1,,,1,,,,,,,,,,,1.779,48.857,49.662,33,,,,,,,,,,,,,,,,,,,,,,,,,,,,,,,,,,,4,complete,,,,AT,1___7c198befedf9f65b70d03ca2546ffd29_VWGSGGK
2026-09-25 18:00:08,2026-09-25 18:02:05,0,100,117,1,2026-09-25 18:02:06,R_8NDH6RBVKZsIwmd,anonymous,DE,1,FL_EOS_ID,,5,5,1,8,1,3,100,Zotter,1.853,1.853,7.344,1,,1,,1,,1,,1,,1,1,1,1,1,,,,,,1,,,,,,,,,,,1,,,,,,,,,,,,,,,,,,,,,,,,,,,,,,,,1,5.213,55.445,56.393,12,,,,,,,,,,,,,,,,,,,,,,,,,,,,,,,,,,,5,complete,,,,AT,1___1d79d9587e5af5a7c08a1c7429b22173_VWGSGGK
2026-09-25 18:17:15,2026-09-25 18:20:48,0,100,212,1,2026-09-25 18:20:48,R_2iwlRGS0tRcd8YE,anonymous,DE,1,FL_EOS_ID,,4,6,1,1,6,5,100,"Mars, Bounty",8.084,44.016,45.224,4,,1,1,1,1,,,1,,1,1,1,1,1,,,,,1,1,,,,,1,,1,,,,,,,,,,,,,1,,,,,,,,,,,,,1,1,,,,,,,1,,,2.671,84.328,86.683,52,,,,,,,,,,,,,,,,,,,,,,,,,,,,,,,,,,,5,complete,,,,AT,1___1676138dfc5f352fde0483d7f4e4b657_VWGSGGK
2026-09-25 18:19:13,2026-09-25 18:20:54,0,100,100,1,2026-09-25 18:20:54,R_27yCgZD0TUedcKb,anonymous,DE,1,FL_EOS_ID,,4,6,2,3,3,2,100,"duplo,milka,ritter sport,",1.787,1.787,20.263,1,,1,,,,1,,1,,1,1,1,1,1,,,,,,1,,,,,,,1,,,,,,1,,1,,,,,,,,,,,,,1,,,,,,,,1,,,,,,,,4.114,43.404,45.077,14,,,,,,,,,,,,,,,,,,,,,,,,,,,,,,,,,,,5,complete,,,true,AT,1___0b5957de3d20e7516b07d9c1106f5273_VWGSGGK
2026-09-25 18:25:43,2026-09-25 18:27:35,0,100,112,1,2026-09-25 18:27:36,R_2v11xGmKXx1vmPT,anonymous,DE,0.10000000149011612,FL_EOS_ID,,5,5,2,2,4,2,100,Kinderriegel,1.901,1.901,15.685,1,,1,,1,,,,1,,1,1,1,1,1,,,,,,1,,,1,,1,,,,,,,,,1,,,,,,,,,,,,,,,,,,1,,,,,,,,,,,,3.501,48.325,48.982,28,,,,,,,,,,,,,,,,,,,,,,,,,,,,,,,,,,,4,complete,,,,AT,1___8efb04182d13d0dc42939297b5a47451_VWGSGGK
2026-09-25 18:41:12,2026-09-25 18:43:26,0,100,133,1,2026-09-25 18:43:27,R_8LRXkNWtc1hXuU1,anonymous,DE,1,FL_EOS_ID,,3,6,1,1,6,3,100,"Mars Bounty, Milky Way, ",2.732,25.58,26.616,4,,1,,1,,1,,1,,1,1,1,1,1,,,,,,1,,,,,,,,,,,,1,1,1,,,,,,,,,,,,1,,,,,,,1,1,1,1,,,,,,1,,3.59,50.956,51.201,34,,,,,,,,,,,,,,,,,,,,,,,,,,,,,,,,,,,3,complete,,,true,AT,1___1f605c250ca5a45a0d9c08e7fabc455b_VWGSGGK
2026-09-25 18:43:42,2026-09-25 18:47:14,0,100,212,1,2026-09-25 18:47:15,R_8lEJMMxY0dWmqe7,anonymous,DE,0.10000000149011612,FL_EOS_ID,,4,6,2,1,3,3,100,"Milka, suchard, Nestlé,  lind",5.297,28.186,36.9,3,,1,,,,1,,1,,1,1,1,1,1,,,,,,1,,,,,,,,,1,,,,1,,1,,,,,,,,,,,,,,,,,,,1,,1,,,,,,,,6.382,74.817,75.672,35,,,,,,,,,,,,,,,,,,,,,,,,,,,,,,,,,,,5,complete,,,,AT,1___89643490c40a459aae8fa7653fe05997_VWGSGGK
2026-09-25 18:42:18,2026-09-25 18:47:57,0,100,338,1,2026-09-25 18:47:57,R_2CQxLwowEd0eYY5,anonymous,DE,0.10000000149011612,FL_EOS_ID,,4,3,2,1,3,5,100,"Vetain
Barebells
ESN
Pam
Koro
Snickers
Mars
Bounty",2.002,70.096,77.452,7,1,1,,1,1,1,,,,,1,1,1,1,1,1,,,1,1,,,1,,1,,,,,,,,,,,,1,,,1,1,,,1,,,,,,,,,,1,,,,1,,,1,1,,5.363,79.254,80.461,38,1,1,1,,,,,1,1,1,,50,100,50,50,1,7,6,,,,,,,,,,Innovativ und etwas anderes.,7,8,4.248,24.979,25.738,10,5,complete,,,true,AT,1___b5ab1a3746447f304ae66c5fabb45220_VWGSGGK
2026-09-25 18:53:50,2026-09-25 18:56:03,0,100,133,1,2026-09-25 18:56:04,R_8P5jL9xcM08Z1GW,anonymous,DE,0.8999999761581421,FL_EOS_ID,,3,6,2,4,7,3,100,----,3.483,3.483,7.515,1,,1,,1,,1,,1,,,1,1,1,1,,,,,1,1,,,,,1,,,,,,,,,,,,,,,1,,,,,,1,,,,,,,,1,,,,,1,,1,,,3.108,60.397,61.801,16,,,,,,,,,,,,,,,,,,,,,,,,,,,,,,,,,,,5,complete,,,,AT,1___981e147ad286e64bfde498ed1b38f324_VWGSGGK
2026-09-25 18:54:29,2026-09-25 18:57:05,0,100,155,1,2026-09-25 18:57:06,R_83kW4EPiwBGinRu,anonymous,DE,0.10000000149011612,FL_EOS_ID,,3,5,1,2,2,2,100,"Bensdorf, Männer, Duplo",4.03,32.569,33.238,2,,1,,1,1,1,,1,,1,1,1,1,1,,,,,,1,,,1,,1,1,,,,,,1,,,,,,,,,1,,,1,,1,,,,,,,1,,,,,,,,,,,5.898,57.068,57.898,34,,,,,,,,,,,,,,,,,,,,,,,,,,,,,,,,,,,3,complete,,,,AT,1___ff3a4a9aea34129eabf86a30496c3ada_VWGSGGK
2026-09-25 18:56:22,2026-09-25 18:58:01,0,100,99,1,2026-09-25 18:58:01,R_8rGlXn1tgkSQE13,anonymous,DE,1,FL_38,,3,3,2,1,6,4,39,,,,,,,,,,,,,,,,,,,,,,,,,,,,,,,,,,,,,,,,,,,,,,,,,,,,,,,,,,,,,,,,,,,,,,,,,,,,,,,,,,,,,,,,,,,,,,,,,,,,,,,,,,,,complete,,,,AT,1___edd996089bf488a3120f9a3c07ae2f59_VWGSGGK
2026-09-25 18:55:43,2026-09-25 18:59:57,0,100,253,1,2026-09-25 18:59:57,R_28MOzMGxbLnAp27,anonymous,DE,0.6000000238418579,FL_EOS_ID,,4,3,1,8,5,2,100,"Mars , Snickers , twix",20.824,85.471,103.49,3,,1,,1,1,,,1,,1,1,1,1,1,,,,,1,1,,,1,,1,,,,1,,,,,,1,,,,,,1,,,,,,,,,,,,,,,,,,,,,1,,7.864,73.792,75.629,17,,,,,,,,,,,,,,,,,,,,,,,,,,,,,,,,,,,1,complete,,,,AT,1___eec254698782b5915422c7875553cd7d_VWGSGGK
2026-09-25 18:59:38,2026-09-25 19:03:57,0,100,258,1,2026-09-25 19:03:58,R_2F5lOiOl5KbdKvv,anonymous,DE,1,FL_EOS_ID,,7,5,2,5,7,2,100,Kinder,2.878,7.69,9.4,2,,1,,,,1,,1,,1,1,1,1,1,1,1,,,1,1,,,,,,,,,,,,,,,,,,,,,,1,,,,,,,,,,,,,,,,,,,,,1,21.109,65.342,66.045,31,,,,,,,,,,,1,100,100,100,100,54,10,10,,,,,,,,,,Nicht so süß wie andere,6,10,1.922,53.102,54.144,17,5,complete,,,,AT,1___fcb41767cc74eb51b1f094bd58f89cf2_VWGSGGK
2026-09-25 19:07:53,2026-09-25 19:11:20,0,100,207,1,2026-09-25 19:11:21,R_2r7Tphh6DPooiDE,anonymous,DE,1,FL_EOS_ID,,6,2,2,8,6,3,100,"Nussini, Duplo, Kinderriegel",1.756,5.072,19.895,2,,1,,1,1,1,1,1,,1,1,1,1,1,1,1,,,1,1,,,,,,,,,,,1,,,,,,,,,,1,,,,,,,1,,,,,,,,,,,,,,,,3.839,57.725,58.491,42,,,,,,,,,,,1,20,52,34,38,22,4,4,,,,,,,,,,Zuckerfrei,2,3,2.136,19.48,20.333,14,4,complete,,,,AT,1___c66e5381c5cca89f8731bb954b63f311_VWGSGGK
2026-09-25 19:09:34,2026-09-25 19:12:27,0,100,172,1,2026-09-25 19:12:27,R_2SsRASpmkJsPyLL,anonymous,DE,1,FL_EOS_ID,,5,5,2,9,6,3,100,Milka,2.576,8.376,9.2,2,,1,,1,1,1,,,,1,1,1,1,1,,1,,,,1,,,1,,,,,,,,,,,1,1,,,,,,,,,,,,,,,,,1,,,,,,,,,,,,3.005,39.958,40.671,32,,,,,,,,,,,1,,,,,,,0,,,,,,,,,,,2,1,2.482,13.431,13.439,12,5,complete,,,true,AT,1___e165f6210135356d0c49b9b92507be44_VWGSGGK
2026-09-25 19:10:52,2026-09-25 19:13:52,0,100,180,1,2026-09-25 19:13:53,R_2QhhyJy7hoj5VJf,anonymous,DE,0.10000000149011612,FL_EOS_ID,,5,3,2,5,5,4,100,"Duplo, kinder country, kinder Schokolade",1.601,1.601,21.693,1,,1,,1,1,1,1,1,,1,1,1,1,1,1,1,1,,1,1,,,,,,,1,,1,,1,1,,,,1,,,,,,,,,,,,,,,,1,1,,,1,,,,,,,,2.794,45.743,48.863,47,,,,1,,,,,,,,1,45,0,0,-1,5,5,,,,,,,,,,Kenn ich nicht,5,10,1.457,12.501,12.945,13,5,complete,,,,AT,1___ac7f0a93c1a01ab2c96cbe51ece0e54f_VWGSGGK
2026-09-25 19:11:20,2026-09-25 19:14:59,0,100,218,1,2026-09-25 19:14:59,R_85RSwAF6ldnTuNq,anonymous,DE,0.8999999761581421,FL_EOS_ID,,3,5,1,9,4,2,100,"Milka, Suchard",1.458,1.458,12.666,1,,1,,1,1,1,,1,,1,1,1,1,1,,1,,,1,1,,,,,,1,1,,1,,1,,1,,1,,,,,,,,,,,,1,1,,1,,1,,1,,1,,1,,,,,,2.69,55.047,56.266,26,,,,,,,,1,,,,73,0,-33,-17,-1,6,2,,,,,,,,,,"neuer Geschmack, Konsistenz gewöhnungsbedürftig",1,5,5.31,26.258,27.363,3,3,complete,,,,AT,1___b82e3130f6a7c0b626d74fc148710b61_VWGSGGK
2026-09-25 19:14:20,2026-09-25 19:19:11,0,100,290,1,2026-09-25 19:19:12,R_25AZVVxHy8NKC1F,anonymous,DE,0.10000000149011612,FL_EOS_ID,,3,4,2,7,4,2,100,"Mars, sticker, bunte nussini",3.196,4.495,23.043,2,,1,,1,1,1,,1,,1,1,1,1,1,1,1,,,1,1,,,1,,,,,,1,,,,,1,1,,,,,,1,,,,,,,,,,,1,,,1,1,,,,,,,,5.384,74.218,74.968,33,,,,,,,,1,,,,19,42,36,67,4,5,2,,,,,,,,,,Keine Angabe,1,1,5.43,20.877,22.026,7,4,complete,,,true,AT,1___09b774e36b4bbd1fd2b6c988e94099b3_VWGSGGK
2026-09-25 19:15:15,2026-09-25 19:21:14,0,100,358,1,2026-09-25 19:21:14,R_8h883Nxhzk4bZct,anonymous,DE,1,FL_EOS_ID,,3,2,1,8,3,4,100,"Mars, Manner, Twix",1.168,24.502,24.82,2,,,,1,,1,,1,,1,1,1,1,1,,,,,1,1,,,,,1,,1,,,,,,1,1,,,,,,,1,,,,,,,,,,,,,1,1,,,,,,,1,,8.004,64.272,64.608,23,,,,,,,,,,,,,,,,,,,,,,,,,,,,,,,,,,,3,complete,,,,AT,1___af95fc1b135c0a11c258fa5ac312c7f4_VWGSGGK
2026-09-25 19:23:44,2026-09-25 19:27:32,0,100,228,1,2026-09-25 19:27:33,R_2qpW9q6cNXCst5h,anonymous,DE,0.10000000149011612,FL_EOS_ID,,2,3,1,8,2,2,100,"Milka
Suchard
Snickers
Mars
Duplo",2,24.201,25.201,2,,1,,1,1,1,,1,,1,1,1,1,1,,1,,,1,1,,,1,,1,,1,,1,,,1,,,,,,,,1,,,,,,,,1,,,,,,,,,,,,,,,,5.34,63.724,64.204,39,,,,,,,,,,,1,0,0,0,0,-13,4,0,,,,,,,,,,"Kann ich nicht beantworten, habs noch nie gekauft. ",1,0,3.101,32.503,33.702,8,2,complete,,,true,AT,1___c9a3c506706f13a25f156d6783f7e861_VWGSGGK
2026-09-25 19:28:38,2026-09-25 19:31:42,0,100,183,1,2026-09-25 19:31:43,R_8pmPNaJbP8htCT3,anonymous,DE,1,FL_EOS_ID,,3,5,2,3,2,1,100,Milka nussini kinder riegel milchschnitte,4.018,43.251,44.025,2,,1,,1,1,1,,1,,1,1,1,1,1,1,,,,1,1,,,,,1,,,,,,1,1,1,1,1,,,,,,1,,,,,1,,1,,,,1,1,1,1,,,,,,,,,8.626,70.434,70.998,38,,,,,,,,,,,,,,,,,,,,,,,,,,,,,,,,,,,3,complete,,,,AT,1___86195572f845e58e381541371d3b7651_VWGSGGK
2026-09-25 19:30:40,2026-09-25 19:33:46,0,100,185,1,2026-09-25 19:33:46,R_8Ic39NGAk8yQAbn,anonymous,DE,0.8999999761581421,FL_EOS_ID,,3,6,2,8,3,4,100,"Lindt
Milka
Ferrero
Kinderschokolade",1.771,18.67,19.499,2,,1,,1,1,1,,1,,1,1,1,1,1,,1,,,1,1,,,1,,1,1,1,,1,,,1,1,,,,,,,,,,,1,,1,,,,1,,,,1,,,,,,,,,,3.863,62.167,63.276,46,,,,,1,,,,,,,36,36,0,40,0,5,3,,,,,,,,,,Sehr süß,3,1,2.81,15.028,16.68,8,5,complete,,,,AT,1___8036a55ffd9b1470fedae9cd71b9e1ec_VWGSGGK
2026-09-25 17:08:26,2026-09-25 19:38:15,0,100,8988,1,2026-09-25 19:38:15,R_2ptCz5RXSw3yjox,anonymous,DE,0.10000000149011612,FL_EOS_ID,,2,3,2,2,3,4,100,"Kinder
Mars
Snickers
Twix
Balisto",1.683,1.683,15.229,1,,1,,1,1,1,,1,,1,1,1,1,1,,1,,,1,1,,,1,,1,1,1,,1,,1,1,1,1,1,,,,,1,1,,,1,,,1,1,,,,1,1,1,1,1,,,,,,1,,3.102,58.451,58.855,47,,,,,,,,,,,1,-13,-19,-43,6,-1,0,0,,,,,,,,,,"Ich habe es noch nie gekostet ",1,0,424.784,451.42,452.477,10,4,complete,,,true,AT,1___02c5f2834dbed0d785b90fc5f11a664b_VWGSGGK
2026-09-25 19:50:36,2026-09-25 19:54:37,0,100,240,1,2026-09-25 19:54:37,R_2sohBj6CXTJKcVn,anonymous,DE,1,FL_EOS_ID,,3,3,2,8,2,3,100,"Kinder 
Nestle
",3.448,3.448,52.025,1,,1,1,1,1,1,,1,,1,1,1,1,1,1,1,,,1,1,,,1,,,1,1,,,,1,1,,1,1,1,,,,1,1,,,,,,,,,,,1,,,,1,,,,,,,,2.721,65.879,66.696,107,1,,,,,,1,,1,,,90,70,22,17,6,5,3,,,,,,,,,,"Weniger Zucker Inhalt ",3,3,1.402,18.463,19.366,13,5,complete,,,,AT,1___d433e98c46ca930bf4dd42886ee8968a_VWGSGGK
2026-09-25 19:49:37,2026-09-25 19:57:51,0,100,494,1,2026-09-25 19:57:52,R_8sjqYTzD0MEx44H,anonymous,DE,1,FL_EOS_ID,,4,4,2,8,6,2,100,"Kindernriegel, Duplo, Milka, snikers, mars, twicks",1.684,1.684,32.2,1,,1,,1,1,1,,1,,1,1,1,1,1,,1,1,,1,1,,,,,,,,,,,1,1,1,,,,,,,1,,,,,,,,,,,,1,,1,,,,,,,1,,,1.226,50.101,51.3,43,,,,,,,,,,,1,0,0,0,0,0,,,,,,,,,,,,"ich kenne Neoh nicht ",,,1.673,16.144,16.153,5,4,complete,,,,AT,1___1b7ea68d71e6c661ffa2bb93938486ac_VWGSGGK
2026-09-25 19:57:14,2026-09-25 20:00:44,0,100,209,1,2026-09-25 20:00:44,R_2l0gBVreDZjYUMP,anonymous,DE,1,FL_EOS_ID,,6,5,2,9,7,2,100,"Mars, Snickers, Bounty, Twix, Daim
",1.814,1.814,23.604,1,,1,,1,,1,,1,,1,1,1,1,1,,1,,,1,1,,,,,1,,,,,,1,,,1,,,,,,,,,,,,,,,,,,,,1,,,,,,,,,,4.542,42.25,43.913,18,,,,,,,,1,,,,-45,25,10,10,2,0,0,,,,,,,,,,Bunt,1,0,2.794,13.522,14.868,4,4,complete,,,,AT,1___a8421823f7336e39200e8e255f5124ee_VWGSGGK
2026-09-25 20:01:03,2026-09-25 20:03:41,0,100,158,1,2026-09-25 20:03:42,R_2pMpGuq1TZcQeKE,anonymous,DE,1,FL_EOS_ID,,3,5,2,8,2,1,100,Ka,10.601,16.616,17.846,3,,1,,1,,1,,,,1,1,1,1,1,,,,,,1,,,,,,,,,,,,,1,1,1,,,,,,1,,,,,,,,,,,,,1,,,,,,,,,,5.101,69.84,70.731,22,,,,,,,,,,,,,,,,,,,,,,,,,,,,,,,,,,,3,complete,,,,AT,1___b9f1469b04cc940138bd89ab7b96430d_VWGSGGK
2026-09-25 20:01:48,2026-09-25 20:04:52,0,100,183,1,2026-09-25 20:04:52,R_8i1I1jOSqVMtXC9,anonymous,DE,1,FL_EOS_ID,,4,4,2,1,2,3,100,Kinder Ferrero,1.503,1.503,14.811,1,,,,,,1,,,,1,1,,,,,,,,,,,,,,,,,,,,,1,,,,,,,,,,,,,,,,,,,,1,,1,,,,,,,,,,5.314,34.433,37.304,7,,,,,,,,,,,,,,,,,,,,,,,,,,,,,,,,,,,5,complete,,,,AT,1___e367bb0cf6f3cfc1b59e07e1f302f4de_VWGSGGK
2026-09-25 19:57:27,2026-09-25 20:04:52,0,100,445,1,2026-09-25 20:04:52,R_8wQYclnHEGNc4Un,anonymous,DE,1,FL_EOS_ID,,3,4,1,2,6,3,100,"Milka, Suchard, Lindt, Bensdorp, Moser",1.513,48,49.501,2,,1,,,1,1,,,,1,1,1,,1,,,,,,1,,,1,,1,1,,,,,,,1,,,,,,,,,,,1,,,,,,,,1,,1,,,,,,,,,,51.255,95.386,96.265,35,,,,,,,,,,,,,,,,,,,,,,,,,,,,,,,,,,,2,complete,,,,AT,1___83aa05d15616dec9f43d1ef95655234c_VWGSGGK
2026-09-25 20:04:58,2026-09-25 20:07:14,0,100,135,1,2026-09-25 20:07:14,R_2NrayNrE2Dx5Ctm,anonymous,DE,0.30000001192092896,FL_EOS_ID,,4,3,1,2,4,2,100,"Kinder
",3.447,3.447,9.452,1,,1,,1,1,1,,,,1,1,,1,1,,,,,,,,,1,,,,,,,,,1,1,1,1,,,,,,1,,,,,,,,,,,1,,1,,,,,,,,,,2.701,56.247,57.187,34,,,,,,,,,,,,,,,,,,,,,,,,,,,,,,,,,,,5,complete,,,,AT,1___530dc65163146d7b98b45f7d7b78430f_VWGSGGK
2026-09-25 20:08:01,2026-09-25 20:09:35,0,100,94,1,2026-09-25 20:09:36,R_2m9TKSROwyfOvj6,anonymous,DE,1,FL_EOS_ID,,5,6,2,7,2,3,100,"Mars, Twix, Lion, Snickers",1.772,13.4,19.63,2,,1,,1,,,,1,,1,,1,1,1,,,,,1,1,,,1,,,,,,,,1,,,,1,,,,,1,,,,1,,,,,,,,,,,,1,,,,,,,,1.493,39.83,40.34,30,,,,,,,,,,,,,,,,,,,,,,,,,,,,,,,,,,,5,complete,,,,AT,1___09ec25a02a17120d2f2b6db821b85bfd_VWGSGGK
2026-09-25 20:06:57,2026-09-25 20:10:43,0,100,226,1,2026-09-25 20:10:44,R_2j7l3zb4Ud8Veu3,anonymous,DE,0.800000011920929,FL_EOS_ID,,6,2,1,2,5,3,100,"Snickers Mars bounty twix kitkat ",2.04,2.04,40.988,1,,1,,1,1,1,,1,,1,1,1,1,1,1,1,,,1,1,,,1,,,1,1,,,,1,,1,1,1,,1,,,1,1,,,,,,,,,,,,,,,,,,,,,,1,3.942,46.178,46.737,47,,,,1,,,,,1,,,73,74,-37,56,-38,6,7,1,,,,,,1,,,"Neu, inovativ",3,7,3.157,23.043,23.574,19,1,complete,,,,AT,1___13728e62e5fe6e32b2a9ac808a9f7e5d_VWGSGGK
2026-09-25 20:09:55,2026-09-25 20:11:56,0,100,121,1,2026-09-25 20:11:57,R_8M416s4V3tys41D,anonymous,DE,1,FL_EOS_ID,,7,6,2,1,5,3,100,"Keine ",3.639,7.628,9.205,2,,,,1,,,,,,1,,1,,1,,,,,,,,,,,,,,,,,1,,1,,1,,,,,,,,,,,,,,,,,,,,,,,,,,,,1,6.996,51.209,51.865,24,,,,,,,,,,,,,,,,,,,,,,,,,,,,,,,,,,,5,complete,,,,AT,1___93d55fd274165248e35aadf4067df2c1_VWGSGGK
2026-09-25 20:11:21,2026-09-25 20:14:08,0,100,167,1,2026-09-25 20:14:09,R_2dnbEXjvOqBYAh3,anonymous,DE,1,FL_EOS_ID,,3,2,2,1,5,2,100,Weiss nicht,2.89,2.89,9.382,1,,,,1,,,,,,1,1,1,1,,,,,,1,,,,,,,,,,,,,1,,,,,,,,,,,,,,,,,,,,,1,,1,,,,,,,,,20.627,75.374,77.365,11,,,,,,,,,,,,,,,,,,,,,,,,,,,,,,,,,,,5,complete,,,,AT,1___344767211625914c500a43613757f42b_VWGSGGK
2026-09-25 20:15:15,2026-09-25 20:16:47,0,100,92,1,2026-09-25 20:16:47,R_8OohLUtYDFA6eBZ,anonymous,DE,1,FL_EOS_ID,,3,2,1,5,5,3,100,"Knoppers Snickers, Mars",1.301,1.301,10.358,1,,1,,1,1,,,1,,1,1,1,1,1,,,,,1,1,,,1,,,,,,,,1,,1,1,,,,,,,,,,1,,,,,,,,,,,,,,,,,,,,2.954,42.655,43.252,29,,,,,,,,,,,,,,,,,,,,,,,,,,,,,,,,,,,4,complete,,,,AT,1___d62cc161cd0f99d583a4c5b117f93929_VWGSGGK
2026-09-25 20:19:16,2026-09-25 20:21:28,0,100,132,1,2026-09-25 20:21:29,R_2hId4U5gRmc1Nnj,anonymous,DE,1,FL_EOS_ID,,4,6,1,2,1,2,100,kitkat,2.327,2.327,8.026,1,,1,,1,,1,,1,,1,1,1,1,1,,,,,,1,,,1,,,,,,,,,,1,,,,,,,,,,,1,,,,1,,,,,,1,,1,,,,,,,,3.029,72.788,74.504,16,,,,,,,,,,,,,,,,,,,,,,,,,,,,,,,,,,,5,complete,,,,AT,1___b707dbaf4ff872bd0b2d700bb6e74610_VWGSGGK
2026-09-25 20:18:34,2026-09-25 20:23:00,0,100,266,1,2026-09-25 20:23:01,R_2qyJzcUQ9CTGgA9,anonymous,DE,1,FL_EOS_ID,,3,4,2,2,5,7,100,"Kinder, balisto, mars, twix",3.839,34.795,35.201,4,,1,,1,,,1,,,1,1,1,1,,,1,,,,,,,,,,,,,,,1,,,,,,,,,,,,,,,,,,,,,1,,,,,,,,,,,,6.866,59.125,60.047,22,,1,,,,,,,,,,1,0,-11,-1,-1,5,1,,,,,,,,,,?,1,0,10.614,25.203,26.165,9,5,complete,,,,AT,1___61e8f422728a71d4798d3daa2eca105f_VWGSGGK
2026-09-25 20:21:06,2026-09-25 20:29:33,0,100,507,1,2026-09-25 20:29:33,R_8SdhxeDjOOItqnf,anonymous,DE,1,FL_EOS_ID,,4,4,2,3,5,4,100,"Twix, Bounty, Mars, Nuts, Kinder Bueno, Duplo, Snickers, Neoh, Swedy, Manja, KitKat, Pickup, ",8.975,153.625,155.651,3,,1,,1,1,1,,1,,1,1,1,1,1,,1,,,1,1,,,1,,1,,,,,,1,1,,,1,,1,,,1,,,,1,,1,,,,,,1,1,,,,,1,,,,,,5.764,90.657,92.047,86,,,,,,,,1,,,,51,19,-77,26,3,9,7,,,,,,,,,,"Süßigkeit ohne herkömmlichen Zucker, schmeckt gut, hat aber nicht viel weniger Kalorien als normale Schokoriegel, nur etwas zu teuer ",5,6,3.5,77.768,80.002,18,4,complete,,,,AT,1___af2ca7d0810f0d180bdb70dba7d08226_VWGSGGK
2026-09-25 18:55:39,2026-09-25 20:41:43,0,100,6364,1,2026-09-25 20:41:44,R_2PSYhBdHOuYjkop,anonymous,DE,1,FL_EOS_ID,,5,3,1,5,4,5,100,"Kinder
Mars",1.5,9.168,9.596,2,,1,,1,,1,,1,,1,1,,1,1,,,,,1,1,,,,,,,1,,,,,1,,1,,,,,,1,,,,,,,,,,,,,1,,1,,,,,,1,,,3.801,146.839,147.638,31,,,,,,,,,,,,,,,,,,,,,,,,,,,,,,,,,,,4,complete,,,,AT,1___bbf82fec5ed474242b11e2b60cc83091_VWGSGGK
2026-09-25 20:39:35,2026-09-25 20:43:12,0,100,217,1,2026-09-25 20:43:13,R_8duciyqJSAN31gy,anonymous,DE,1,FL_EOS_ID,,5,5,1,4,5,2,100,"Kinder, Bounty, Ritter-Sport, Raider",7.4,7.4,40.657,1,,1,,1,,1,,1,,1,1,1,1,1,,,,,1,1,,,,,1,,1,,,,,,1,,1,,,,,,,,,,,1,,,,,,,,1,,1,,,,,,,,5.897,81.244,82.253,29,,,,,,,,,,,,,,,,,,,,,,,,,,,,,,,,,,,3,complete,,,,AT,1___e82232a7ae252c124ea03336a150f283_VWGSGGK
2026-09-25 20:53:38,2026-09-25 20:55:46,0,100,128,1,2026-09-25 20:55:47,R_2ikU9sMoaVbYixH,anonymous,DE,1,FL_EOS_ID,,4,4,1,1,6,5,100,"Kinder, Milka ",0.893,0.893,8.289,1,,1,,1,1,1,,1,,1,1,1,1,1,,1,,,1,1,,,,,1,1,1,,1,,1,1,1,1,1,,,,,1,1,,,,,,1,,,,,1,1,,,1,,,,,,,,3.126,37.062,37.591,42,,,,,,,,,,,1,28,54,13,23,-1,6,4,,,,,,,,,,Proteinriegel,3,3,1.294,13.031,14.054,8,2,complete,,,,AT,1___6b18eb8a9a36e8949721ad506d8c995a_VWGSGGK
2026-09-25 19:16:07,2026-09-25 21:03:44,0,100,6457,1,2026-09-25 21:03:45,R_2qAxkr7qF8KPAiJ,anonymous,DE,1,FL_EOS_ID,,5,6,1,2,4,6,100,"Kitkat, Mars, Kinder, milka",7.886,38.791,39.793,2,,1,,1,1,1,,1,,1,1,1,1,1,,1,,,1,1,,,1,,,,,,,,,,1,,1,,,,,,,,,1,,,,,,,,,,,,,,,,,,,,12.302,113.591,114.502,42,,,,,,,,,,,1,-100,-100,-100,-100,0,0,0,,,,,,,,,,"Absolut grauslich. Geschmacklose Pampe, nichts mit Schokolade zu tun",1,0,1.999,51.229,51.801,10,3,complete,,,true,AT,1___db57156ead185dde241cc79583837002_VWGSGGK
2026-09-25 21:00:45,2026-09-25 21:06:01,0,100,316,1,2026-09-25 21:06:02,R_807C4Nj6f6cmEoe,anonymous,DE,0.800000011920929,FL_EOS_ID,,2,3,2,3,6,5,100,"Kinder,  Bounty, Milka, bahlsen",2.992,32.08,32.485,2,,1,1,1,1,1,,1,1,1,1,1,1,1,,1,1,1,1,1,,,1,,1,,1,,1,,1,1,,,,,,,,,1,,,1,,1,,1,,1,,1,,1,,1,,,,,,1,,5.882,69.974,70.55,52,1,1,1,,,,,1,,,,19,29,-30,-28,,4,1,,,,,,,,,,"überteuert ",1,2,3.101,25.94,26.334,14,3,complete,,,,AT,1___66ef3b4432f12f8c112e3893ad2359d8_VWGSGGK
2026-09-25 21:10:25,2026-09-25 21:11:21,0,100,55,1,2026-09-25 21:11:21,R_8kpn42jB4MFsRXM,anonymous,DE,1,FL_38,,4,6,1,5,4,2,5,,,,,,,,,,,,,,,,,,,,,,,,,,,,,,,,,,,,,,,,,,,,,,,,,,,,,,,,,,,,,,,,,,,,,,,,,,,,,,,,,,,,,,,,,,,,,,,,,,,,,,,,,,,,complete,,,,AT,1___eb1ad0abf8f7ff507a8a6239cf869761_VWGSGGK
2026-09-25 21:19:46,2026-09-25 21:27:40,0,100,474,1,2026-09-25 21:27:41,R_2hX6uzFHeVbMz4b,anonymous,DE,1,FL_EOS_ID,,5,6,1,1,4,4,100,"Mars, Twix, Bounty, Snickers",4.164,65.202,98.371,3,,1,,1,1,1,,1,1,,1,,1,1,,1,1,,,1,,,,,1,,,,,,1,,1,,,,,,,,1,,,,,,,,,,,,,1,,,,,,,,,,9.334,72.701,85.45,17,,,,,,,,,,,1,1,49,0,0,-1,5,0,,,,,,,,,,"zuckerfreier Schokoriegel, etwas gesünder im Vergleich",2,1,11.6,110.571,110.9,6,4,complete,,,,AT,1___2027adcf66713090e9657c45cb081d54_VWGSGGK
2026-09-25 21:27:19,2026-09-25 21:32:09,0,100,290,1,2026-09-25 21:32:10,R_2jCIj9BIZYcAvbr,anonymous,DE,1,FL_EOS_ID,,2,5,2,8,4,2,100,Twix,2.402,6.866,7.701,2,,1,,1,1,1,,1,,1,1,1,1,1,,1,1,,1,1,,,1,,1,,1,,,,,,1,1,1,,,,,,1,,,,,1,,1,,,,,,1,,1,,,,,,,,1.752,83.126,83.941,50,,,,,,,,,,,1,27,35,33,44,0,7,7,,,,,,,,,,Zart,7,9,3.295,34.636,35.593,12,2,complete,,,,AT,1___abba05c00e359c3396407b15c5f6ecce_VWGSGGK
2026-09-25 21:33:35,2026-09-25 21:35:06,0,100,91,1,2026-09-25 21:35:07,R_8BWNNWsKZllFjUr,anonymous,DE,1,FL_EOS_ID,,5,5,1,2,6,3,100,"Milka, KitKat",2.161,2.161,12.149,1,,1,,1,1,1,,,,1,1,1,1,1,,,,,,,,,,,1,,,,,,,,,1,1,,,,,,,,,,,,,,,,,,,1,,,,,,,,,,5.351,32.928,34.789,13,,,,,,,,,,,,,,,,,,,,,,,,,,,,,,,,,,,4,complete,,,true,AT,1___ffc222734aa2b559e85319a68be37388_VWGSGGK
2026-09-25 21:36:52,2026-09-25 21:42:28,0,100,335,1,2026-09-25 21:42:29,R_8d3L5Os812BjEtV,anonymous,DE,1,FL_EOS_ID,,3,4,2,3,4,2,100,"Milka, kinder schokolade, jubo, balisto",8.739,47.738,49.289,2,,1,,1,1,1,,1,,1,1,1,1,1,,1,1,,1,1,,,1,,1,,,,,,1,,1,,,,,,,,,,,1,,,,,,,,1,,,,,,,,,,,,7.278,90.892,91.892,45,,,,,,,,,,,1,1,63,-9,34,0,6,5,,,,,,,,,,Ein nicht alltäglicher Snack,5,7,4.327,47.825,48.528,14,5,complete,,,,AT,1___aee2ef6e0726a4d21eec45da5fb2621c_VWGSGGK
2026-09-25 21:51:23,2026-09-25 21:53:21,0,100,118,1,2026-09-25 21:53:22,R_8QDAPT4dV1mucIi,anonymous,DE,1,FL_EOS_ID,,3,3,1,2,4,4,100,"Milka 
Mars
Snickers",0.99,0.99,10.562,1,1,1,1,1,1,1,1,1,,1,1,1,1,1,,1,1,1,1,1,,,1,,1,1,1,1,1,,1,1,1,1,1,,1,,,1,1,,,1,,,,,,,,1,,1,,,,,,,,,,1.422,29.681,30.571,41,1,,1,,,,,,,,,29,62,33,63,38,7,5,1,,1,,,,,,,Guter Snack,4,6,1.085,7.025,7.734,3,3,complete,,,true,AT,1___6e78931fe1cd6a174ba41c87533211f1_VWGSGGK
2026-09-25 22:06:40,2026-09-25 22:11:30,0,100,289,1,2026-09-25 22:11:30,R_8kZHQQFYRCA1ZuP,anonymous,DE,0.8999999761581421,FL_EOS_ID,,6,6,2,2,4,7,100,"Knppers
",3.141,3.141,26.868,1,,1,,1,1,1,1,1,,1,1,1,1,1,,1,,,1,,,,,,,,,,,,,,,,,,1,,,,,,,,,1,,,,,,,,1,,1,,,,,,,,1.782,63.795,65.715,18,,,,,,,,,,,1,61,72,0,39,21,7,3,,,,,,,,,1,Ih glaube wenig Zucker,3,3,2.606,22.286,23.636,3,5,complete,,,,AT,1___496b299dd5a1ae1cfbf49df2902e4ebf_VWGSGGK
2026-09-25 22:32:48,2026-09-25 22:34:52,0,100,123,1,2026-09-25 22:34:52,R_823bUTnza4QIs9S,anonymous,DE,0.800000011920929,FL_EOS_ID,,4,2,2,7,2,2,100,Knoppers,2.078,2.078,14.985,1,,1,,1,1,1,,1,,1,1,1,1,1,,,,,,1,,,1,,,,,,,,1,1,1,,1,,,,,,,,,1,,,,1,,,,1,1,1,,1,,,,,,,,2.997,46.224,46.964,42,,,,,,,,,,,,,,,,,,,,,,,,,,,,,,,,,,,3,complete,,,,AT,1___a5054066f690e252b67a8b4e97afdabf_VWGSGGK
2026-09-25 22:32:34,2026-09-25 22:35:42,0,100,187,1,2026-09-25 22:35:42,R_2IidXNM9zSHU3K1,anonymous,DE,1,FL_EOS_ID,,6,5,1,5,6,5,100,"Mars, Balisto, Twix",1.294,18.638,19.279,3,,1,,1,1,1,,1,,1,1,1,1,1,,1,,,1,1,,,,,,,1,,,,,,1,,1,,,,,,,,,,,,,,,,,,,,,,,,,,,,1,1.193,37.778,38.49,42,,,,,,,,,,,1,-51,24,-33,0,0,1,0,,,,,,,,,,Zuckerfreier Riegel ohne wirklichen Genuss,1,0,4.349,29.539,30.077,9,4,complete,,,,AT,1___c5c1366831d0670f750e355d1a03d1e2_VWGSGGK
2026-09-25 22:43:34,2026-09-25 22:45:19,0,100,105,1,2026-09-25 22:45:19,R_20jApEtshNwMn9y,anonymous,DE,1,FL_EOS_ID,,4,2,1,2,3,2,100,Kinder milka,2.4,2.4,9.396,1,,1,,1,1,1,,1,,1,1,1,1,1,1,,,,1,1,,,,,,,,,,,1,,1,,1,,,,,,,,,,,,,,,,,1,,,,1,,,,,,,,3.676,45.508,46.363,29,,,,,,,,,,,,,,,,,,,,,,,,,,,,,,,,,,,3,complete,,,,AT,1___dfa068fee54d198bd7a788a4ffb6809a_VWGSGGK
2026-09-25 22:38:55,2026-09-25 22:48:09,0,100,553,1,2026-09-25 22:48:09,R_8y715EMX1Z0uWKW,anonymous,DE,0.800000011920929,FL_EOS_ID,,3,2,1,2,6,7,100,"Mars, Snickers, Bounty, Knoppas, Ballista, Twix, Milkywey, Corny, Nussini, Lion King",2.301,144.907,180.123,17,,1,,1,1,,1,,,1,1,1,1,1,1,1,,,1,1,,,,,1,1,,,,,1,1,1,,1,,1,,,1,1,,,,,1,,,,,,,,1,,1,,,,,1,,,6.088,127.997,129.44,38,1,,1,1,1,1,,1,1,1,,100,100,100,100,42,8,5,1,,,1,,,,,,Guter hochqualitativer etwas teuerer Schokoriegel.,5,8,3.001,62.052,62.462,15,5,complete,,,,AT,1___2002c4dac229de5afac0c978cc03ac44_VWGSGGK
2026-09-25 22:49:28,2026-09-25 22:51:04,0,100,96,1,2026-09-25 22:51:05,R_8JDVGkw8Duqtr6M,anonymous,DE,1,FL_EOS_ID,,1,2,1,1,4,7,100,"Milka zotter lind ",2.1,23.293,24.061,2,,1,,1,,,,1,,1,,,1,1,,,1,1,1,1,,,1,,1,,,,1,,,,,,1,,,1,,1,1,,,1,,1,,,,,,1,,,1,1,,,,,1,1,,1.329,36.936,37.632,43,,,,,,,,,,,,,,,,,,,,,,,,,,,,,,,,,,,5,complete,,,,AT,1___d870b2b586ad567d9b6774786ea2be27_VWGSGGK
2026-09-25 22:48:06,2026-09-25 22:51:08,0,100,181,1,2026-09-25 22:51:08,R_21jb1EhPi6gsg9A,anonymous,DE,0.800000011920929,FL_EOS_ID,,3,3,2,3,5,2,100,"Milka, Kinder, Ferrero, sbuget",2.98,24.96,25.571,2,,1,,1,1,1,,1,,1,1,1,1,1,,,,,1,1,,,1,,,,,,,,1,1,,,1,,,,,1,,,,,,,,,,,,1,,,,1,,,,,1,,,8.8,68.342,69.189,47,,,,,,,,,,,,,,,,,,,,,,,,,,,,,,,,,,,4,complete,,,,AT,1___ca48034b82ef278a74355bfd32477fc2_VWGSGGK
2026-09-25 22:50:29,2026-09-25 22:55:50,0,100,321,1,2026-09-25 22:55:51,R_8QDptdKZJ8TeN0t,anonymous,DE,1,FL_EOS_ID,,4,4,1,1,4,3,100,"Kinder, Kinder Bueno, Ritter Sport, Leon, twix",4.416,44.67,74.665,2,,1,,1,1,1,,1,,1,1,1,1,1,,,,,1,1,,,1,,,,,,1,,1,1,1,1,1,,,,,1,1,,,,,,,,,,,,1,1,,,,,,,,1,,5.938,90.789,92.2,42,,,,,,,,,,,,,,,,,,,,,,,,,,,,,,,,,,,4,complete,,,,AT,1___7eda3b90af9826330f9b14dc6a9e65d8_VWGSGGK
2026-09-25 22:54:42,2026-09-25 22:58:57,0,100,254,1,2026-09-25 22:58:57,R_8dZm0IOpbpIGZMw,anonymous,DE,1,FL_EOS_ID,,2,3,2,8,4,4,100,"Kinder-Riegel, Mars, Bueno, Snickers, Twix, Balisto, Lion, Kinder Country, Milky way, Milka Tender",1.581,71.863,86.364,2,,1,,1,1,1,,1,,1,1,1,1,1,,1,,1,1,1,,,,,,,1,,1,,1,1,1,1,1,,,,1,1,1,,,,,,,,,1,,1,1,1,,1,,1,,1,,1,,0.715,47.486,47.905,49,,,,1,,,1,1,,,,33,9,21,32,-6,4,2,,,,,,,,,,Zuckerfreie Alternativen,2,1,1.723,20.833,22.722,10,3,complete,,,,AT,1___22d988a697e6ebbb8259cfb7ab1028a7_VWGSGGK
2026-09-26 00:01:32,2026-09-26 00:05:23,0,100,230,1,2026-09-26 00:05:24,R_8GWFbYg5Li8wb4A,anonymous,DE,1,FL_EOS_ID,,5,3,1,3,1,2,100,ritter sport,2.801,2.801,9.647,1,,1,,1,1,1,,1,,1,1,1,1,1,,1,,,1,1,,,1,,,1,1,,1,,,1,1,,,,,,,,,,,,,,,,,,,,,,,,,,,,,,1,3.93,59.028,61.219,27,,,,,,,,,,,1,-6,-3,-100,0,-1,1,1,,,,,,,,,,------,1,0,2.58,11.539,13.286,4,2,complete,,,,AT,1___a68021efedec934ef66bf42ed04cf5b6_VWGSGGK
2026-09-26 00:06:35,2026-09-26 00:11:45,0,100,310,1,2026-09-26 00:11:46,R_2rAaau1D4fN56pa,anonymous,DE,0.800000011920929,FL_EOS_ID,,4,3,1,2,4,2,100,Milka,2.874,2.874,6.653,1,,1,,1,,1,,,,1,1,1,1,1,,1,,,1,1,,,1,,,,,,,,1,,,1,1,,,,,,,,,,,,,,,,,,,1,,,,,,,,,,7,78.002,78.823,37,,,,,,,,1,,,,-79,-55,-83,-1,-5,0,0,,,,,,,,,,Teuer,1,0,2.906,35.295,36.006,18,1,complete,,,,AT,1___cb4d7572287b21ca94aca2a6bcdd2805_VWGSGGK
2026-09-26 01:13:18,2026-09-26 01:16:54,0,100,216,1,2026-09-26 01:16:54,R_86eS7sONWDXZ42J,anonymous,DE,1,FL_EOS_ID,,4,4,1,1,7,3,100,"milka, kitkat, duplo",3.935,3.935,37.777,1,,,,,1,,,,,,1,1,1,1,,,,,1,1,,,,,,,,,,,,,,1,1,,,,,,,,,,,,,,,,,,,,,1,,,,,,,,13.438,83.173,92.589,10,,,,,,,,,,,,,,,,,,,,,,,,,,,,,,,,,,,1,complete,,,true,AT,1___c78c061d9b490c6e320b5e2189e3bb7f_VWGSGGK
2026-09-26 02:25:18,2026-09-26 02:27:12,0,100,113,1,2026-09-26 02:27:12,R_8X69XMPtq7mvMz6,anonymous,DE,0.800000011920929,FL_EOS_ID,,5,3,1,2,6,3,100,"Mars, Duplo, Twix
",1.909,20.436,21.392,4,,1,,1,,,,,,1,1,,1,1,,,,,1,1,,,,,,,,,,,,,,1,,,,,,,,,,,,,,,,,,,,,,,,,,,,,1,2.924,39.458,40.678,28,,,,,,,,,,,,,,,,,,,,,,,,,,,,,,,,,,,4,complete,,,,AT,1___ed14baa907338f95ea276d844b9bbd6c_VWGSGGK
2026-09-26 05:02:30,2026-09-26 05:04:20,0,100,109,1,2026-09-26 05:04:20,R_8HZBICOOTHTYqoR,anonymous,DE,1,FL_EOS_ID,,4,5,1,2,5,2,100,duplo,2.304,2.304,6.625,1,,1,,1,1,1,,1,,1,1,1,1,1,,,,,,1,,,,,1,,,,,,,,1,,1,,,,,,,,,,,1,,,,,,,,1,,1,,,,,,,,4.164,46.419,47.785,17,,,,,,,,,,,,,,,,,,,,,,,,,,,,,,,,,,,2,complete,,,,AT,1___5b88da094259db448d6883978a9dcc96_VWGSGGK
2026-09-26 05:42:20,2026-09-26 05:45:50,0,100,209,1,2026-09-26 05:45:50,R_8Ptc8mgM8l3edrZ,anonymous,DE,1,FL_EOS_ID,,2,3,1,8,4,2,100,"Kinder,Milka,Knoppers",3.152,32.929,33.366,3,,1,,1,1,1,1,1,,1,1,1,1,1,1,1,,,1,1,,1,1,,1,1,1,,1,,1,1,1,1,1,,1,,,1,1,,,,,,,1,,,,1,1,1,,1,,1,,,1,,,3.2,56.202,57.247,54,1,,,1,1,1,,,,,,100,100,87,96,81,9,8,,,,,,,,,,"Mädchen ohne Zucker ",7,9,2.601,44.499,44.954,8,4,complete,,,true,AT,1___c50bd395d9a788cce23adc793172af84_VWGSGGK
2026-09-26 06:42:42,2026-09-26 06:50:33,0,100,471,1,2026-09-26 06:50:33,R_2pW8LaDkipjziZ0,anonymous,DE,0.8999999761581421,FL_EOS_ID,,2,5,1,3,3,1,100,"Kinder Schokolade ",2.4,14.364,15.185,2,,1,,1,,1,,,,1,1,1,1,1,,,,,1,,,,1,,,,,,,,,1,1,,,,,,,,,,,1,,,,1,,,,1,1,1,,1,,,,,,,,339.397,415.832,416.52,39,,,,,,,,,,,,,,,,,,,,,,,,,,,,,,,,,,,5,complete,,,true,AT,1___809b035bea9fe25f226ac85ea181c6ba_VWGSGGK
2026-09-26 07:00:47,2026-09-26 07:03:23,0,100,156,1,2026-09-26 07:03:24,R_8K8v0H3K40x2gvU,anonymous,DE,0.8999999761581421,FL_EOS_ID,,4,5,2,3,3,2,100,"Sniker
Milka",2.14,3.606,26.499,2,,,,1,1,,,1,,1,1,1,,1,,,,,,,,,,,,,,,,,1,,,,,,,,,,1,,,,,,,,,,,,1,,,,,,,,,1,,3.812,44.246,46.147,31,,,,,,,,,,,,,,,,,,,,,,,,,,,,,,,,,,,2,complete,,,,AT,1___a3e411805cc3b3072d72c23d1b428aac_VWGSGGK
2026-09-26 07:03:13,2026-09-26 07:08:40,0,100,326,1,2026-09-26 07:08:40,R_8hfdV9Dcttmb0Nr,anonymous,DE,1,FL_EOS_ID,,3,3,2,8,6,3,100,"Corny 
Naturally Pam 
Ahead 
Koro ",2.925,2.925,33.289,1,1,1,,1,1,1,1,1,,1,1,1,1,1,1,1,1,,1,1,,1,,,,,,1,,,,,,,,1,1,,,,,,1,,,,,,1,,,,,,,,,1,,,,,,5.684,69.256,71.263,60,,,,,,,,1,1,,,100,100,78,100,,10,7,,,,,,,,,,"Ein leckerer Schoko Riegel der an einen Proteinriegel erinnernt aber mit weniger Zucker. ",7,10,1.964,58.773,59.855,8,5,complete,,,,AT,1___a1a0bc17fece7053a4173ffcd9859c44_VWGSGGK
2026-09-26 07:11:50,2026-09-26 07:14:55,0,100,184,1,2026-09-26 07:14:56,R_8azTBWPTtoZ7CqN,anonymous,DE,1,FL_EOS_ID,,6,6,1,1,1,4,100,"Milka, Ritter, Kinder, ",1.84,1.84,18.365,1,,1,,1,1,1,1,1,,1,1,1,1,1,,,,,1,1,,,,,1,,1,,,,,,1,,,,,,,,,,,,,,,,,,,,,,,,,,,,,,1,3.309,54.438,55.309,17,,,,,,,,,,,,,,,,,,,,,,,,,,,,,,,,,,,4,complete,,,,AT,1___b1d20df7fe57d100807f4c581dc094d1_VWGSGGK
2026-09-26 07:36:13,2026-09-26 07:37:41,0,100,87,1,2026-09-26 07:37:41,R_8DFfroYRFmCzjgJ,anonymous,DE,1,FL_EOS_ID,,4,5,1,2,4,3,100,Milka,2.03,5.82,6.843,2,,,,1,,,,,,1,,1,1,1,,,,,,1,,,,,1,,,,,,,,1,,1,,,,,,,,,,,,,,,,,,,1,,,,,,,,,,5.867,40.667,41.559,16,,,,,,,,,,,,,,,,,,,,,,,,,,,,,,,,,,,5,complete,,,,AT,1___74f419b98b4d5f9cdb1fb0cae15308ee_VWGSGGK
2026-09-26 07:54:29,2026-09-26 07:57:55,0,100,205,1,2026-09-26 07:57:55,R_2hApFSOnpFH4n2r,anonymous,DE,1,FL_EOS_ID,,3,6,2,1,4,5,100,"Lindt, Suchard, KitKat, Leo, Ritter Sport ",3.042,33.389,34.164,2,,,,1,,1,,1,,,1,1,1,1,,,,,,,,,1,,,,1,,1,,,,1,1,1,,,,,,,,,,,,,1,,,,,,1,,1,,,,,,,,9.336,77.11,77.953,34,,,,,,,,,,,,,,,,,,,,,,,,,,,,,,,,,,,5,complete,,,,AT,1___cf66d406e6c24c00bb26e67375779383_VWGSGGK
2026-09-26 07:56:46,2026-09-26 08:00:56,0,100,250,1,2026-09-26 08:00:57,R_2TavLrn5OiCCo1j,anonymous,DE,1,FL_EOS_ID,,6,4,2,8,5,2,100,"Mars, Snickers, Balisto, Milky Way, Bounty, Twix, Kinder Bueno, Corny

Nestle
Mondelez 
Procter & Gamble
",2.661,96.747,105.02,2,,1,,1,1,1,,1,,1,1,1,1,1,1,,,,1,1,,,1,,1,1,1,,1,,1,1,,1,1,,,,,,1,,,,,,,,,,,1,1,1,,1,,,,,,,,3.298,81.899,83.277,77,,,,,,,,,,,,,,,,,,,,,,,,,,,,,,,,,,,4,complete,,,,AT,1___f37217b78c30ad5ff15c7daa17da3c56_VWGSGGK
2026-09-26 08:11:02,2026-09-26 08:15:39,0,100,277,1,2026-09-26 08:15:40,R_8OtBLQ1izZm1v6V,anonymous,DE,1,FL_EOS_ID,,3,3,2,2,3,3,100,"Kinder, Mars, Milka",9.661,58.659,59.451,4,,1,,1,1,1,,1,,1,1,1,1,1,1,1,1,,1,1,,,1,,1,,,,,,1,1,1,1,1,,,1,,1,1,,,1,,1,,,,,,,1,,1,1,,,,,,1,,5.382,62.906,63.5,57,1,1,,1,,,,1,,,,,,,,15,5,0,,,,,,,,,,,1,0,4.941,16.805,16.812,7,2,complete,,,,AT,1___9a0bc0a725181e492beb637ea75a9de0_VWGSGGK
2026-09-26 08:14:57,2026-09-26 08:18:03,0,100,186,1,2026-09-26 08:18:04,R_8GrjarTZwuAHn6D,anonymous,DE,0.800000011920929,FL_EOS_ID,,1,5,2,3,3,2,100,"Milka Knoppers, Bariton Country",1.45,1.45,27.771,1,,1,,1,1,1,,1,,1,1,1,1,1,,1,,,1,1,,,1,,1,,1,,,,1,1,1,1,1,,,,,1,1,,,1,,1,,1,,,,1,1,1,1,1,,,,,1,,,3.1,41.505,42.204,47,1,,1,,1,1,,,,,,38,34,46,87,-1,5,5,,,,,,,,,,Genuss cremig,5,5,1.478,20.419,24.154,11,5,complete,,,,AT,1___c414bf31eaf791bccad143cb1facf01d_VWGSGGK
2026-09-26 08:53:45,2026-09-26 08:57:11,0,100,205,1,2026-09-26 08:57:12,R_2EzoWwkVeAipyy5,anonymous,DE,1,FL_EOS_ID,,4,5,1,1,4,5,100,Snickers,1.858,1.858,12.583,1,,1,,1,1,1,,,,,1,1,1,1,,,,,,1,,,,,1,,1,,,,1,1,1,1,1,,,,,1,1,,,1,,,,,,,,,,1,,1,,,,,,1,,2.98,63.494,66.803,68,,,,,,,,,,,,,,,,,,,,,,,,,,,,,,,,,,,4,complete,,,,AT,1___bdab6ae2623e771548744d3743f3aa8f_VWGSGGK
2026-09-25 23:40:31,2026-09-26 09:05:35,0,100,33903,1,2026-09-26 09:05:35,R_8dNdA0C5agyoPYt,anonymous,DE,1,FL_EOS_ID,,4,6,2,7,3,5,100,"ESN, Hej",11.995,43.871,44.787,2,1,1,1,1,1,1,1,1,1,,1,1,,1,,1,,,1,1,,1,,,,,,,,,,,,,,1,,,,,,,,,,,,,,,,,,1,,,1,,,,,,,5.743,108.041,109.5,27,,,,,,,,,,,1,24,8,-18,8,9,3,3,,,,,,,,,,Kann es leider nicht machen,3,3,14.497,40.632,41.703,9,5,complete,,,,AT,1___931f72731c65fec028b379e8ea3f9ac5_VWGSGGK
2026-09-26 09:24:26,2026-09-26 09:27:27,0,100,180,1,2026-09-26 09:27:27,R_2dVW2Di0xYkydBy,anonymous,DE,0.8999999761581421,FL_EOS_ID,,5,6,1,2,3,2,100,Suchard,5.201,5.201,23.849,1,,,,1,,,,,,,,1,1,1,,,,,,1,,,,,,,,,,,,,1,,,,,,,,,,,,,,,,,,,,,,,1,,,,,,,,8.548,54.7,58.61,7,,,,,,,,,,,,,,,,,,,,,,,,,,,,,,,,,,,5,complete,,,,AT,1___95797b5efb31c3429f96cf7b4aee6b7a_VWGSGGK
2026-09-26 09:27:09,2026-09-26 09:31:13,0,100,244,1,2026-09-26 09:31:13,R_2j0fvpzWvMfsbnj,anonymous,DE,1,FL_EOS_ID,,5,2,2,2,2,3,100,"Knoppers 
Snickers
Milkyway
Twix
Corny
",2.271,20.27,20.964,2,,1,,1,1,1,,1,,1,1,1,1,1,1,1,,,1,1,,,1,,1,,1,,1,,1,1,1,,1,,1,,,1,,,,1,,,,,,,,1,,,,,,1,,,,,,5.2,65.113,65.661,42,,,1,1,,,,1,,,,70,87,-30,46,23,8,6,,,,,,,,,,"Geschmacklich top, preislich etwas zu viel, ",6,9,2.3,27.911,28.635,13,4,complete,,,,AT,1___ccb4f70c7e918b4f4fba2d3127ab01e5_VWGSGGK
2026-09-26 09:42:45,2026-09-26 09:44:32,0,100,107,1,2026-09-26 09:44:32,R_80uu0q4BP6YSxLH,anonymous,DE,0.8999999761581421,FL_EOS_ID,,6,6,2,3,7,2,100,keine,4.032,9.495,13.896,2,,,,,,,,,,,,,,1,,,,,,,,,,,,,,,,,,,,,,,,,,,,1,,,,,,,,,,,,,,,,,,,,,1,5.716,40.893,41.881,4,,,,,,,,,,,,,,,,,,,,,,,,,,,,,,,,,,,3,complete,,,,AT,1___97bc46f98ac116f5933d7324a7bc95f2_VWGSGGK
2026-09-26 09:46:19,2026-09-26 09:47:39,0,100,79,1,2026-09-26 09:47:39,R_8bnOPIMOB9upA3v,anonymous,DE,0.8999999761581421,FL_EOS_ID,,2,5,1,3,3,2,100,Milka,1.334,1.334,5.923,1,,1,,1,1,1,,1,,,1,1,1,1,,,,,1,1,,,,,,,,,,,,,,,1,,,,,,,,,,,,,,,,,,,,,1,,,,,,,,3.923,36.539,37.594,15,,,,,,,,,,,,,,,,,,,,,,,,,,,,,,,,,,,1,complete,,,,AT,1___b2023af9ab567d95d5505695e7e58a49_VWGSGGK
2026-09-26 10:02:14,2026-09-26 10:04:42,0,100,148,1,2026-09-26 10:04:43,R_2tlNGgDUxnS5B5Z,anonymous,DE,0.8999999761581421,FL_EOS_ID,,4,6,1,2,4,3,100,"Milka, Bensdorf, Suchard, Zotter",2.34,2.34,26.809,1,,1,,1,,1,,,,,,1,1,1,,,,,,1,,,,,,,1,,,,,,,,,,,,,,,,,,,,,,,,,,,1,,,,,,,,,,4.234,57.739,60.071,9,,,,,,,,,,,,,,,,,,,,,,,,,,,,,,,,,,,3,complete,,,,AT,1___8994fefbfa9882567e3fa76d8c93d07b_VWGSGGK
2026-09-26 10:46:59,2026-09-26 10:51:21,0,100,262,1,2026-09-26 10:51:22,R_8lzS7yOGi6haLva,anonymous,DE,1,FL_EOS_ID,,4,2,2,3,3,3,100,"Koro , Twix ,Snickers,Corny",1.8,26.364,26.796,2,,1,,1,1,1,,1,,1,1,1,1,1,,1,,,1,1,,,1,,1,1,,,1,,1,1,1,1,1,,1,,,1,1,,,1,,1,1,,,,,,,,,,,,,,,,,5.244,59.259,59.864,44,,,,,,,,1,,,,100,100,100,100,2,10,5,,,,,,,,,1,"Perfekte Größe, ansprechende Verpackung,guter Geschmack ",3,5,3.011,40.397,41.911,17,2,complete,,,,AT,1___facc36025bd801a5c141593e50b9e0f1_VWGSGGK
2026-09-26 10:41:44,2026-09-26 10:53:27,0,100,702,1,2026-09-26 10:53:27,R_8M0a4BBNZzKiWiT,anonymous,DE,0.8999999761581421,FL_EOS_ID,,1,4,2,2,2,2,100,"milka, kinder,",1.86,1.86,22.018,1,,1,,1,,1,,1,,1,1,1,1,1,,1,,,1,1,,,,,,,1,,,,1,1,1,,,,,,,1,,,,,,,,1,,,,1,,1,,1,,,,,,,,2.275,545.984,547.587,21,,,,,,,,1,,,,-60,42,-40,,21,0,0,,,,,,,,,,keine ahnung noch nie probiert,1,0,5.329,22.481,23.4,3,5,complete,,,,AT,1___2abfeeade3e201e089aa6a872eb1ecee_VWGSGGK
2026-09-26 11:09:17,2026-09-26 11:13:23,0,100,246,1,2026-09-26 11:13:24,R_2M3ZhgvCJCrGdNN,anonymous,DE,0.800000011920929,FL_EOS_ID,,5,5,2,6,3,2,100,"Milka ",3.089,3.089,11.688,1,,1,,1,1,1,1,1,,1,1,1,1,1,,1,,,1,1,,,,,1,,,,,,1,,,,1,,,,,,,,,,,1,,,,,,,,,,1,,,,,,,,8.951,64.11,64.774,32,,,,,,,,1,,,,30,44,50,68,73,5,3,,,,,,,,,,Leider nicht alle Glutenfrei,5,4,5.034,32.01,33.402,8,3,complete,,,,AT,1___67c0bc69061e60ed0c96c70462667413_VWGSGGK
2026-09-26 11:11:27,2026-09-26 11:15:44,0,100,256,1,2026-09-26 11:15:44,R_22TtJTn8cHkVFg5,anonymous,DE,0.800000011920929,FL_EOS_ID,,3,5,1,1,4,5,100,"Mars,Twix,KitKat,Bounty,Snickers",3.074,3.074,28.941,1,,1,,1,1,1,,1,,1,1,1,1,1,,1,,,1,1,,,1,,1,1,1,,,,,,,1,,,,,,,1,,,,,1,,,,,,,,,1,,,,,,1,1,,2.159,57.514,59.532,40,,1,1,,,,,1,,,,41,22,27,23,,2,2,,,,,,,,,,Etwas bitter und härtere Konsistenz,2,2,1.704,32.421,33.506,7,4,complete,,,,AT,1___0ac1ca57cce65218c2e53bd1f426a6ca_VWGSGGK
2026-09-26 11:34:34,2026-09-26 11:38:16,0,100,222,1,2026-09-26 11:38:17,R_8sdBZx5dPi04Yvb,anonymous,DE,1,FL_EOS_ID,,5,5,1,1,4,2,100,"Noh, Manner, Clever, Mars, MilkyWay, Bounty",1.656,37.416,39.164,3,,1,,1,1,1,,1,,1,1,1,1,1,,1,,,1,1,,,1,,1,1,1,,1,,,1,1,1,1,,1,,,1,1,,,1,,,,1,,,,,,1,,,,,,,,,,2.221,46.77,47.793,28,1,,,,,,,,,,,62,82,20,80,2,9,8,,,,,,,,,1,"österreichisch, nicht zu süß, richtige Größe",4,7,1.328,24.998,25.606,3,4,complete,,,,AT,1___3ea0a2fd0d816367148fbc4d3b6e06f9_VWGSGGK
2026-09-26 11:47:52,2026-09-26 11:52:50,0,100,298,1,2026-09-26 11:52:51,R_8mPBiAuKP5MVo73,anonymous,DE,1,FL_EOS_ID,,3,6,1,3,4,,100,milka lindt suchard bensdorp ritter ferrero kider,4.394,4.394,50.634,1,1,1,1,1,,1,,1,1,1,1,1,1,1,,1,1,1,1,,,,1,,1,,1,,1,,1,1,1,1,1,,,,,1,1,,,,,1,,,,,,1,1,1,1,1,,,,,1,,,2.857,85.402,88.133,40,,1,,,,,,,,1,,100,100,100,100,100,10,10,,,,,,,,,,ja,7,10,4.12,11.416,13.867,3,5,complete,,,,AT,1___8e24f99ccca953d9a35f6ea9cd25d30d_VWGSGGK
2026-09-26 12:11:31,2026-09-26 12:14:43,0,100,192,1,2026-09-26 12:14:44,R_8uwXGywmYFQ0JIB,anonymous,DE,1,FL_EOS_ID,,2,3,2,9,7,3,100,"Kinder
Mars
Bounty
Snikers
Twix",1.793,15.798,21.466,3,1,1,,1,1,1,,1,,1,1,1,1,1,,1,,,1,1,,,1,,1,,1,,,,1,1,1,1,1,,,,,,1,,,,,,,,,,,1,,1,,1,,,,,,,,1.432,49.987,50.632,37,,,,,,,,,,,1,-46,-64,-100,,,1,0,,,,,,,,,,,1,0,5.941,19.448,19.453,11,4,complete,,,,AT,1___e530b856b89f5cdda01dab81ab23c2fd_VWGSGGK
2026-09-26 12:38:42,2026-09-26 12:40:27,0,100,105,1,2026-09-26 12:40:28,R_8XO4ChqTutIbrLb,anonymous,DE,1,FL_EOS_ID,,3,4,1,5,4,2,100,"Mars
Twix
Bounty",1.452,1.452,15.957,1,,1,,1,1,1,,,,1,1,1,1,1,,,,,1,1,,,,,,,,,,,1,1,1,,,,,,,,,,,,,,,,,,,1,1,,,1,,,,,,,,4.647,45.592,46.422,27,,,,,,,,,,,,,,,,,,,,,,,,,,,,,,,,,,,5,complete,,,,AT,1___7a74f49a0064a95f75d218201bc1e29a_VWGSGGK
2026-09-26 12:36:43,2026-09-26 12:42:35,0,100,352,1,2026-09-26 12:42:36,R_8maGpYClX5dW8fR,anonymous,DE,1,FL_EOS_ID,,4,6,1,8,2,2,100,"Milka, Mars ,Dublo, Ferero , mon Chery",5.257,44.698,115.202,3,,1,,,1,1,,1,,1,1,,1,1,,,,,,1,,,,,,,1,,,,,,,,1,,,,,,,,,,,,,1,,,,,,,,1,,,,,,,,9.091,104.687,106.274,13,,,,,,,,,,,,,,,,,,,,,,,,,,,,,,,,,,,5,complete,,,,AT,1___1a5d44fbe76f1137bb47d310e1e26a5c_VWGSGGK
2026-09-26 12:46:04,2026-09-26 12:47:53,0,100,109,1,2026-09-26 12:47:54,R_8WJeltuPqGdIAtQ,anonymous,DE,0.800000011920929,FL_EOS_ID,,5,2,2,2,2,3,100,Kinder,1.494,6.495,7.471,3,,1,,1,1,1,,1,,1,1,1,1,1,,,,,1,1,,,1,,,,1,,,,1,,1,,1,,,,,1,,,,1,,,,,,,,1,,1,,,,,,,1,,,3.287,51.44,53.24,43,,,,,,,,,,,,,,,,,,,,,,,,,,,,,,,,,,,3,complete,,,,AT,1___dce49b8211e7db84b7312edef3e92e27_VWGSGGK
2026-09-26 12:50:28,2026-09-26 12:51:57,0,100,88,1,2026-09-26 12:51:57,R_2gmcZPuqzw3R7WN,anonymous,DE,1,FL_EOS_ID,,2,5,1,1,4,3,100,"Milka
Kinder
Bahlsen?",1.791,1.791,13.757,1,,1,,1,,1,1,1,,1,1,1,1,1,,,,,1,1,,,,,,,,,,,,,,,1,,,,,,,,,,,,,,,,,,,,,1,,,,,,,,4.591,32.096,33.401,15,,,,,,,,,,,,,,,,,,,,,,,,,,,,,,,,,,,4,complete,,,,AT,1___a6164f364ca1129fce9b9b1562d6bacb_VWGSGGK
2026-09-26 12:53:46,2026-09-26 12:58:03,0,100,257,1,2026-09-26 12:58:03,R_84dbKILqDlicGBg,anonymous,DE,1,FL_EOS_ID,,3,4,2,4,5,2,100,"Kinder
Corny 
Duplo",3.362,3.362,27.647,1,1,1,,1,1,1,1,1,,1,1,1,1,1,1,1,,,1,1,,,,,,1,,,,,1,,1,,1,1,1,,,,,,,,,,1,,,,,1,,1,,1,,1,,,,,,2.775,64.494,65.502,74,,1,,,,,,,,,,88,82,71,100,4,8,9,,,,,,,,,,"Super zuckerfreie Alternative ",5,8,3.063,49.969,51.435,13,5,complete,,,,AT,1___e7c992f7ff6b8188253ed478e6911c5f_VWGSGGK
2026-09-26 13:31:00,2026-09-26 13:35:03,0,100,242,1,2026-09-26 13:35:03,R_29tQaMBvHZuLTbG,anonymous,DE,0.800000011920929,FL_EOS_ID,,5,5,2,1,6,5,100,"Milka, Kinder, Duplo",1.59,1.59,25.293,1,,1,,,1,1,1,1,,1,1,1,1,1,1,1,,,1,1,,,,,1,1,,,,,1,1,,1,1,,,,,1,,,,,,,1,,,,,1,,,,,,,,,,,,5.889,52.024,54.232,43,,1,,,,,1,,,,,33,52,16,-30,,3,0,,,,,,,,,,"Zuckerfrei aber nicht vegetarisch ",1,4,3.836,35.887,39.405,11,5,complete,,,,AT,1___1f2720c0f76d1088579a98f92ec62b04_VWGSGGK
2026-09-26 14:20:50,2026-09-26 14:23:39,0,100,169,1,2026-09-26 14:23:39,R_8rruaz9kqe5N0Bz,anonymous,DE,1,FL_EOS_ID,,5,4,2,1,2,1,100,Merci,1.982,5.296,7.866,2,,1,,1,1,,,1,,1,1,,1,1,,1,,,1,1,,,1,,,,,,,,,1,,,,,,,,,,,,,,,,,,,,,,1,1,,,,,,,,,3.523,47.824,48.537,32,,1,,,,,,,,,,84,90,87,60,0,7,3,,,,,,,,,,"Gesunder riegel ",2,4,3.036,20.503,21.283,12,5,complete,,,,AT,1___c46d9d4e7ac4e40bb334e39dade27d95_VWGSGGK
2026-09-26 14:50:29,2026-09-26 14:59:16,0,100,527,1,2026-09-26 14:59:16,R_2i8fTGLNoNg4V69,anonymous,DE,1,FL_EOS_ID,,4,6,2,3,2,3,100,"Kitkat, Nussini, Snickers, Mars, Milky  Way. Nestlé, Milka",5.892,94.565,96.015,4,,1,,1,1,1,,1,,1,1,1,1,1,,1,,,1,1,,,1,,1,,1,,,,,1,,,1,,,,,1,,,,,,1,1,1,,,,,,,,1,,,,,,,,9.931,116.788,117.8,32,,1,,,,,,1,,1,,10,20,-79,0,-1,2,0,,,,,,,,,,Zu viele ungesunde Zutaten. Viel zu teuer,1,0,12.258,61.489,62.679,11,5,complete,,,true,AT,1___d54521d54e55db3ac20135f4cccded1d_VWGSGGK
2026-09-26 14:58:57,2026-09-26 15:04:17,0,100,319,1,2026-09-26 15:04:18,R_2gPLq4eMZiggUhz,anonymous,DE,0.800000011920929,FL_EOS_ID,,4,4,1,1,4,5,100,"Duplo, Mars, Twix",1.719,1.719,17.278,1,,1,,1,1,1,,1,,1,1,,1,1,,1,,,1,1,,,,,,,,,,,,,,1,,,,,,,,,,,,,,,,,,1,,,1,1,,,,,,,,5.024,59.254,61.551,30,,,,,,,,,1,,,17,18,-19,40,8,5,1,,,,,,,,,,Zuckerfrei schoko,1,1,4.454,51.024,52.239,8,3,complete,,,,AT,1___422dbe872be7711f5b10982f3dd3e4f4_VWGSGGK
2026-09-26 15:13:10,2026-09-26 15:16:21,0,100,191,1,2026-09-26 15:16:22,R_8zRb0brS6oQ28Zb,anonymous,DE,1,FL_EOS_ID,,4,2,2,1,7,4,100,"Mars, Snickers, Kinderschokolade",1.701,1.701,11.999,1,,1,1,1,1,1,1,1,,1,1,1,1,1,1,1,1,1,1,1,,,1,,1,,,,,,1,1,,,,,,,,,,,,1,,,,,,,,1,1,1,,,,,,,,,,4.263,59.092,59.818,42,,,,,,,,1,,,,,,,,,3,0,,,,,,,,,,,1,0,3.713,10.886,10.89,6,4,complete,,,,AT,1___55a3f1521a194675324a8aa632d07b02_VWGSGGK
2026-09-26 16:18:39,2026-09-26 16:22:02,0,100,202,1,2026-09-26 16:22:02,R_2zMuqbK7QMZyHrH,anonymous,DE,0.8999999761581421,FL_EOS_ID,,6,3,1,2,4,3,100,"bounty
snickers
mars",2.28,2.28,12.328,1,,1,,1,1,1,1,,,1,1,1,1,1,,1,,,1,1,,,,,1,,1,,,,,,,,,,,,,,,,,,,,,,,,,,,,,,,,,,,,1,4.059,35.013,36.471,16,,,,,,,,,,,1,-10,10,-10,-10,-5,0,0,,,,,,,,,,ich kenne neoh nicht und habe es noch nie konsumiert,1,0,2.747,16.996,18.159,3,5,complete,,,,AT,1___ac112ef0f960d3e27e9db343c92de76b_VWGSGGK
2026-09-26 16:18:13,2026-09-26 16:23:19,0,100,305,1,2026-09-26 16:23:19,R_80OpgCNWlKJ8qgd,anonymous,DE,1,FL_EOS_ID,,4,5,1,1,3,3,100,"Snickers, Mars, Twix, Bounty, KitKat, Lion, Kinder Bueno, Milky Way, Balisto und Duplo.",3.096,39.395,42.863,9,,1,,1,1,,,,,1,1,1,1,1,,1,,,,1,,,,,1,1,,,,,1,1,1,1,,,1,,,,1,,,,,1,1,,,,,,,1,,,,1,,,,,,4.012,74.382,77.558,38,1,1,,,,,,1,,1,,52,48,34,49,-1,7,8,,,,,,,,,,"NEOH ist eine Marke für Schokoriegel und Süßigkeiten, die klassischen Schokoladengeschmack mit weniger Zucker und einem höheren Proteinanteil verbindet. Ich würde sie als moderne Alternative zu herkömmlichen Schokoriegeln beschreiben.",5,7,3.63,53.065,59.828,11,5,complete,,,,AT,1___4984057d6ff60535f21d760ef27484a6_VWGSGGK
2026-09-26 17:14:00,2026-09-26 17:17:57,0,100,237,1,2026-09-26 17:17:57,R_8CCC5kaHEcL5HEN,anonymous,DE,0.800000011920929,FL_EOS_ID,,3,4,2,4,2,2,100,"More, kinderriegel",21.136,21.136,34.416,1,,1,,1,1,1,,1,,1,1,1,1,1,1,,,,1,1,,,1,,1,1,,,,,1,1,1,1,,1,,,,,1,,,1,,,,1,,,,1,,1,,,1,,,,,,,18.363,69.761,70.649,40,,,,,,,,,,,,,,,,,,,,,,,,,,,,,,,,,,,4,complete,,,,AT,1___b645ea361a2a3b56ec136eb450be3165_VWGSGGK
2026-09-26 17:34:56,2026-09-26 17:36:26,0,100,90,1,2026-09-26 17:36:27,R_8MgOoMKDYUv012P,anonymous,DE,0.800000011920929,FL_EOS_ID,,6,3,1,8,4,2,100,Nussini,2.006,2.006,8.022,1,,1,,1,1,,,1,,1,1,1,1,1,,,,,1,1,,,,,,1,,,,,,1,,1,,,,,,,1,,,,,,,,,,,,,,,,,,,,,,1,1.925,37.895,38.861,31,,,,,,,,,,,,,,,,,,,,,,,,,,,,,,,,,,,3,complete,,,,AT,1___0ad1c2bf4e423a24d32ef46e04fe05ae_VWGSGGK
2026-09-26 18:10:05,2026-09-26 18:12:59,0,100,174,1,2026-09-26 18:13:00,R_2NeP3sLG5uNRXs5,anonymous,DE,1,FL_EOS_ID,,4,5,2,1,6,6,100,Mars Manners Kitkat,6.052,47.811,48.6,2,,1,,1,,1,,,,1,,1,1,1,,,,,,,,,,,,,,,,,,,1,,,,,,,,,,,,,,,,,,,,,1,,,,,,,,,,5.378,57.287,58.057,22,,,,,,,,,,,,,,,,,,,,,,,,,,,,,,,,,,,5,complete,,,true,AT,1___48b09c86ca45c59c8ca8693057068229_VWGSGGK
2026-09-26 19:02:46,2026-09-26 19:06:11,0,100,204,1,2026-09-26 19:06:11,R_8CIsQBrkZzBaXec,anonymous,DE,1,FL_EOS_ID,,6,2,1,2,6,3,100,kinder,2.186,2.186,5.335,1,1,1,,1,1,1,,1,,1,1,1,1,1,1,1,1,,1,1,,1,,,,,,,,,,,,,,1,1,,,,,,,,,,,,,,,,,,,,,1,,,,,,1.076,59.069,59.946,35,,,,1,,,,1,,,,72,65,27,90,5,7,1,,,,,,,,,,"gute nährwerte ",4,6,3.443,31.44,32.457,20,5,complete,,,,AT,1___e00059394309be1d647fb56f268719a0_VWGSGGK
2026-09-26 19:19:54,2026-09-26 19:23:59,0,100,245,1,2026-09-26 19:24:00,R_2fKdYD6kGfuIZ7z,anonymous,DE,1,FL_EOS_ID,,4,6,1,1,3,2,100,"Bensdirp,Lindt,merci",2.601,17.572,42.385,2,,,,1,,1,,,,,,1,1,1,,1,,,1,1,,,,,,,1,,,,,,1,,,,,,,1,,,,,,,,1,,,,,,1,,,,,,,1,,,2.372,55.067,55.605,30,,1,,,,,,,,,,100,100,100,100,0,10,10,,,,,,,,,,"Natürlich,gut",7,10,1.7,18.669,19.526,8,3,complete,,,,AT,1___c4436d642650cfc2d964d113e3f65344_VWGSGGK
2026-09-26 20:07:44,2026-09-26 20:11:09,0,100,204,1,2026-09-26 20:11:10,R_8dRv9RBHjYvdQiJ,anonymous,DE,1,FL_EOS_ID,,3,2,2,5,3,2,100,"Milka, twix, snikers, kinderschokolade, Blasen, m&ms, malteser, Mars, ",2.402,2.402,83.09,1,,1,,1,1,1,,1,,1,1,1,1,1,,,,,1,1,,,,,,,,,,,1,1,,,1,,,,,,,,,,,,,,,,,1,,,,1,,,,,,,,3.703,50.122,50.769,30,,,,,,,,,,,,,,,,,,,,,,,,,,,,,,,,,,,3,complete,,,,AT,1___1b734fc6b54799d0246f0a9cb6215df4_VWGSGGK
2026-09-26 20:12:29,2026-09-26 20:14:29,0,100,119,1,2026-09-26 20:14:30,R_21zjA2SmWYqC1jl,anonymous,DE,1,FL_EOS_ID,,5,6,1,6,3,5,100,"bensdorp,lindt,milka,",1.834,1.834,24.131,1,,1,,1,,1,,1,,1,1,1,1,1,,,,,,1,,,,,,,,,,,,,,,1,,,,,,,,,,,,,,,,,,,,,1,,,,,,,,3.088,34.224,37.398,12,,,,,,,,,,,,,,,,,,,,,,,,,,,,,,,,,,,5,complete,,,,AT,1___898c3dad27aa324e6b5645f5755183e5_VWGSGGK
2026-09-26 21:35:26,2026-09-26 21:37:27,0,100,121,1,2026-09-26 21:37:28,R_8QM01188hPFB3yw,anonymous,DE,1,FL_EOS_ID,,5,6,1,2,7,5,100,Milka,3.599,3.599,10.996,1,,,,1,,1,,,,,1,1,1,1,,,,,,1,,,,,,,,,,,,,1,,1,,,,,,,,,,,,,,,,,,,1,,,,,,,,,,3.871,46.502,48.334,10,,,,,,,,,,,,,,,,,,,,,,,,,,,,,,,,,,,5,complete,,,,AT,1___aa15808b299b1cb15243117b61539823_VWGSGGK
2026-09-26 21:43:39,2026-09-26 21:47:00,0,100,201,1,2026-09-26 21:47:01,R_8tDiExCO7wNR25X,anonymous,DE,1,FL_EOS_ID,,5,6,1,4,2,2,100,"Kinderschokolade, Mars, Snickers",4.301,45.844,46.3,4,,1,,1,1,1,,1,,1,1,1,1,1,,,1,,1,1,,,,,,,,,,,,,,,,,,,,,1,,,,,,,1,,,,,1,,1,,,,,,,1,,8.7,97.877,98.793,36,,,,,,,,,,,,,,,,,,,,,,,,,,,,,,,,,,,3,complete,,,,AT,1___5fdf37b5a5210c4b42b6fe52847a4d60_VWGSGGK
2026-09-26 22:22:18,2026-09-26 22:25:47,0,100,208,1,2026-09-26 22:25:47,R_86LAXQofzc0jR2F,anonymous,DE,1,FL_EOS_ID,,5,2,2,8,6,4,100,"Kinder, Balisto, Corny, Snickers, Mars, Twix",1.541,1.541,20.849,1,,1,,,1,1,,1,,1,1,1,1,1,,1,,,1,1,,,1,,,1,1,,,,1,,1,,1,,1,,,1,,,,,,,,,,,,1,,,,,,1,,,1,1,,2.693,39.678,40.449,44,,,,1,,,,1,,,,80,80,70,100,69,10,8,,,,,,,,,,Guter Geschmack,6,10,10.45,28.521,29.144,15,5,complete,,,,AT,1___0fed00a82ce70bfe86faab98f663dffc_VWGSGGK
2026-09-27 00:46:20,2026-09-27 00:52:11,0,100,350,1,2026-09-27 00:52:12,R_8DNolj6OT7C8xqh,anonymous,DE,1,FL_EOS_ID,,6,6,1,2,7,3,100,"Mars, Snickers, Bounty, Duplo, Hanuta",2.835,104.006,108.26,5,,1,,1,,1,,1,,1,1,1,1,1,,1,,,1,1,,,1,,1,,1,,1,,,1,1,1,1,,,,,1,1,,,,,1,,,,,,,,,,,,,,,,,,3.201,71.601,73.001,35,,,,,,,,,,,1,40,100,20,40,0,3,3,,,,,,,,,,"Schoko Riegel wie gewohnt ",3,3,6.973,34.66,35.224,18,4,complete,,,,AT,1___d5f4d2dfad93da2a6e70bcc08df3b719_VWGSGGK
2026-09-27 00:48:48,2026-09-27 01:00:54,0,100,726,1,2026-09-27 01:00:55,R_8zHXix4Ihjs60uR,anonymous,DE,1,FL_EOS_ID,,2,3,1,1,6,4,100,"Manner
Zotter
Milka
Heindl 
kitkat",75.492,342.236,379.898,2,,,,1,,,1,,,1,1,1,,1,,,1,,,1,,,1,,1,,1,,,1,1,,,,1,,,,,1,1,,,1,1,1,,,,,1,,,,,1,,,,,,1,,41.94,170.532,172.09,28,,,,,,,,,,,,,,,,,,,,,,,,,,,,,,,,,,,4,complete,,,true,AT,1___c5722a311ea8aaa912c5c95c71a1b589_VWGSGGK
2026-09-27 06:50:36,2026-09-27 06:53:06,0,100,150,1,2026-09-27 06:53:06,R_8fDJ1jtmtsIJrkq,anonymous,DE,1,FL_EOS_ID,,4,5,2,1,7,2,100,"Milka, Kinder,Ritter Sport",2.868,23.624,24.196,3,,1,,1,1,1,,1,,1,1,1,1,1,,,,,,1,,,,,,,1,,,,,,,1,1,,,,,,,,,,,,,1,,,,,,,1,1,,,,,,,,6.055,70.124,71.042,39,,,,,,,,,,,,,,,,,,,,,,,,,,,,,,,,,,,4,complete,,,,AT,1___08725c098430ef6efe8e64b5b8b32926_VWGSGGK
2026-09-27 07:22:13,2026-09-27 07:25:15,0,100,182,1,2026-09-27 07:25:15,R_2OBicO3LkApiE49,anonymous,DE,0.800000011920929,FL_EOS_ID,,3,6,1,3,5,2,100,Mars,3.201,3.201,9.204,1,,1,,1,,1,,,,1,1,1,1,1,,,,,1,1,,,1,,1,1,,,,,,,1,1,,,,,,,1,,,,,1,,,,,,,,,1,,,,,,,,,2.358,100.594,101.502,37,,,,,,,,,,,,,,,,,,,,,,,,,,,,,,,,,,,3,complete,,,,AT,1___3b48782bd9f557da74b78f2f434abac5_VWGSGGK
2026-09-27 07:25:27,2026-09-27 07:28:04,0,100,157,1,2026-09-27 07:28:05,R_2jHW66dKbzD0EnF,anonymous,DE,1,FL_EOS_ID,,5,2,1,2,2,3,100,"Milka, ESN, Mars, Twix, Kinder",3.023,33.814,35.83,3,,,,1,1,,,,,1,1,1,1,1,1,,,,,1,,,,,,1,,,,,1,,,,,,,,,,1,,,,,,1,,,,,,,,,1,,,,,,,,5.661,56.512,57.201,29,,,,,,,,,,,,,,,,,,,,,,,,,,,,,,,,,,,4,complete,,,,AT,1___e90fe05f06465ad13830b1ade0064ba5_VWGSGGK
2026-09-27 07:26:38,2026-09-27 07:29:37,0,100,178,1,2026-09-27 07:29:37,R_89nxg2HJKwASiJz,anonymous,DE,1,FL_EOS_ID,,4,6,2,3,4,2,100,Duplo,1.636,6.593,7.427,2,,1,,1,,1,,1,,1,1,1,1,1,,1,,,1,1,,,1,,,,,,,,,,,,,,,,,1,,,,1,,,,,,,,,,,,,,,,,1,,,1.868,43.473,44.486,31,,,,,,,,,,,1,8,55,47,0,-1,5,2,,,,,,,,,,Hab ich noch nie probiert,3,5,4.377,28.413,29.28,14,3,complete,,,true,AT,1___23feffbc7c127cdc001bdbec230d7a3d_VWGSGGK
2026-09-27 08:05:16,2026-09-27 08:06:11,0,100,55,1,2026-09-27 08:06:12,R_2kUn2ShkqDN6McA,anonymous,DE,1,FL_EOS_ID,,2,4,1,8,6,5,100,Milka,1.161,1.161,4.27,1,,,,,,,,,,,,,,1,,,,,,,,,,,,,,,,,,,1,,,,,,,,,,,,,,,,,,,,,,1,,,,,,,,,1.85,10.605,11.98,12,,,,,,,,,,,,,,,,,,,,,,,,,,,,,,,,,,,3,complete,,,,AT,1___30874d5fe0b2581e58b440076bf19b27_VWGSGGK
2026-09-27 08:12:40,2026-09-27 08:16:23,0,100,222,1,2026-09-27 08:16:23,R_2aTq2oc9DPQpFQd,anonymous,DE,1,FL_EOS_ID,,4,4,1,3,7,2,100,Kinderschokolade,2.591,2.591,16.452,1,,1,,1,1,1,1,1,,1,1,1,1,1,,1,,,1,1,,,1,,,,,1,,,1,,,,1,,,,,,,,,,,,,,,,,1,,,,1,,,,,,,,3.481,64.966,66.134,37,1,,,,,,,,,,,4,1,3,2,0,7,5,,,,,,,,,,.,4,4,4.435,19.433,19.888,11,4,complete,,,,AT,1___543c3e97e72513334df7c3b3f417ecec_VWGSGGK
2026-09-27 09:17:22,2026-09-27 09:20:41,0,100,199,1,2026-09-27 09:20:41,R_2n7qcMvAoTXQseM,anonymous,DE,1,FL_EOS_ID,,6,2,1,3,5,2,100,"Kinder, Milka, Ferrero",10.16,10.16,22.138,1,1,1,,1,1,1,1,1,,1,1,1,1,1,1,1,,,1,1,,,1,,,,,,,,1,,,,,,,,,1,,,,,,,,,,,,1,,,,,,,,,1,,,3.303,47.193,48.692,36,,,,,,,,1,,,,-84,0,,,,0,0,,,,,,,,,,Habs noch nie probiert,1,0,1.705,15.25,16.073,8,4,complete,,,,AT,1___b0684f52d45ae21b1606ae2f08f30532_VWGSGGK
2026-09-27 09:41:48,2026-09-27 09:44:29,0,100,160,1,2026-09-27 09:44:29,R_87e4DbBTK91Aplz,anonymous,DE,1,FL_EOS_ID,,3,3,2,3,1,2,100,"Mars,twix,bueno,kinder riegel ",1.212,19.4,19.9,2,1,1,,1,1,1,,1,,1,1,1,1,1,1,1,,,1,1,,,1,,1,1,1,,1,,1,1,1,1,1,,,,,1,1,,,1,,1,,,,1,,1,1,1,,1,,,,,1,,,3.046,42.652,43.062,49,1,,,1,,,,,,,,,26,-37,,1,0,0,,,,,,,,,,Nein,1,0,2.353,8.9,10.164,7,1,complete,,,,AT,1___ed33f0314901d4af6de71cede9697fee_VWGSGGK
2026-09-27 09:46:06,2026-09-27 09:49:53,0,100,226,1,2026-09-27 09:49:53,R_2dy7omPypNHQKzR,anonymous,DE,1,FL_EOS_ID,,3,2,2,1,4,4,100,Mars,2.903,2.903,5.882,1,,1,1,1,1,1,1,1,,1,1,1,1,1,1,1,,1,1,1,,,,1,,1,,,,,,,,,,1,1,,1,,,,,,1,,,,,,,,,,,,,,,1,,,,4.311,54.171,55.08,49,,,,,,,,1,,,,65,88,33,77,6,7,8,1,1,,,1,,,,,"Zuckerfrei ",5,2,1.779,24.94,25.622,14,5,complete,,,,AT,1___fce63452628389736a29ad5a425336b0_VWGSGGK
2026-09-27 09:50:48,2026-09-27 09:52:43,0,100,115,1,2026-09-27 09:52:44,R_8dc0NioWB7XoQiz,anonymous,DE,1,FL_EOS_ID,,5,5,1,3,7,5,100,"Mars, twix, bounty, s-budget",1.469,1.469,16.729,1,,1,,1,1,1,,1,,1,1,1,1,1,,,,,1,1,,,1,,1,1,1,,,,1,1,1,1,1,,,,,,,,,,,,,,,,,,,,,,,,,,,,1,3.672,57.119,58.324,36,,,,,,,,,,,,,,,,,,,,,,,,,,,,,,,,,,,3,complete,,,,AT,1___99e619b66227891c4640152396dea2e3_VWGSGGK
2026-09-27 09:54:37,2026-09-27 09:57:34,0,100,176,1,2026-09-27 09:57:35,R_8EA3LixtU8TZJmY,anonymous,DE,1,FL_EOS_ID,,6,4,1,3,5,2,100,Twix,4.499,15.834,17.161,3,,1,,1,,1,,1,,1,1,1,1,1,,1,,,,1,,,,,,,,,,,1,,,,,,,,,,,,,,,,,,,,,1,,,,,,,,,,,,2.401,26.368,26.6,25,1,,,,,,,,,,,49,48,63,66,0,2,4,,,,,,,,,,,2,3,4.809,13.175,13.182,6,5,complete,,,,AT,1___dd5f855ecd5796f86cd9c9e70a2b8eb3_VWGSGGK
2026-09-27 09:58:32,2026-09-27 10:00:36,0,100,124,1,2026-09-27 10:00:37,R_87rt01r3b4Cpigx,anonymous,DE,1,FL_EOS_ID,,2,3,1,2,3,2,100,"kinderriegel, duplo",2.068,2.068,39.567,1,,,,1,1,,,,,1,1,1,1,1,,,,,1,1,,,,,,,,,,,1,,,,1,,,,,1,,,,,,,,,,,,1,,,,1,,,,,1,1,,4.487,35.815,37.354,16,,,,,,,,,,,,,,,,,,,,,,,,,,,,,,,,,,,2,complete,,,true,AT,1___62221b78d8d2a52eaa781b5f4fcbc467_VWGSGGK
2026-09-27 10:28:39,2026-09-27 10:35:50,0,100,430,1,2026-09-27 10:35:51,R_8DXH7DQAdFFXM4w,anonymous,DE,1,FL_EOS_ID,,6,6,1,1,4,2,100,Nuts,6.229,193.282,214.689,2,,,,1,,,,,,,,,1,,,,,,,,,,,,,,,,,,,,,1,,,,,,,,,,,,,,,,,,,,,,,,,,,,,1,16.031,105.452,106.712,4,,,,,,,,,,,,,,,,,,,,,,,,,,,,,,,,,,,4,complete,,,true,AT,1___e3d8b85e8eeb09768f2bad8e914e3afd_VWGSGGK
2026-09-27 10:43:11,2026-09-27 10:46:11,0,100,180,1,2026-09-27 10:46:12,R_8zVfP0gxOAkdPtq,anonymous,DE,1,FL_EOS_ID,,2,6,1,5,3,2,100,"Manner,",5.167,18.976,19.601,3,,1,,1,1,1,,,,1,1,1,1,1,,,,,,1,,,,,1,,,,,,,1,1,1,1,,,,,,1,,,1,,,,,,,,,,1,1,1,,,,,,,,5.268,64.359,65.101,42,,,,,,,,,,,,,,,,,,,,,,,,,,,,,,,,,,,3,complete,,,true,AT,1___4adf326bba8e03cdd0770a88402d1731_VWGSGGK
2026-09-27 11:17:40,2026-09-27 11:20:18,0,100,157,1,2026-09-27 11:20:18,R_8JwVkZpIOlBbf9H,anonymous,DE,1,FL_EOS_ID,,6,3,1,3,6,2,100,mars,7.886,23.276,55.447,3,,1,,1,,1,,,,1,1,,1,1,,,,,1,1,,,,,,,,,,,1,,,,1,,,,,,,,,,,,,,,,,1,,,,,,,,,,,,5.456,46.052,46.902,30,,,,,,,,,,,,,,,,,,,,,,,,,,,,,,,,,,,4,complete,,,,AT,1___9f32ee4c96c34229939b2802d6b59a48_VWGSGGK
2026-09-27 11:42:34,2026-09-27 11:43:05,0,100,31,1,2026-09-27 11:43:06,R_2KKeD5oL8wcoALL,anonymous,DE,1,FL_38,,2,3,2,5,6,3,10,,,,,,,,,,,,,,,,,,,,,,,,,,,,,,,,,,,,,,,,,,,,,,,,,,,,,,,,,,,,,,,,,,,,,,,,,,,,,,,,,,,,,,,,,,,,,,,,,,,,,,,,,,,,complete,,,,AT,1___334137ba43d3bccff7e5b1b3f69d0493_VWGSGGK
2026-09-27 12:05:37,2026-09-27 12:07:25,0,100,108,1,2026-09-27 12:07:26,R_8tmggIW0AWEWufn,anonymous,DE,1,FL_EOS_ID,,5,6,1,3,3,5,100,-,1.83,1.83,3.227,1,,,,1,1,1,,1,,1,1,1,1,1,,1,,,1,1,,,,,,,,,,,,,,,,,,,,,,1,,,,,,,,,,,,,,,,,,,,,1,2.816,24.307,25.415,14,,,,,,,,,,,1,-40,-40,-84,,,0,0,,,,,,,,,,,1,0,4.426,8.103,8.104,3,3,complete,,,true,AT,1___182f4729ccebe6378ac32d23322750c9_VWGSGGK
2026-09-27 12:40:37,2026-09-27 12:42:51,0,100,134,1,2026-09-27 12:42:52,R_8L6hOuwavQOdiVC,anonymous,DE,1,FL_EOS_ID,,4,6,2,3,3,2,100,"Auer, Milka, Duplo",1.576,24.586,25.258,2,,1,,1,,1,,,,1,1,1,1,1,,,,,,1,,,1,,,,,,,,,,1,,1,,,,,,,,,,,,,,,,,,,1,,1,,,,,,,,3.848,69.348,70.06,34,,,,,,,,,,,,,,,,,,,,,,,,,,,,,,,,,,,2,complete,,,,AT,1___46a20824aa3a8d0026713201fa4012ea_VWGSGGK
2026-09-27 14:35:38,2026-09-27 14:39:14,0,100,216,1,2026-09-27 14:39:15,R_8Fbv5EeyuPYGYG4,anonymous,DE,0.8999999761581421,FL_EOS_ID,,5,6,2,2,1,2,100,Duplo,2.162,2.162,8.8,1,,1,,1,,1,,1,,,1,,,1,,1,,,,,,,,,1,,1,,,,1,,,1,,,,,,,,,,,,,,,,,,,,1,,1,,,,,,1,,2.476,43.448,45.109,26,,,,,,,,,,,1,15,11,0,0,4,2,2,,,,,,,,,,"Garnicht ",2,2,2.679,16.554,17.101,8,3,complete,,,,AT,1___c28e6685a1c61986924aa05ab98d99b8_VWGSGGK
2026-09-27 14:52:41,2026-09-27 14:54:54,0,100,132,1,2026-09-27 14:54:54,R_8bLM7BMxSwDev0B,anonymous,DE,0.800000011920929,FL_EOS_ID,,5,4,1,3,6,2,100,Mars Twitter lion kit kat,2.232,2.232,30.137,1,,1,,1,1,1,,1,,1,1,1,1,1,,,,,1,1,,,,,,,,,,,,1,,,1,,,,,,,,,,,,,1,,,,1,,,,,,,,,1,,,4.9,49.607,56.266,36,,,,,,,,,,,,,,,,,,,,,,,,,,,,,,,,,,,5,complete,,,true,AT,1___32cac22de5ceaeb90b898310acfe27be_VWGSGGK
2026-09-27 14:54:23,2026-09-27 14:57:22,0,100,178,1,2026-09-27 14:57:22,R_8dnTk86HZGwpjF0,anonymous,DE,0.800000011920929,FL_EOS_ID,,3,4,1,4,5,2,100,"Kinder, snickers, bounty, twix....",2.956,30.19,30.701,2,,1,,1,1,1,,1,,1,1,1,1,1,,,1,,1,1,,,1,,1,1,1,,1,,1,1,1,1,1,,,,,1,1,,,1,,1,1,1,,1,,1,1,1,1,1,,,,,1,1,,2.714,76.14,76.866,79,,,,,,,,,,,,,,,,,,,,,,,,,,,,,,,,,,,4,complete,,,,AT,1___b430b732004bd0c7afe12fb9fb5b3e27_VWGSGGK
2026-09-27 15:03:18,2026-09-27 15:08:32,0,100,314,1,2026-09-27 15:08:32,R_83DNDyuLYtS8bHb,anonymous,DE,1,FL_EOS_ID,,2,5,2,2,7,3,100,"Milka
Ritter Sport ",5.149,27.966,30.101,4,,1,,1,1,1,,1,,1,1,1,1,1,,1,,,,1,,,,,,,1,,1,,,,1,1,1,,,,,,,,,,,1,,,,1,,,,,,1,,,,,,,,2.113,63.563,65.146,38,,,,,,,,,1,,,100,100,0,100,0,1,1,,,,,,,,,,"Eine Marke der Jugend ",7,5,7.65,38.242,40.182,14,5,complete,,,,AT,1___241a7634fcbfe57baba936f3242ad947_VWGSGGK
2026-09-27 15:12:05,2026-09-27 15:16:35,0,100,269,1,2026-09-27 15:16:35,R_8oL21k5S0PLl07u,anonymous,DE,0.800000011920929,FL_EOS_ID,,2,3,2,1,1,5,100,"Milka, merci, Ritter sport, Lion, Mars, kit kat",2.801,35.644,36.258,2,,1,,1,1,1,,,,1,1,1,1,1,,1,,,,1,,,1,,,,,,,,1,,1,1,1,,,,,,1,,,,,,,,,,,1,,1,,1,,,,,,,,5.867,51.816,52.617,32,,,,,,,,,,,1,0,100,12,5,0,3,0,,,,,,,,,,Die Schokoriegel die man in Supermarkt findet,1,0,3.801,44.414,44.924,9,5,complete,,,,AT,1___a9cb2d51bf5b1da8ba526df8d8bfa65a_VWGSGGK
2026-09-27 16:05:54,2026-09-27 16:11:16,0,100,322,1,2026-09-27 16:11:17,R_8IoTPmUp5L3pYxv,anonymous,DE,1,FL_EOS_ID,,4,5,1,1,6,5,100,"Corny, Snickers, Ferrero, Lion, Mars",2.282,61.377,71.48,2,,,,1,1,1,,,,1,,1,1,,,1,,,,1,,,,,1,1,1,,,,1,,1,1,1,,1,,,,1,,,,,1,1,,,,,,,,,1,,1,,,,,,2.653,53.034,53.817,21,,,,1,1,,,1,,,,42,62,-20,83,1,9,0,,,,,,,,,,Schoko Alternative ohne Zucker,4,8,3.859,52.037,61.566,8,5,complete,,,,AT,1___51ee9089a12b04c38f6c098a4b821b2f_VWGSGGK
2026-09-27 16:11:23,2026-09-27 16:13:53,0,100,150,1,2026-09-27 16:13:54,R_2czQw1J2GV7GWlp,anonymous,DE,1,FL_EOS_ID,,2,5,1,1,4,2,100,"duplo,clever,balist,mars,twix",1.401,1.401,16.258,1,,1,,1,1,1,,1,,1,1,1,1,1,,,,,1,1,,,,,1,,1,,,,1,1,1,1,1,,,,,,1,,,,,,,1,,,,1,,1,1,1,,,,,,1,,3.423,48.831,49.788,32,,,,,,,,,,,,,,,,,,,,,,,,,,,,,,,,,,,3,complete,,,,AT,1___d4fdf41710676725b98927333bac1c32_VWGSGGK
2026-09-27 16:12:02,2026-09-27 16:14:20,0,100,138,1,2026-09-27 16:14:21,R_293RZ5QC9SzpWYK,anonymous,DE,0.8999999761581421,FL_EOS_ID,,5,4,2,9,3,3,100,Spar,5.406,5.406,27.089,1,,1,,1,,1,,,,1,1,1,1,1,,,,,1,1,,,,,,,,,,,1,1,1,,,,,,,,,,,,,1,,,,,,1,,,,,,,,,,,,4.861,56.693,57.243,48,,,,,,,,,,,,,,,,,,,,,,,,,,,,,,,,,,,5,complete,,,,AT,1___021d726ca7064525c235d7055effea64_VWGSGGK
2026-09-27 17:31:45,2026-09-27 17:34:20,0,100,155,1,2026-09-27 17:34:21,R_8RXmXJYY4QjM314,anonymous,DE,1,FL_EOS_ID,,3,5,1,6,2,2,100,Nussini,4.1,13.205,13.917,2,,1,,1,,1,,,,1,1,,1,,,,,,1,1,,,,,1,,,,,,,1,,,1,,,,,,,,,,,,,,,,,,,1,,1,,,,,,,,5.5,57.789,59.131,25,,,,,,,,,,,,,,,,,,,,,,,,,,,,,,,,,,,3,complete,,,true,AT,1___f5acc693070a1755b8bc418a26970660_VWGSGGK
2026-09-27 17:54:15,2026-09-27 17:59:42,0,100,326,1,2026-09-27 17:59:42,R_2IabhNNOCfLkZhx,anonymous,DE,1,FL_EOS_ID,,5,2,1,4,3,3,100,"Snickers,Mars, Bueno, Twix,",1.968,1.968,33.279,1,,1,1,1,1,1,1,1,,1,1,1,1,1,1,1,1,,1,1,,,1,,1,1,,,1,,1,1,1,1,1,,,,,1,1,,,,,,,,,,,,,,,,,,,,,,1,1.532,86.706,88.125,84,,,,,,,,1,,,,86,96,75,83,60,6,2,,,,,,,,,,„Gesunde Snacks“ - weniger zucker,4,6,2.622,39.859,41.101,10,4,complete,,,,AT,1___41a7179505d28b54f0ee75379d692255_VWGSGGK
2026-09-27 18:06:52,2026-09-27 18:08:34,0,100,101,1,2026-09-27 18:08:35,R_2TX4KpD5FDdwGpX,anonymous,DE,1,FL_EOS_ID,,3,5,1,2,4,3,100,Milka,7.939,13.813,15.2,2,,1,,1,,,,,,1,,1,1,1,,,,,,1,,,,,1,,,,,,,,1,1,,,,,,,,,,,,,,,,,,,,1,,,,,,,,,,1.952,36.352,37.043,17,,,,,,,,,,,,,,,,,,,,,,,,,,,,,,,,,,,5,complete,,,,AT,1___0ac68d6b2e0d2cba1cad3764847a369d_VWGSGGK
2026-09-27 17:41:14,2026-09-27 18:38:44,0,100,3450,1,2026-09-27 18:38:45,R_2EmMGArxH5Wir4M,anonymous,DE,1,FL_EOS_ID,,3,5,2,3,6,1,100,"milka, kinder",2.828,2.828,13.063,1,,1,,1,1,1,,1,,1,1,1,1,1,,1,,,1,1,,,1,,1,1,1,,1,,1,1,1,1,1,,,,,1,1,,,,,,,,,,,1,,1,,,,,,,,,,3.905,71.131,74.299,27,,,,,,,,1,,,,1,3,-18,-20,-1,3,3,,,,,,,,,,eiweissreich,2,6,1.645,17.569,18.812,3,5,complete,,,true,AT,1___1d1de02a2308558890411a4000a8cdac_VWGSGGK
2026-09-27 19:22:04,2026-09-27 19:24:08,0,100,124,1,2026-09-27 19:24:09,R_81Rtn35xUjTRAEA,anonymous,DE,1,FL_EOS_ID,,4,5,1,1,3,3,100,"mars, bounty",1.715,1.715,13.738,1,,1,,1,,1,,,,1,,1,1,1,,,,,,,,,,,1,,,,,,,1,1,1,,,,,,,,,,,,1,,1,,,,1,,1,,,,,,,,,,4.806,51.079,52.723,15,,,,,,,,,,,,,,,,,,,,,,,,,,,,,,,,,,,4,complete,,,true,AT,1___d36bcc5a7fc205368797c2c55b991e75_VWGSGGK
2026-09-27 19:16:38,2026-09-27 19:27:13,0,100,634,1,2026-09-27 19:27:13,R_89V4ybxQ0CoFyHT,anonymous,DE,1,FL_EOS_ID,,6,4,2,1,7,3,100,"mars
snickers
bounty",0.94,22.51,28.803,2,,1,,1,,1,,1,,1,1,,1,,,,,,,1,,,,,,,,,,,,,,1,,,,,,,1,,,,,,,,,,,,,,,,,,,,,,1,8.376,132.831,133.586,13,,,,,,,,,,,,,,,,,,,,,,,,,,,,,,,,,,,4,complete,,,,AT,1___7b34d4ec21b6fe600914c68b822153c5_VWGSGGK
2026-09-27 20:58:12,2026-09-27 21:04:20,0,100,367,1,2026-09-27 21:04:20,R_8ptznChkYA5Mx3j,anonymous,DE,1,FL_EOS_ID,,3,4,2,5,5,2,100,"Mars, Twix",1.411,53.784,132.836,3,1,1,,1,1,1,,1,,1,1,,1,1,,1,1,,1,1,,,1,,,,,,1,,,1,,1,,,,,,1,1,,,1,,,,,,,,,,,,,,,,,,,,3.027,54.218,54.942,39,,,,,,,,1,,,,53,55,51,34,-1,7,4,,,,,,,,,,gesünderer Riegel mit weniger Zucker,4,5,2.904,33.572,34.37,10,5,complete,,,true,AT,1___7e1c8e2756b1f32a56bf97af869bac8a_VWGSGGK
2026-09-27 21:37:45,2026-09-27 21:41:36,0,100,231,1,2026-09-27 21:41:37,R_2SzIrw4zgB2uKbL,anonymous,DE,1,FL_EOS_ID,,3,4,2,2,7,2,100,"Mars, Bounty, Kinder, Ferrero, Milka, Bahlsen",1.627,3.118,31.446,2,,1,,1,1,1,,1,,1,1,1,1,1,,1,,,1,1,,,1,,,1,1,,,,1,1,1,,1,,1,,,,,,,,,,,1,,,,1,1,1,,1,,1,,,,,,5.816,55.67,56.373,45,,,,,,,,1,,,,77,100,-55,100,-12,6,4,,,,,,,,,,"Zuckerfrei  Kalorienreduziert, immer mehr Auswahl",6,7,1.754,39.085,40.085,15,5,complete,,,,AT,1___5669f99862e5928df3a49f1cd9b9b7eb_VWGSGGK
2026-09-27 21:43:00,2026-09-27 21:48:01,0,100,301,1,2026-09-27 21:48:02,R_8O3pW4fg8NygVxA,anonymous,DE,1,FL_EOS_ID,,3,3,2,1,3,5,100,"neoh, kinder, kitkst, snickers, vego, mars, twix, ",1.889,50.717,51.157,5,1,1,1,1,1,1,,1,,1,1,,1,1,1,1,1,1,1,1,,,,1,,,,,,,,1,,,,1,1,1,,1,,,1,,,,,,,,,,,,,,1,1,,,,,,4.938,82.138,83.173,52,,,,,,,,1,,,,63,86,-37,46,57,10,6,,,,,,,,,,kohlenhydratreduzierte riegel die sättigen,4,9,1.851,34.793,35.117,17,5,complete,,,,AT,1___2ba9946fafcac60f11a0c93f472237a6_VWGSGGK
2026-09-27 21:56:43,2026-09-27 21:58:07,0,100,83,1,2026-09-27 21:58:08,R_2QlBOeJujjPcyqv,anonymous,DE,1,FL_EOS_ID,,4,2,1,3,5,2,100,"Kinder, Nutella, Ovumaltine",5.259,5.259,22.832,1,,1,,,1,,,,,,,1,1,,,,,,,1,,,1,,,,,,1,,,,1,,,,,,,,,,,,1,,,,,,,,,,,,1,,,,1,1,,1.153,14.099,14.931,22,,,,,,,,,,,,,,,,,,,,,,,,,,,,,,,,,,,5,complete,,,,AT,1___1fa161b4b6f4b2e98da69930a5ea77f5_VWGSGGK
2026-09-27 21:49:19,2026-09-27 22:09:28,0,100,1209,1,2026-09-27 22:09:28,R_2dK7Wrg1IIDg8Vs,anonymous,DE,1,FL_EOS_ID,,3,5,1,1,3,3,100,neoh twix mars bounty,1.982,1.982,30.777,1,1,1,1,1,1,1,,,1,1,1,1,1,1,,1,,,,1,,1,1,1,1,1,1,,,1,1,1,1,1,1,,1,,,,,,,,,1,,1,,,,,1,1,,1,,1,,,,,,6.271,73.759,76.108,36,,,,,,,,,,,1,84,90,80,90,65,9,9,,,,,,,,,,müsliriegel mit schokolade einfach köstlich,7,10,1.884,37.524,38.215,4,5,complete,,,,AT,1___6dba5e5fbfab80729603f4d2ced6558b_VWGSGGK
2026-09-28 01:27:38,2026-09-28 01:28:57,0,100,79,1,2026-09-28 01:28:58,R_8Ev1ymTb7K2Mmwt,anonymous,DE,1,FL_EOS_ID,,7,6,1,1,4,5,100,keine,2.915,2.915,9.295,1,,,,,,,,,,,,1,,,,,,,,,,,,,,,,,,,,,,,,,,,,,,1,,,,,,,,,,,,,,,,,,,,,1,3.123,14.171,15.815,3,,,,,,,,,,,,,,,,,,,,,,,,,,,,,,,,,,,5,complete,,,,AT,1___58b80b503331adcfff398381241e633e_VWGSGGK
2026-09-28 03:15:29,2026-09-28 03:18:10,0,100,160,1,2026-09-28 03:18:10,R_8DvtzlVjHg7020g,anonymous,DE,1,FL_EOS_ID,,4,6,2,2,2,2,100,Kinder,1.728,6.51,7.548,2,1,1,1,1,1,1,,1,,1,1,1,1,1,,1,,,1,1,,,1,,,,,,,,1,,1,1,,,,,,,1,,,,,,,,,,,,,1,,,,,,,,1,,2.184,38.565,39.499,29,1,,,,1,,,,,,,81,50,82,0,100,7,6,,,,,,,,,,"K.A ",3,3,3.355,14.225,15.396,8,5,complete,,,true,AT,1___3ef19ecf4caa4041ae000e8ff28c0c14_VWGSGGK
2026-09-28 07:17:16,2026-09-28 07:24:14,0,100,418,1,2026-09-28 07:24:14,R_2q9Wzm5zUaLKZ3P,anonymous,DE,1,FL_EOS_ID,,3,6,2,3,5,3,100,Milka,7.329,245.823,247.835,6,,1,,1,1,1,,1,,1,1,1,1,1,,,,,1,1,,,1,,,,,,,,1,,,1,1,,,,,,1,,,,,,,,,,,1,,,1,1,,,,,,,,7.36,87.135,89.001,52,,,,,,,,,,,,,,,,,,,,,,,,,,,,,,,,,,,2,complete,,,,AT,1___d860e2670ca1927205e0009da9e7e037_VWGSGGK
2026-09-28 08:28:47,2026-09-28 08:31:52,0,100,184,1,2026-09-28 08:31:52,R_8SxqSPlSsCIlrfX,anonymous,DE,1,FL_EOS_ID,,6,2,1,3,7,3,100,Corny,1.791,1.791,5.459,1,,1,,1,1,1,,,,1,1,1,1,1,,1,,,1,1,,,,,,1,,,,,,1,,,,,,,,1,,,,,,,,,,,,,1,,,,,,,,,,,3.857,39.046,39.828,24,,,,,,,,,,,1,54,64,40,74,-1,7,0,,,,,,,,,,ein Schokoriegel,1,1,7.649,40.29,41.142,12,3,complete,,,,AT,1___507c5a330d7a44d77b396dbf4e939298_VWGSGGK
2026-09-28 08:34:27,2026-09-28 08:36:12,0,100,104,1,2026-09-28 08:36:13,R_8qvTrnOU0Vz1yTN,anonymous,DE,0.8999999761581421,FL_EOS_ID,,2,5,2,7,3,2,100,"Milka, Duplo",1.184,1.184,8.611,1,,1,,1,,1,,1,,1,1,1,1,1,,1,,,1,1,,,,,,,,,1,,,,1,,,,,,,,,,,1,,,,,,,,1,1,,1,,,,,,,1,,1.226,29.933,30.602,20,,,,,,,,,,,1,1,0,0,0,-1,5,5,,,,,,,,,,Keine Ahnung. Ich kenne das Produkt nicht,1,0,1.341,11.789,12.656,3,5,complete,,,true,AT,1___59d4fbd1230e4dbeaba4ae46ea8eb151_VWGSGGK
2026-09-28 08:45:43,2026-09-28 08:49:20,0,100,217,1,2026-09-28 08:49:21,R_8dMwabaqKw2tRBc,anonymous,DE,0.800000011920929,FL_EOS_ID,,4,3,1,5,6,2,100,"Milka
Hanuta
Mars",4.314,17.919,18.299,3,,1,,1,1,1,,1,,1,1,1,1,1,,1,,,1,1,,,,,1,1,1,,1,,1,1,1,1,1,,,,,1,1,,,,,,,1,,,,1,1,1,,,,,,,1,,,8.178,53.164,53.697,54,,,,,,,,,,,1,1,0,0,0,0,5,0,,,,,,,,,,Als schokoriegel wie jeden anderen auch,1,0,3.096,48.976,49.552,20,2,complete,,,,AT,1___0eb8b02e9476c19e250581d86d769ae0_VWGSGGK
2026-09-28 09:41:47,2026-09-28 09:42:36,0,100,49,1,2026-09-28 09:42:36,R_2SabXTBNTUcptAZ,anonymous,DE,1,FL_EOS_ID,,5,4,1,7,6,3,100,Milka,0.672,4.93,5.178,2,,,,,,,,,,1,,1,,1,,,,,,,,,,,,,,,,,1,,,,1,,,,,,,,,,,,,,,,,1,,,,1,,,,,,,,1.501,19.342,20.026,7,,,,,,,,,,,,,,,,,,,,,,,,,,,,,,,,,,,4,complete,,,,AT,1___ccd5e26c72f18839dc567c4e5cad7d3b_VWGSGGK
2026-09-28 10:01:47,2026-09-28 10:03:32,0,100,105,1,2026-09-28 10:03:33,R_8ksORW4uheCMu15,anonymous,DE,1,FL_EOS_ID,,2,5,2,3,3,2,100,Bounty Mannee,1.171,11.474,12.4,2,,1,,1,1,1,,1,,1,1,1,1,1,,,,,1,1,,,1,,1,,1,,,,,1,1,1,1,,,,,,1,,,1,,1,1,1,,,,1,1,1,,1,,,,,,1,,1.883,53.967,55.001,64,,,,,,,,,,,,,,,,,,,,,,,,,,,,,,,,,,,3,complete,,,true,AT,1___8478aa8b373182f594081989116a5981_VWGSGGK
2026-09-28 10:30:33,2026-09-28 10:32:37,0,100,123,1,2026-09-28 10:32:37,R_2oGwINdRfmoVRR7,anonymous,DE,0.8999999761581421,FL_EOS_ID,,6,3,1,3,2,1,100,"Milka 
Bounty 
Twix 
",2.507,2.507,24.065,1,,1,,1,1,1,,1,,1,1,1,1,1,1,,,,1,1,,,,,,,,,,,,1,,,,1,,,,,,,,,,,,,,,,,1,,,,1,,,,1,,,3.961,50.123,50.942,41,,,,,,,,,,,,,,,,,,,,,,,,,,,,,,,,,,,5,complete,,,,AT,1___2fe99cc3c946bbaa01de4b5f3238c615_VWGSGGK
2026-09-28 11:07:07,2026-09-28 11:11:06,0,100,238,1,2026-09-28 11:11:06,R_82IMxFZgl56bDTG,anonymous,DE,1,FL_EOS_ID,,4,3,2,3,7,3,100,Kinder,0.911,0.911,6.952,1,,1,,1,1,1,1,1,,1,1,1,1,1,1,1,,,1,1,,,1,,1,,,,1,,1,,1,,1,,,,,1,,,,,,,1,,,,,1,,,,1,,,,,,,,3.367,39.04,39.8,27,,,,,,,,,,,1,1,0,0,0,-1,3,0,,,,,,,,,,Kenne ich zu wenig,1,0,1.349,7.781,8.585,3,3,complete,,,,AT,1___e345e982ecaa371f04d24c095d3781fe_VWGSGGK
2026-09-28 11:50:00,2026-09-28 11:52:39,0,100,159,1,2026-09-28 11:52:40,R_2nC9xUrFvzkVIy8,anonymous,DE,1,FL_EOS_ID,,2,3,1,1,3,4,100,"Milka, Nestle (Mars,Milky Way etc), Eigenmarken (Clever, Spar etc.), Suchard, Bensdorp",8.489,42.472,47.182,3,,1,,1,1,1,,1,,1,1,1,1,1,,,,,1,1,,,,,,1,1,,,,,,1,,1,,,,,,,,,,,,1,,,,,1,,,,1,,,,,,,,3.536,31.852,34.8,19,,,,,,,,,,,,,,,,,,,,,,,,,,,,,,,,,,,5,complete,,,,AT,1___1596846f7fbe5f020141f579f10ca868_VWGSGGK
2026-09-28 11:50:24,2026-09-28 11:52:50,0,100,146,1,2026-09-28 11:52:51,R_2YPhfGm7CvP4VTX,anonymous,DE,0.800000011920929,FL_EOS_ID,,2,3,2,7,2,2,100,Twix kit kat milkyway mars balisto kinder,6.247,34.832,36.223,2,,1,,1,1,1,,,,1,1,1,1,1,,,,,1,1,,,1,,1,,1,,,,1,1,1,1,1,,,,,1,,,,1,,1,,,,,,1,,1,1,1,,,,,,,,5.092,50.886,51.46,55,,,,,,,,,,,,,,,,,,,,,,,,,,,,,,,,,,,4,complete,,,,AT,1___32c80dfb4c5a788185b46e96277bc725_VWGSGGK
2026-09-28 11:50:27,2026-09-28 11:53:36,0,100,189,1,2026-09-28 11:53:37,R_8oEWiSNwjmqidYS,anonymous,DE,0.8999999761581421,FL_EOS_ID,,5,5,1,6,6,3,100,"Snickers, Mars, Twix, Bounty, Balisto, Kinderriegel, Hanuta, Duplo, Milkyway, Duplo, Knoppers, Kitkat",1.853,44.989,92.565,3,,1,,1,1,1,,1,,1,1,1,1,1,,,,,1,1,,,1,,1,1,1,,1,,1,1,1,1,1,,,,,1,,,,1,,1,,1,,,,,,1,1,,,,,,,1,,2.801,54.514,57.061,29,,,,,,,,,,,,,,,,,,,,,,,,,,,,,,,,,,,3,complete,,,true,AT,1___46e1b61775fb1da757ffdca27234fe79_VWGSGGK
2026-09-28 11:52:35,2026-09-28 11:54:10,0,100,95,1,2026-09-28 11:54:10,R_8ypv4yodjuBLB2V,anonymous,DE,0.800000011920929,FL_EOS_ID,,3,5,1,3,3,1,100,Mars,1.297,4.651,5.192,2,,1,,1,,,,1,,1,1,1,1,1,,,,,1,1,,,1,,1,,,,,,,1,1,1,,,,,,,,,,1,,1,,,,,,1,1,,1,,,,,,,,,1.816,52.617,53.259,46,,,,,,,,,,,,,,,,,,,,,,,,,,,,,,,,,,,5,complete,,,,AT,1___121ad576a9ebd5be03301b80a49c8033_VWGSGGK
2026-09-28 11:54:15,2026-09-28 11:54:35,0,100,19,1,2026-09-28 11:54:35,R_8HkNjpB0khEPc1L,anonymous,DE,1,FL_38,,2,2,1,2,3,3,36,,,,,,,,,,,,,,,,,,,,,,,,,,,,,,,,,,,,,,,,,,,,,,,,,,,,,,,,,,,,,,,,,,,,,,,,,,,,,,,,,,,,,,,,,,,,,,,,,,,,,,,,,,,,complete,,,,AT,1___fc8257a2454477d5b34790271fb9c5a8_VWGSGGK
2026-09-28 11:53:13,2026-09-28 11:54:37,0,100,84,1,2026-09-28 11:54:38,R_8xQN39ZTJsJKStz,anonymous,DE,1,FL_EOS_ID,,4,3,2,1,3,3,100,"Snickers
Twix 
Mars 
Kinder ",1.821,13.208,16.606,2,,,,,,,,1,,1,1,1,1,,,,,,1,,,,1,,,,,,,,,,,,,,,,,,,,,1,,1,,,,,,,,,,,,,,,1,,,0.945,23.705,24.801,20,,,,,,,,,,,,,,,,,,,,,,,,,,,,,,,,,,,4,complete,,,,AT,1___eb0b8ed395bf507788bc340c450021f4_VWGSGGK
2026-09-28 11:53:04,2026-09-28 11:55:01,0,100,117,1,2026-09-28 11:55:02,R_2FyzkrCTk1bG61l,anonymous,DE,0.8999999761581421,FL_EOS_ID,,4,4,2,3,6,3,100,"Milka, Kinder, ",2.081,37.159,37.633,3,,1,,1,1,1,,1,,1,1,1,1,1,,,,,1,1,,,,,,,,,,,1,1,,,1,,,,,,1,,,,,,,,,,,1,,,,,,,,,,,,3.292,38.683,39.8,29,,,,,,,,,,,,,,,,,,,,,,,,,,,,,,,,,,,3,complete,,,,AT,1___bb6bd273c1d6d329fe8491b499f8f536_VWGSGGK
2026-09-28 11:52:59,2026-09-28 11:55:11,0,100,132,1,2026-09-28 11:55:12,R_2R8ia0imKch9KcL,anonymous,DE,1,FL_EOS_ID,,6,4,1,1,3,1,100,Bounty,5.511,5.511,30.04,1,,,,1,1,,,,,1,,1,1,,,,,,,,,,,,,1,,,,,,,1,,,,,,,,,,,,,,1,,,,,,,1,,,,,,,,,,4.044,33.767,34.729,21,,,,,,,,,,,,,,,,,,,,,,,,,,,,,,,,,,,5,complete,,,true,AT,1___dcf9626a22155d1416fd14da34efa106_VWGSGGK
2026-09-28 11:52:42,2026-09-28 11:55:29,0,100,166,1,2026-09-28 11:55:29,R_2Lvwr80BvbdosYi,anonymous,DE,0.800000011920929,FL_EOS_ID,,6,5,1,7,7,2,100,"Milky Way
Twix",8.049,8.049,33.151,1,,,,1,,1,,,,,,1,1,,,,,,,1,,,,,,,,,,,,,,,,,,,,,,1,,,,,,,,,,,,,,,,,,,,,1,5.773,71.607,72.238,26,,,,,,,,,,,,,,,,,,,,,,,,,,,,,,,,,,,2,complete,,,,AT,1___c799908991b4cb44d7cc00b71c33cb82_VWGSGGK
2026-09-28 11:52:33,2026-09-28 11:56:01,0,100,208,1,2026-09-28 11:56:02,R_8IXJOiulYsxw6qP,anonymous,DE,1,FL_EOS_ID,,3,5,1,4,6,3,100,"Kinder, Schogetten, Mars,",1.655,1.655,38.484,1,1,1,,1,1,1,,1,,1,1,1,1,1,1,1,1,,1,1,,,,,1,,,,1,,1,,,1,1,,,,,,,,,,,,,,,,,1,,,1,1,,,,,,1,,4.255,38.61,41.688,25,,,1,,,,,1,,,,0,0,-30,0,0,0,0,,,,,,,,,,Schokoriegel ohne Zucker,7,0,4.897,22.609,23.526,3,1,complete,,,,AT,1___233b4f9c58729d7c1c41f2e67861b057_VWGSGGK
2026-09-28 11:54:05,2026-09-28 11:56:04,0,100,119,1,2026-09-28 11:56:05,R_2p9eCBD2gXKA3SD,anonymous,DE,0.800000011920929,FL_EOS_ID,,4,3,2,3,4,2,100,Milka kinder duplo,2.898,2.898,16.634,1,,1,,1,1,1,,1,,1,1,,1,1,,,,,1,1,,,,,,,,,,,,1,,1,1,,,,,,,,,,,,,,,,,1,1,,1,1,,,,,,,,4.946,50.803,51.445,27,,,,,,,,,,,,,,,,,,,,,,,,,,,,,,,,,,,5,complete,,,,AT,1___832819f79d2876e3f6052454ce9eb9e7_VWGSGGK
2026-09-28 11:53:17,2026-09-28 11:56:09,0,100,172,1,2026-09-28 11:56:09,R_8Fy44bXSbARbDnV,anonymous,DE,0.800000011920929,FL_EOS_ID,,3,4,1,3,4,3,100,"Duplo, MilkyWay, Twix",1.067,1.067,35.752,1,,1,,1,,1,,1,,1,1,1,1,1,,,,,1,1,,,1,,,,,,,,,,1,,,,,,,,,,,,,,,,,,,,,1,,,,,,,,,,3.804,38.716,39.142,30,,,,,,,,,,,,,,,,,,,,,,,,,,,,,,,,,,,5,complete,,,,AT,1___4dc0a66ae6b924908609aa6a0de13f87_VWGSGGK
2026-09-28 11:53:10,2026-09-28 11:56:10,0,100,180,1,2026-09-28 11:56:11,R_2CpYFm1iKT8p0tV,anonymous,DE,1,FL_EOS_ID,,4,5,2,3,5,3,100,"Mars, twix Snickers Bounty 
",3.1,23.671,24.229,2,1,1,,1,1,1,1,1,,1,1,1,1,1,,1,1,,1,1,,,,,1,,,,1,,,1,1,1,,,,,,,,,,,,1,,,,,,,,,1,,,,,,,,,3.801,47.791,48.301,34,,,,,,,,,,,1,,,,,-26,3,0,,,,,,,,,,,1,0,3.351,11.6,11.5,7,5,complete,,,,AT,1___160798f1c00d99a4f6dbda9398ee76f5_VWGSGGK
2026-09-28 11:53:23,2026-09-28 11:56:21,0,100,177,1,2026-09-28 11:56:21,R_2QxQpuvKzk9BUJP,anonymous,DE,1,FL_EOS_ID,,3,3,2,2,7,2,100,"Milka
Zotter
Manner
Ritter Sport",1.901,1.901,31.201,1,,1,,1,1,1,,1,,1,1,1,1,1,1,1,,,1,,,,,,,,,,1,,1,1,,1,1,,,,,,,,,,,,,,,,,,,,,1,,,,,,,,3.901,36.213,38.314,32,,,,,,,,,,,1,-28,26,-16,-4,-9,1,0,,,,,,,,,,Kenne ich zu wenig,1,0,1.9,11.51,12.543,7,3,complete,,,,AT,1___a13d4572413812d8097c8522e3ddddc3_VWGSGGK
2026-09-28 11:53:10,2026-09-28 11:56:37,0,100,206,1,2026-09-28 11:56:37,R_2Cf4CoH4E3UIrvz,anonymous,DE,0.800000011920929,FL_EOS_ID,,3,4,1,5,6,3,100,"Mars, boubty, snickerd, kit kat",2.834,2.834,24.9,1,,1,,1,1,1,,1,,1,1,1,1,1,,1,,,1,1,,,,,1,,,,1,,1,,1,1,1,,,,,,,,,1,,1,,,,,,1,,1,1,1,,,,,,,,5.261,56.145,57.303,39,1,,,1,,,,,,,,0,0,0,0,-1,2,2,,,,,,,,,,Neu,1,0,1.999,20.642,21.804,14,2,complete,,,,AT,1___627efeb2941d45e36e3ff5a218aef49f_VWGSGGK
2026-09-28 11:54:56,2026-09-28 11:57:28,0,100,152,1,2026-09-28 11:57:29,R_8QXCkBxkJ2PuCww,anonymous,DE,1,FL_EOS_ID,,5,2,2,4,5,5,100,"Milka, Knoppers, Lindt",1.324,1.324,13.18,1,,1,,1,1,1,,1,,1,1,1,1,,,1,,1,1,1,,,1,,,,1,,1,,1,1,,,1,,,,1,,1,,,,,,,,,,,1,1,,,,,,,1,,,,2.165,53.325,57.56,24,,,,,,,,1,,,,1,0,0,0,-1,5,5,,,,,,,,,,rote Verpackung,1,0,2.353,12.424,12.9,4,3,complete,,,,AT,1___792dfe284ea3fe6f57c353a1c4512c8f_VWGSGGK
2026-09-28 11:55:26,2026-09-28 11:57:29,0,100,122,1,2026-09-28 11:57:29,R_2319ks1DVCT9QRI,anonymous,DE,1,FL_EOS_ID,,3,6,1,2,5,2,100,"Milka,Mars,Duplo",2.402,15.873,17.137,2,,1,,1,1,1,,1,,,1,1,1,,1,,,,,1,,1,,,1,,,,,,,,,,,1,,,,,,,,,,,,,,,,,,1,,,1,,,,,,,5.002,52.521,53.29,25,,,,,,,,,,,,,,,,,,,,,,,,,,,,,,,,,,,5,complete,,,true,AT,1___2dd83dc3a759534b9a1a0a3a3e546d84_VWGSGGK
2026-09-28 11:54:13,2026-09-28 11:57:46,0,100,212,1,2026-09-28 11:57:46,R_8nKAKEYVX7JQD1T,anonymous,DE,1,FL_EOS_ID,,4,3,2,1,3,4,100,"Balisto,Mars, Kinderschokolade",1.542,15.031,21.046,2,,1,,1,1,1,1,1,,1,1,1,1,1,1,1,1,,1,1,,,1,,1,1,1,,1,,1,1,,,,,,,,1,,,,,,1,1,,,,,1,,,,,,,,,,,,1.952,52.769,56.654,41,,,,,,,,1,,,,100,16,-33,-19,29,2,1,,,,,,,,,,"Gut, teuer",1,1,2.888,16.575,18.57,8,4,complete,,,,AT,1___1a49ce6fd2c5525018089f87c805ccb6_VWGSGGK
2026-09-28 11:54:43,2026-09-28 11:57:57,0,100,193,1,2026-09-28 11:57:57,R_8dXQYNj3XmHTP0W,anonymous,DE,0.800000011920929,FL_EOS_ID,,3,2,1,8,2,3,100,"Kinderriegel, Corny, More, Milka, Zotter",1.399,24.242,30.495,2,,1,,1,1,1,,1,,1,1,1,1,1,1,1,,,1,1,,,,,,1,,,,,1,,,,1,,,,,1,,,,,,1,1,,,,,1,,,,1,,,,,,1,,2.065,37.87,38.378,37,,,,1,,,,,,,,,65,94,100,0,8,0,,,,,,,,,,"Etwas gesünderer Schokoriegel mit mäßigem Geschmack ",2,4,1.509,38.728,39.532,13,3,complete,,,,AT,1___ddfbe4f3d8b2293957ce5b5496211484_VWGSGGK
2026-09-28 11:55:30,2026-09-28 11:58:02,0,100,151,1,2026-09-28 11:58:02,R_2DbE3bJn0sedLHy,anonymous,DE,0.8999999761581421,FL_EOS_ID,,5,4,1,8,6,5,100,"Milka
Lindt
Ritter Sport
Kinder",1.256,14.905,15.578,2,,1,,1,1,,,1,,1,1,1,1,1,,1,1,,1,1,,,,,,,,,,,1,,,,,,,,,,,,,1,,,,,,,,1,,,,1,,,,,,,,1.439,36.266,36.801,29,,,,1,,,,,,,,77,94,26,79,0,7,3,,,,,,,,,,Ist ganz ok,3,4,2.461,14.213,14.647,12,2,complete,,,,AT,1___1f7b0c90a2be8c6092c04896f8698310_VWGSGGK
2026-09-28 11:56:50,2026-09-28 11:58:17,0,100,87,1,2026-09-28 11:58:17,R_8H1zldE8dEXsXvz,anonymous,DE,0.8999999761581421,FL_EOS_ID,,2,3,2,3,2,2,100,"Ritter Sport
Milka
Ferrero ",1.618,1.618,11.243,1,,,,,,,,,,1,1,,,1,,,,,,,,,,1,1,,,,,,,,,,1,,,,,,1,,,,,,,,,,,1,1,,,,,,,,,1,,7.23,31.042,31.941,29,,,,,,,,,,,,,,,,,,,,,,,,,,,,,,,,,,,3,complete,,,true,AT,1___554ef9c5c39f115b08b81f00fd2e9f26_VWGSGGK
2026-09-28 11:53:56,2026-09-28 11:58:23,0,100,267,1,2026-09-28 11:58:24,R_8hUzLPchrTK0cOl,anonymous,DE,1,FL_EOS_ID,,5,4,2,3,6,3,100,"Mars bounty twix neoh balisto ",1.652,15.905,29.424,3,,1,1,1,1,1,1,1,,1,1,1,1,1,1,1,,1,1,1,,,,1,1,,,1,,,1,,,,,,1,,,,,,,,,,,,1,,,,,,,,,1,,,,,,3.283,68.279,69.739,47,,,,1,,,,1,,,,35,26,-29,34,7,6,5,,,,,,,,,,Schmeckt etwas zu sehr nach süßungsmittel,4,2,1.792,33.851,35.4,8,1,complete,,,,AT,1___4b4f537e1921014a6b3aac74b60e0bbd_VWGSGGK
2026-09-28 11:55:25,2026-09-28 11:58:43,0,100,198,1,2026-09-28 11:58:44,R_2ISg71YshX7G1F8,anonymous,DE,0.800000011920929,FL_EOS_ID,,6,3,1,2,5,2,100,"Mars, Snickers,  Bounty",1.42,1.42,14.652,1,,1,,1,1,1,,1,,1,1,1,1,,,1,,,1,1,,,,,1,,1,,,,,,,1,1,,1,,,,,,,,,,,,,,,,,,,,,,,,,,1,2.167,52.132,52.58,48,,,,,,,,,,,1,79,100,-49,12,10,5,0,1,,,,,,,,,"Gut aber teuer
",4,0,2.083,14.822,15.396,12,3,complete,,,,AT,1___85ca06112042f126293e0045b8218d72_VWGSGGK
2026-09-28 11:57:11,2026-09-28 11:58:58,0,100,107,1,2026-09-28 11:58:59,R_8lLpufjn7rLSoBH,anonymous,DE,0.800000011920929,FL_EOS_ID,,6,5,1,7,2,2,100,Keiner,4.216,4.216,9.201,1,,1,,1,,,,,,,,,1,1,,,,,,1,,,1,,1,,,,,,,,,,,,,,,,,,,,,,,,,,,,,,,,,,,,,,1,2.7,33.501,34.402,16,,,,,,,,,,,,,,,,,,,,,,,,,,,,,,,,,,,5,complete,,,,AT,1___6494e556cc189577d19f1c1f352f6a05_VWGSGGK
2026-09-28 11:52:42,2026-09-28 11:59:00,0,100,377,1,2026-09-28 11:59:01,R_8r85hLpt2cXjwFK,anonymous,DE,1,FL_EOS_ID,,3,4,2,2,2,2,100,"Kinderschokolade, Kit kat, Balisto, Twix, Mars, Lion, Mars, Areo, Duplo, Milky Way, Knoppers, Rittersport, Milka",9.901,205.718,206.766,13,,1,,1,1,1,1,1,,1,1,1,1,1,,,1,,1,1,,,,,,,,,,,1,1,1,,1,,,,,,,,,,,,,,,,,1,1,,,,,,,,,,,7.189,79.249,79.961,29,,,,,,,,,,,,,,,,,,,,,,,,,,,,,,,,,,,5,complete,,,,AT,1___5a6ccf69c64b1b2b1e991e9e585e516c_VWGSGGK
2026-09-28 11:54:50,2026-09-28 11:59:57,0,100,307,1,2026-09-28 11:59:57,R_2myqV2gYjkTEz4T,anonymous,DE,1,FL_EOS_ID,,4,5,2,1,4,5,100,"Mars, snickers, kit kat. Nussino, Duplo,  twix,  bounty ",3.774,53.891,56.752,2,,1,1,1,1,1,,1,,1,1,1,1,1,1,1,,,1,1,,,1,1,,,1,,,,,1,,,,1,,,,1,,,,1,,,,,,,,,1,,,1,,1,,,1,,,5.559,92.695,93.986,41,,,,,,,,1,,1,,15,16,-98,-20,-12,2,1,,,,,,,,,,"Schokoriegel mit Süßstoff ",1,0,3.487,27.971,28.837,7,4,complete,,,,AT,1___b8dec8cbc49a4abffa260bdcfc50bf97_VWGSGGK
2026-09-28 11:58:38,2026-09-28 11:59:59,0,100,80,1,2026-09-28 11:59:59,R_2hlqrdgsjhEzui5,anonymous,DE,1,FL_EOS_ID,,3,3,1,2,6,5,100,"Milka, Mars, Snickers",1.442,1.442,14.352,1,,,,,,,,,,1,,,1,1,,,,,,1,,,,,,,,,,,1,,,,1,,,,,,,,,,,,,,,,,,,,1,1,,,,,,1,,2.402,27.186,28.255,21,,,,,,,,,,,,,,,,,,,,,,,,,,,,,,,,,,,5,complete,,,true,AT,1___f6f258805fa8a1cd850fd5a71dc9ca9c_VWGSGGK
2026-09-28 11:55:47,2026-09-28 12:00:12,0,100,264,1,2026-09-28 12:00:12,R_8MZktz06FKhEyix,anonymous,DE,1,FL_EOS_ID,,3,4,2,2,5,3,100,"Kinder, Milka, Ritter Sport, Balisto",1.956,1.956,27.131,1,,1,,1,1,1,,1,1,1,1,1,1,1,,1,,,1,1,,,,,1,,,,,,1,,1,,1,,,,,,,,,1,,1,,,,,,1,,1,1,1,,,,,,1,,3.926,54.736,55.701,25,,,,,,,,,,,1,64,72,60,63,2,7,4,,,,,,,,,,Viel Kokos und gute Schokolade,4,6,2.044,42.496,43.315,4,4,complete,,,,AT,1___6090e0f8c34444075fb594da5e362472_VWGSGGK
2026-09-28 11:57:03,2026-09-28 12:00:36,0,100,213,1,2026-09-28 12:00:37,R_8I4nbreEWObH6yL,anonymous,DE,1,FL_EOS_ID,,4,5,2,3,5,3,100,"Milka, Twitter, bounty, duplo, ",11.3,102.533,103.557,2,,1,,1,1,1,,,,,1,1,1,1,,,,,1,1,,,1,,,1,,,,,,,,,,,,,,1,,,,1,,1,,,,,,,1,,,,,,,,,,,4.634,68.985,70.147,39,,,,,,,,,,,,,,,,,,,,,,,,,,,,,,,,,,,5,complete,,,,AT,1___dcf804d28500ef6a45ca92cf660910c0_VWGSGGK
2026-09-28 11:53:55,2026-09-28 12:00:47,0,100,411,1,2026-09-28 12:00:47,R_8tJv1LIrAV3WFlB,anonymous,DE,1,FL_EOS_ID,,4,5,1,2,5,4,100,"Lindt, Mars, Snickers, Bounty, TWIX, ",1.969,1.969,63.311,1,,1,,1,1,1,,1,,1,1,1,1,1,,1,,,1,1,,,,,,,,,,,1,1,1,,,,1,,,,1,,,,,,,,,,,1,1,1,,1,,1,,,,1,,11.735,84.135,86.179,24,,,,,,,,1,,,,84,83,2,82,1,9,5,,,,,,,,,,eine sehr gute Alternatve zu anderen Schokoriegeln; nicht so süß,4,8,3.926,50.821,52.057,4,4,complete,,,,AT,1___9858f7ec408f7cae2625b2013b9a284d_VWGSGGK
2026-09-28 11:59:15,2026-09-28 12:01:01,0,100,105,1,2026-09-28 12:01:01,R_2lghzJwoaOZGFhS,anonymous,DE,1,FL_EOS_ID,,2,6,1,1,5,2,100,Milka,2.104,7.68,8.3,2,,,,1,,1,,,,,,1,1,1,,,,,,1,,,,,,,,,,,,,1,,1,,,,,,,,,,,1,,,,,,,,1,1,,,,,,,,,3.695,45.685,46.431,26,,,,,,,,,,,,,,,,,,,,,,,,,,,,,,,,,,,5,complete,,,,AT,1___04892e69519c2156dce765027dc0eced_VWGSGGK
2026-09-28 11:55:22,2026-09-28 12:01:10,0,100,347,1,2026-09-28 12:01:11,R_2dDYbH2QUp5ljk4,anonymous,DE,0.8999999761581421,FL_EOS_ID,,3,4,2,3,2,2,100,"Fererro, suchard, milka",2.701,26.476,30.831,2,1,1,,1,1,1,1,1,,1,1,1,1,1,1,1,,,1,1,,1,1,,1,1,,1,1,,1,1,1,1,1,,,1,,1,1,,,,,,,,,,,1,,,,1,,,,,,,,4.81,94.931,97.25,49,,,,1,,,,,,,,100,100,15,36,100,10,10,,,,,,,,,,Lecker,5,8,1.326,30.278,31.048,17,5,complete,,,,AT,1___95ee69c88410449b57e3a3c35ef19d6f_VWGSGGK
2026-09-28 11:58:37,2026-09-28 12:01:42,0,100,185,1,2026-09-28 12:01:43,R_2mLKT76xVBZ2Hxn,anonymous,DE,1,FL_EOS_ID,,6,4,1,3,5,4,100,Mars,1.601,1.601,9.628,1,1,1,,1,1,1,,1,,1,,1,1,1,,1,,,1,1,,,1,,1,1,,,1,,1,1,,1,1,,,,,1,1,,,1,,,1,,,,,,,,,,,,,,,1,,2.201,53.424,54.1,39,1,,,,,,,,,,,,54,-34,0,,0,0,,,,,,,,,,Habe es noch nie probiert,1,0,2.279,19.141,20.2,10,1,complete,,,,AT,1___05c37a66e6dc928867abdc1aad0b7da2_VWGSGGK
2026-09-28 11:51:01,2026-09-28 12:01:53,0,100,652,1,2026-09-28 12:01:53,R_22DMHXOvcuRpvl7,anonymous,DE,1,FL_EOS_ID,,3,3,1,2,6,5,100,Mars,593.709,593.709,596.634,1,,1,,,,,,,,,,1,1,,,,,,,1,,,,,,,,,,,,,1,,,,,,,,,,,,,,,,,,,,,1,,,,,,,,,,1.818,16.753,17.482,6,,,,,,,,,,,,,,,,,,,,,,,,,,,,,,,,,,,3,complete,,,,AT,1___aea18ebdb872d0cfb51d9cd4d9e6f7b6_VWGSGGK
2026-09-28 11:58:06,2026-09-28 12:01:53,0,100,227,1,2026-09-28 12:01:54,R_1LYXlegvpOw0Pnk,anonymous,DE,1,FL_EOS_ID,,5,6,2,2,6,3,100,"Mars, snickers, bounty, ",1.9,18.939,19.894,2,,1,,1,1,,,1,,,1,,1,1,,1,,,1,1,,,,,1,,,,1,,,1,,1,,,1,,,,1,,,,,,,,,,,,,,,,,,,,,,1,2.497,47.396,48.821,32,,1,,,,,,1,,,,100,100,0,75,0,8,3,,,,,,1,,,,,4,0,6.698,18.8,18.8,9,5,complete,,,,AT,1___fbb10cef104499d5761af43f1eb54b12_VWGSGGK
2026-09-28 12:00:05,2026-09-28 12:02:12,0,100,127,1,2026-09-28 12:02:12,R_8dzWUvoUMY8hDOJ,anonymous,DE,1,FL_EOS_ID,,2,5,1,1,3,2,100,Twix,2.085,2.085,19.575,1,,1,,1,,1,,,,,1,,1,1,,,,,,1,,,,,1,,,,,,,,,,1,,,,,,,,,,,,,1,,,,,1,,,,,,,,,1,,6.197,56.024,56.605,32,,,,,,,,,,,,,,,,,,,,,,,,,,,,,,,,,,,3,complete,,,,AT,1___fba0b05cd6f194fc8291523aba476a05_VWGSGGK
2026-09-28 12:00:30,2026-09-28 12:02:20,0,100,110,1,2026-09-28 12:02:21,R_8HCdx5BS6jtO722,anonymous,DE,1,FL_EOS_ID,,3,6,1,2,5,6,100,"Mars
Duplo
Twix",1.714,1.714,18.598,1,,1,,1,,1,,,,1,1,1,1,1,,,,,,1,,,1,,1,,,,,,,,1,1,1,,,,,,,,,,,,,,,,,,,,,,,,,,,,1,2.648,48.83,49.996,15,,,,,,,,,,,,,,,,,,,,,,,,,,,,,,,,,,,3,complete,,,true,AT,1___8d247cfbf21a434555dfdbd8e997944a_VWGSGGK
2026-09-28 12:01:20,2026-09-28 12:02:51,0,100,90,1,2026-09-28 12:02:51,R_8Y4cDkADOEdGsuV,anonymous,DE,0.800000011920929,FL_EOS_ID,,5,4,1,5,5,6,100,"Snickers 
Mars
Twix
",2.566,2.566,17.966,1,,,,1,1,,,,,1,1,1,1,1,,,,,,1,,,,,,,,,,,,,,1,,,,,,,1,,,,,,,,,,,,,,1,,,,,,,1,,2.501,35.718,36.375,28,,,,,,,,,,,,,,,,,,,,,,,,,,,,,,,,,,,4,complete,,,,AT,1___329f8a8b142a33c787b96b0f517566ff_VWGSGGK
2026-09-28 11:58:54,2026-09-28 12:03:24,0,100,270,1,2026-09-28 12:03:25,R_8jUKIhZSjPnvYZh,anonymous,DE,0.800000011920929,FL_EOS_ID,,3,5,1,3,5,2,100,"Mars, Snickers, Toblerone, Reiders,",7.627,7.627,109.6,1,,1,,1,1,1,,1,,1,1,1,1,1,,,,,1,1,,,,,,,,,,,,,1,1,1,,,,,1,1,,,,,,,,,,,,,,,1,,,,,1,1,,8.609,89.5,90.3,37,,,,,,,,,,,,,,,,,,,,,,,,,,,,,,,,,,,3,complete,,,,AT,1___409dc178329627368d7b730fd33a1231_VWGSGGK
2026-09-28 11:58:46,2026-09-28 12:03:40,0,100,293,1,2026-09-28 12:03:40,R_81oDiwykRjQBpQL,anonymous,DE,0.800000011920929,FL_EOS_ID,,2,3,2,3,4,2,100,"Mars, twix, Kinderschokolade, Snickers, ",2.56,2.56,55.7,1,1,1,,1,1,1,1,1,,1,1,1,1,1,1,1,1,,1,1,,1,,,,1,1,,,,1,,,1,1,1,,,,1,1,,,,,,,,,,,1,,,1,1,,,,,,1,,3.503,64.043,67.008,46,1,,,,,,,1,,,,100,100,89,100,100,10,9,,,,,,,,,,"Ein Genuss ohne schlechtes Gewissen ",6,10,2.901,25.883,26.301,11,5,complete,,,,AT,1___4ad7437d2e106497181bf94727caaba9_VWGSGGK
2026-09-28 12:00:54,2026-09-28 12:04:24,0,100,209,1,2026-09-28 12:04:25,R_8rLNOm3a18JUBbj,anonymous,DE,0.800000011920929,FL_EOS_ID,,4,3,1,3,3,2,100,"Milka, lindt, bensdorp, kinder, zotter",2.231,21.501,26.35,2,,1,,1,1,1,,,,1,1,1,1,1,,1,,,1,1,,,,,,,,,,,,1,,,,,,,,1,,,,,,,,,,,,,1,,,,,,,,,,,3.137,44.164,44.922,41,,,,1,,,,,,,,83,89,20,25,22,7,2,,,,,,,,,,Riegel,3,2,9.715,24.657,25.301,14,5,complete,,,,AT,1___f2508e219b205534b86eb912837554f6_VWGSGGK
2026-09-28 12:01:03,2026-09-28 12:05:03,0,100,240,1,2026-09-28 12:05:04,R_2finukDIZOQNqrT,anonymous,DE,0.800000011920929,FL_EOS_ID,,5,2,2,8,4,2,100,"Manner, Mignon, Balisto, Corny, kinder usw.",2.233,38.809,39.12,2,,1,,1,1,1,,1,,1,1,1,1,1,1,1,,,1,1,,,1,,1,1,1,,,,1,1,1,,1,,,,,1,1,,,,,,,1,,,,,,,,,,,,,,,,3,48.177,49.119,41,1,,,,,,,,,,,0,77,-65,0,0,5,0,,,,,,,,,,"Bei NEOH handelt es sich um eine überteuerte Schokoriegel-Marke, die durch 2 Minuten 2 Millionen ihre große Bekanntheit erlangte.",1,0,2.172,67.318,67.7,16,3,complete,,,,AT,1___9f39ff0af981f830655fd5dad8c7a19d_VWGSGGK
2026-09-28 12:01:42,2026-09-28 12:05:05,0,100,202,1,2026-09-28 12:05:05,R_2dmOrzyfVdjM3FU,anonymous,DE,0.800000011920929,FL_EOS_ID,,2,2,1,7,6,3,100,"Mars snickers ",2.533,2.533,15.101,1,1,1,,1,1,1,,1,,1,1,1,1,1,1,1,1,,1,1,,,1,,1,1,,,1,,1,1,,1,1,1,1,,,1,1,,1,,,,,,,,,,,,,,1,,,,,,,1.284,55.826,56.544,57,1,,,1,,1,,,,,,40,65,-35,44,,5,1,1,,,,,,,,,Gut aber teuer,2,3,2.996,18.098,19.29,15,4,complete,,,,AT,1___d5c4a0a2697afa123e8b420991951a0a_VWGSGGK
2026-09-28 12:02:48,2026-09-28 12:05:24,0,100,155,1,2026-09-28 12:05:24,R_8jP1oml0gNbfuWI,anonymous,DE,0.800000011920929,FL_EOS_ID,,2,3,1,3,3,2,100,"Mars snickers Milka ",1.401,1.401,12.454,1,,1,,,,1,,1,,1,1,1,1,1,,1,,,1,1,,,,,1,,,,,,1,1,1,1,1,,,,,1,1,,,,,,,,,,,1,,1,1,,,,,,,1,,6.102,38.295,38.903,45,,,1,,,,,1,,1,,31,20,-11,20,6,5,2,,,,,,,,,,"Etwas neues zum probieren ",2,2,3.362,20.989,21.426,14,4,complete,,,true,AT,1___fbecf5252a67b23d54aa252487788921_VWGSGGK
2026-09-28 12:04:38,2026-09-28 12:05:39,0,100,61,1,2026-09-28 12:05:39,R_82rs4eYJgIQdo8Z,anonymous,DE,1,FL_EOS_ID,,5,4,2,1,1,5,100,Manner,1.217,1.217,6.275,1,,,,1,,,,,,,1,1,1,1,,,,,1,1,,,,,,,,,,,,,,,,,,,,,1,,,,,1,,,,,,,,,,,,,,,,,,4.083,18.691,19.5,9,,,,,,,,,,,,,,,,,,,,,,,,,,,,,,,,,,,2,complete,,,true,AT,1___511d8cd2c8e787ea5b81f29e46b820a6_VWGSGGK
2026-09-28 12:02:14,2026-09-28 12:06:41,0,100,267,1,2026-09-28 12:06:42,R_8Xlz6k63vV5g5Q5,anonymous,DE,0.800000011920929,FL_EOS_ID,,4,4,1,3,3,2,100,"Milka,
",2.963,2.963,17.378,1,1,1,,1,1,1,1,1,,1,1,1,1,1,1,1,1,,1,1,,,,,,,,,,,1,,,1,1,,,,,,1,,,,,,,,,,,,,,1,1,,,,,,1,,7.801,59.095,60.045,36,,,,,,,,,,,1,64,49,22,35,32,5,5,,,,,,,,,,"Muss ich erst probieren ",5,6,10.62,38.085,38.668,9,5,complete,,,,AT,1___bc2675208ae72f9e2b902704992bfef9_VWGSGGK
2026-09-28 12:03:09,2026-09-28 12:06:57,0,100,228,1,2026-09-28 12:06:58,R_8E4P0vtbguQz4TI,anonymous,DE,0.8999999761581421,FL_EOS_ID,,5,4,2,1,4,3,100,Twix,1.58,10.849,11.735,2,1,1,1,1,1,1,1,1,,1,1,1,1,1,1,1,,,1,1,,,,,,,,,,,1,,,1,,,,,,,,,,,,,,,,,,1,,,,,,,,,,,,4.636,53.858,57.824,53,1,,,1,,,,1,,,,83,84,22,56,17,1,0,,,,,,,,,,"Zuckerfreier Riegel und Schokolade ",1,1,1.94,23.179,25.46,9,5,complete,,,,AT,1___14bf9dee067746427e9f22f13c2a800d_VWGSGGK
2026-09-28 11:59:02,2026-09-28 12:07:02,0,100,479,1,2026-09-28 12:07:02,R_2LNP0AaBShGZrQ5,anonymous,DE,1,FL_EOS_ID,,2,4,2,2,4,2,100,"Kinder, Duplo, Bueno, Milka, Lindt, Hachez",1.079,1.079,38.917,1,1,1,1,1,1,1,,1,1,1,1,1,1,1,1,1,,,1,1,,,,,1,1,,,,,1,1,1,1,1,1,1,,,1,1,,,,,1,1,,,,,1,1,1,1,1,,,,,1,1,,7,61.774,63.77,37,,,,,,,,1,,,,85,98,40,75,20,9,7,1,,,,,1,,,,"NEOH hat wenig (oder sogar garkeinen?) Zuckerzusatz, schmeckt aber genauso gut wie ein herkömmlicher Schokoriegel. Die Marke ist noch relativ neu am Markt, aber beim zB Eurospar/Interspar gibt es schon einige leckere Sorten davon. Die Riegel sind auch so praktisch verpackt, dass man sie unterwegs einfach in der Tasche mitnehmen und genießen kann!",5,9,2.274,90.485,92.757,3,4,complete,,,,AT,1___67c12a6531d607cef2dcdbbf0f4ad716_VWGSGGK
2026-09-28 12:03:49,2026-09-28 12:07:51,0,100,241,1,2026-09-28 12:07:51,R_2ATjc83HePzbfwz,anonymous,DE,1,FL_EOS_ID,,4,5,2,2,5,2,100,"Milka, neos, snikers, mars, boumty",2.607,3.738,28.121,3,,1,,1,,1,,,,1,1,1,1,1,,1,,,,1,,,,,,,,,,,,1,,,,,,,,,1,,,,,,,,,,,,,,,,,1,,1,,1,,2.8,71.026,72.068,48,,,,,,,,,,,1,48,43,-69,41,8,6,3,,,,,,,,,,Kalorienarm aber teuer,5,6,4.847,23.417,25.546,7,4,complete,,,,AT,1___c160b80efc21cda3773da4a0fedddcab_VWGSGGK
2026-09-28 12:06:05,2026-09-28 12:08:17,0,100,131,1,2026-09-28 12:08:17,R_8mkspaTTi56JHeL,anonymous,DE,1,FL_EOS_ID,,6,6,1,1,2,4,100,keine,11.995,11.995,18.379,1,,1,,1,,1,,,,,,1,1,1,,,,,,1,,,,,1,,,,,,,,,1,,,,,,,,,,,,,,,,,,,,,,,,,,,,,1,7.578,49.09,50.293,10,,,,,,,,,,,,,,,,,,,,,,,,,,,,,,,,,,,5,complete,,,,AT,1___970b9ebbeb64527e575e5aa313e85761_VWGSGGK
2026-09-28 12:07:12,2026-09-28 12:09:56,0,100,164,1,2026-09-28 12:09:57,R_8pSFNSJyBOvgWMz,anonymous,DE,1,FL_EOS_ID,,3,6,1,1,2,5,100,Milka,2.583,2.583,10.863,1,,1,,1,1,1,,1,,1,1,1,1,1,,,,,,1,,,,,,,,,,,,1,1,,1,,,,,,,,,,,,,,,,,,,1,,,,,,,,,,4.752,62.072,65.903,17,,,,,,,,,,,,,,,,,,,,,,,,,,,,,,,,,,,4,complete,,,,AT,1___0c640f14c16f3a347dac59124e103736_VWGSGGK
2026-09-28 12:07:05,2026-09-28 12:10:44,0,100,219,1,2026-09-28 12:10:45,R_8KfrBSOIh7dPGUO,anonymous,DE,1,FL_EOS_ID,,5,5,2,3,4,4,100,"Milka, Suchard, ",3.504,3.504,22.648,1,,1,,1,1,1,,,,1,1,1,1,1,,,,,1,1,,,,,,,,,,,1,,,,1,,,,,,,,,,,,,,,,,1,,,,1,,,,,,,,5.815,78.723,87.132,55,,,,,,,,,,,,,,,,,,,,,,,,,,,,,,,,,,,1,complete,,,,AT,1___071f3021c37ad464315726e0ec59cec6_VWGSGGK
2026-09-28 12:07:33,2026-09-28 12:11:14,0,100,220,1,2026-09-28 12:11:14,R_200n7G00am2LEiZ,anonymous,DE,1,FL_EOS_ID,,3,3,2,4,5,3,100,"kinderschockolade ",2.018,2.018,10.884,1,1,1,1,1,1,1,,1,,1,1,1,1,1,1,1,,,1,1,,,1,,,,,,,,1,,,1,,,,,,,,,,,,,,,,,,1,,,,,,,,,,,,7.022,51.161,52.155,38,,,,,,,,1,,,,8,39,7,9,5,3,1,,,,,,,,,,gesunder snack,2,1,2.518,19.807,22.292,7,4,complete,,,,AT,1___552a4b67d3eb529d9f2238b6dd3fbc94_VWGSGGK
2026-09-28 12:03:47,2026-09-28 12:11:34,0,100,467,1,2026-09-28 12:11:34,R_2dcMEdCQVcEbePD,anonymous,DE,0.800000011920929,FL_EOS_ID,,3,2,1,1,3,3,100,"Corny, Mars, Kinder, Balisto",2.679,124.945,132.582,3,,1,,1,1,,,1,,1,1,1,1,,,1,,,1,1,,,,,,1,,,,,,,,1,,,,,,1,1,,,,,,1,,,,,,,,1,,,1,,,1,,,1.824,73.84,74.408,37,,,,,1,1,,1,,1,,71,60,22,41,0,7,5,,,,,,,,,,Schokoriegel mit wenig Zucker aber dafür Süßstoffe,5,5,2.363,75.404,76.201,12,4,complete,,,,AT,1___f87994cad00c6484b09e16071f14b1f6_VWGSGGK
2026-09-28 12:08:57,2026-09-28 12:11:36,0,100,158,1,2026-09-28 12:11:36,R_2gmuPm4ERpp4Deh,anonymous,DE,0.8999999761581421,FL_EOS_ID,,3,6,1,1,5,2,100,"Bensdorp, Ritter Sport, Milka",2.159,2.159,31.32,1,,,,1,,1,,,,1,1,1,1,1,,,,,,1,,,,,,,1,,,,,1,1,,1,,,,,,,,,,,,,,,,,,1,1,,,,,,,,,,5.722,61.492,66.1,16,,,,,,,,,,,,,,,,,,,,,,,,,,,,,,,,,,,5,complete,,,,AT,1___49658fed8767f0bfb652a9344653a88a_VWGSGGK
2026-09-28 12:10:02,2026-09-28 12:12:14,0,100,132,1,2026-09-28 12:12:15,R_8SrvOGaxWjoRrYR,anonymous,DE,1,FL_EOS_ID,,4,5,2,1,6,5,100,"Zeichen Mars Stickers Mila way ",2.927,2.927,21.003,1,1,1,,1,,1,,,,1,1,1,1,1,1,,,,1,1,,1,,,,,,,,,,,,,,1,,,,,,,,,,,,,,,,,,,,,1,,,,,,,3.022,51.79,52.557,45,,,,,,,,,,,,,,,,,,,,,,,,,,,,,,,,,,,5,complete,,,,AT,1___e0f2b67ffffbc336868193592eb51803_VWGSGGK
2026-09-28 12:08:53,2026-09-28 12:12:52,0,100,239,1,2026-09-28 12:12:53,R_2cqh6s3ARtIf2Qp,anonymous,DE,1,FL_EOS_ID,,3,3,1,1,2,1,100,"Milka ",7.546,7.546,13.319,1,,,,1,,,,,,1,,1,1,1,,,,,1,1,,,,1,1,,,,,,1,,1,1,1,,,,,1,1,,,,,1,,,,,,1,,1,1,1,,,,,1,,,3.725,94.983,95.696,61,,,,,,,,,,,,,,,,,,,,,,,,,,,,,,,,,,,3,complete,,,true,AT,1___a5b38ac856a5f48622d7a5731c36a22c_VWGSGGK
2026-09-28 12:07:41,2026-09-28 12:13:08,0,100,326,1,2026-09-28 12:13:08,R_81SNGnFc8RS8yai,anonymous,DE,1,FL_EOS_ID,,4,6,1,8,4,3,100,"Neoh , Mars, ",2.1,2.1,78.776,1,,1,1,1,,1,,1,,,1,1,1,1,,1,,,,1,,,,,1,,,,,,,1,1,1,1,,1,,,,,,,,,,,,,,,,,,,,,1,,,,,,4.801,86.055,87.348,30,,,,,,,,,,,1,100,100,0,100,0,8,8,,,,,,,,,,"Schmackhaft, wenig Zucket",7,10,4.181,36.001,36.969,11,5,complete,,,true,AT,1___e72703cb24bed08d9dcf457b70aaa1f9_VWGSGGK
2026-09-28 12:11:13,2026-09-28 12:13:37,0,100,144,1,2026-09-28 12:13:38,R_8EmawSwnLgSnEnG,anonymous,DE,1,FL_EOS_ID,,4,5,1,2,5,2,100,"Kinder
Milka 
Twix
Mars",2.391,25.714,26.694,3,,1,,1,,1,,1,,1,,1,1,1,,,,,1,1,,,1,,1,1,,,,,,,1,,,,,,,,,,,,,1,1,,,,,1,1,,,,,,,,,,,2.365,53.716,54.401,36,,,,,,,,,,,,,,,,,,,,,,,,,,,,,,,,,,,5,complete,,,,AT,1___665b084c0a63059b4b98bfa4f27a01c1_VWGSGGK
2026-09-28 12:11:47,2026-09-28 12:15:26,0,100,218,1,2026-09-28 12:15:26,R_2mPsLhIqa0e7Urf,anonymous,DE,1,FL_EOS_ID,,6,4,1,5,3,3,100,"Mars, Snicker, Twix",9.151,9.151,16.004,1,,1,,1,1,1,,1,,1,1,1,1,1,,,,,,1,,,1,,1,,,,,,1,1,,1,1,,,,,,1,,,1,,,,,,,,,,,,,,,,,,,,2.408,48.327,50.35,21,,,,,,,,,,,,,,,,,,,,,,,,,,,,,,,,,,,4,complete,,,,AT,1___967183fc0590111c95696c26683c6394_VWGSGGK
2026-09-28 12:13:12,2026-09-28 12:15:26,0,100,133,1,2026-09-28 12:15:27,R_2n3uXtQ2ZaETi6t,anonymous,DE,0.8999999761581421,FL_EOS_ID,,4,5,1,2,5,5,100,"Mars, Snickers, Milka Tender, Lion",1.85,28.063,28.668,2,,1,,1,,1,,1,,1,1,1,1,1,,,,,1,1,,,1,,,,1,,,,1,,1,1,1,,,,,,1,,,,,,,,,,,1,,,1,1,,,,,,,,5.564,63.393,64.037,55,,,,,,,,,,,,,,,,,,,,,,,,,,,,,,,,,,,3,complete,,,,AT,1___ca4c1704219a41905b2efd25a522ab29_VWGSGGK
2026-09-28 12:15:04,2026-09-28 12:16:01,0,100,57,1,2026-09-28 12:16:02,R_8er2shtP60EHIs1,anonymous,DE,1,FL_EOS_ID,,5,3,1,2,7,3,100,Keine,1.089,4.81,6.001,2,,1,,1,1,,,1,,,1,,1,,,,,,,1,,,,,,,,,,,,,,,,,,,,,,1,,,,,,,,,,,,,,,,,,,,,1,2.193,17.501,18.131,16,,,,,,,,,,,,,,,,,,,,,,,,,,,,,,,,,,,5,complete,,,,AT,1___bdc258a2013f3daf9dcb1403e103f614_VWGSGGK
2026-09-28 12:12:15,2026-09-28 12:16:11,0,100,235,1,2026-09-28 12:16:11,R_2pro3kCV7Azu7Dj,anonymous,DE,1,FL_EOS_ID,,4,6,1,1,3,2,100,"Kinder, Mars, Snickers, ",3.084,3.084,26.61,1,,1,,1,1,1,,1,,1,1,1,1,1,,1,1,,1,1,,,,,1,,,,,,1,,1,1,1,,,,,,1,,,,,,,,,,,1,,1,1,1,,,,,,1,,3.827,49.523,50.891,25,,,,,,,,1,,,,100,100,100,100,100,10,7,,,,,,,,,,Einfach guter Schokoriegel,4,10,4.29,19.05,44.5,5,5,complete,,,,AT,1___adce4d8eae24449b7afc98e5741163f2_VWGSGGK
2026-09-28 12:15:15,2026-09-28 12:17:09,0,100,113,1,2026-09-28 12:17:10,R_2dEu68LyENOmWEP,anonymous,DE,1,FL_EOS_ID,,3,6,1,2,5,2,100,Milka,4.358,4.358,10.721,1,,,,,,,,,,,,,,1,,,,,,,,,,,,,,,,,,,,,1,,,,,,,,,,,,,,,,,,,,,1,,,,,,,,9.106,28.985,31.037,3,,,,,,,,,,,,,,,,,,,,,,,,,,,,,,,,,,,3,complete,,,,AT,1___28bce5bd28f9f8a92d9fc6aea1d61280_VWGSGGK
2026-09-28 12:15:00,2026-09-28 12:17:41,0,100,160,1,2026-09-28 12:17:41,R_8kFzDXnnf0O80uq,anonymous,DE,0.4000000059604645,FL_EOS_ID,,2,6,1,7,5,2,100,"Mars,Bounty, Snickers duplo Kinderschokolade ",4.4,59.838,60.342,6,,1,,1,,1,,1,,1,1,1,1,1,,,,,1,1,,,,,1,,1,,,,,,1,1,1,,,,,,1,,,,,,,1,,,,,,,1,1,,,,,,,,4.4,60.961,61.488,32,,,,,,,,,,,,,,,,,,,,,,,,,,,,,,,,,,,4,complete,,,,AT,1___e582897537f35b500b08bd62b1fad577_VWGSGGK
2026-09-28 12:16:24,2026-09-28 12:19:08,0,100,163,1,2026-09-28 12:19:08,R_2ePu1tAH5n20IGT,anonymous,DE,1,FL_EOS_ID,,5,3,2,6,4,2,100,Kinderriegel,3.878,13.726,14.101,4,,1,,1,1,1,,1,,1,1,,1,1,1,,,,1,1,,,1,,,,,,1,,,1,,,,,,,,1,,,,,,,,,,1,,,,,,,1,,,,,,,8.907,69.34,70.132,29,,,,,,,,,,,,,,,,,,,,,,,,,,,,,,,,,,,4,complete,,,,AT,1___825c79e10ff0913354b1944017d169cc_VWGSGGK
2026-09-28 12:17:30,2026-09-28 12:20:24,0,100,174,1,2026-09-28 12:20:25,R_2LNfAHlNPMHAIGB,anonymous,DE,1,FL_EOS_ID,,3,4,1,4,4,2,100,"Milka, Mars, Snikas, Bounty, ",2.213,2.213,42.568,1,,,,1,,,,,,1,1,1,1,1,,,,,,1,,,1,,,,,,,,,,,1,1,,,,,,1,,,,,,,,,,,1,,,1,1,,,,,,1,,1.564,70.373,73.144,15,,,,,,,,,,,,,,,,,,,,,,,,,,,,,,,,,,,4,complete,,,,AT,1___e2055a6e45408b19eca5e313e3b55b78_VWGSGGK
2026-09-28 12:22:17,2026-09-28 12:23:47,0,100,90,1,2026-09-28 12:23:47,R_2BbugjddBiFvF9o,anonymous,DE,1,FL_EOS_ID,,6,6,2,4,7,3,100,Mars,2.391,6.963,7.3,2,,1,,1,,,,,,1,,1,1,1,,,,,,,,,,,,,,,,,1,,,,,,,,,,,,,,,,,,,,,1,,,,,,,,,,,,3.577,37.726,38.498,22,,,,,,,,,,,,,,,,,,,,,,,,,,,,,,,,,,,4,complete,,,,AT,1___0937e67604c940f40b892613e75ba953_VWGSGGK
2026-09-28 12:21:04,2026-09-28 12:25:00,0,100,235,1,2026-09-28 12:25:01,R_8O1ZPVrPjIYgKJ1,anonymous,DE,1,FL_EOS_ID,,3,5,2,4,6,3,100,"Ovomaltine, Knoppers, Balisto, Clever",1.5,1.5,20.047,1,,1,,1,1,1,,1,1,1,1,1,1,1,,1,,,1,1,,,1,,1,,1,,,,1,1,,,1,,,,,1,1,,,,,,,1,,,,1,,,,1,,,,,,1,,2.965,84.083,88.276,30,,,,,,,,1,,,,1,20,2,2,3,0,0,,,,,,,,,,"Neu, mehr weiß ich nicht",2,1,1.272,19.548,20.341,3,4,complete,,,,AT,1___18832dace7c2eea87688ce308c536e9f_VWGSGGK
2026-09-28 12:22:06,2026-09-28 12:26:49,0,100,283,1,2026-09-28 12:26:49,R_2MoprODanuMGolC,anonymous,DE,1,FL_EOS_ID,,6,6,2,2,3,5,100,"Milka, Benzdorfer, ",3.787,55.101,61.305,4,,1,,1,1,1,,1,,,1,1,1,1,,,1,,,1,,,,,,,,,,,,1,1,,1,,,,,,,,,,,,,,,,,,,,,,,,,,,,1,11.454,113.401,115.001,51,,,,,,,,,,,,,,,,,,,,,,,,,,,,,,,,,,,5,complete,,,,AT,1___4f41dc5e4539bdae70683aaf74d28742_VWGSGGK
2026-09-28 12:27:33,2026-09-28 12:28:43,0,100,69,1,2026-09-28 12:28:43,R_82feqbUR7xGXhzP,anonymous,DE,1,FL_EOS_ID,,3,4,1,1,5,2,100,"milka
snickers
duplo",1.155,10.3,14.527,4,,,,,,,,,,1,,1,,1,,,,,,1,,,,,1,,,,,,,1,1,,1,,,1,,,1,,,,,1,,,,1,,,,,1,1,1,1,,,,,,5.096,16.455,17.094,21,,,,,,,,,,,,,,,,,,,,,,,,,,,,,,,,,,,3,complete,,,,AT,1___1a4caea46f343a63eca841b1766a8652_VWGSGGK
2026-09-28 12:26:25,2026-09-28 12:29:11,0,100,165,1,2026-09-28 12:29:11,R_2lARuCeKzbYnqfL,anonymous,DE,1,FL_EOS_ID,,3,6,1,1,4,2,100,"Mars, Snickers",2.434,2.434,18.791,1,,1,,,,,,,,,1,1,1,,,,,,1,1,,,,,1,,1,,,,,,1,,,,,,,,,,,,,,,,,,,,,1,,,,,,,,,,2.614,70.165,76.501,10,,,,,,,,,,,,,,,,,,,,,,,,,,,,,,,,,,,3,complete,,,,AT,1___7328fb74259d671a915195a514de13e0_VWGSGGK
2026-09-28 12:31:13,2026-09-28 12:32:18,0,100,64,1,2026-09-28 12:32:18,R_8QueTM5iyVqbXPB,anonymous,DE,1,FL_EOS_ID,,7,2,1,3,6,2,100,mars,1.643,1.643,4.883,1,,,,,1,,,1,,,,1,1,1,,,,,,,,,,,,,,,,,,,1,,,,,,,,,,,,,,,,,,,,,,,,,,,,,,1,2.171,24.524,25.295,20,,,,,,,,,,,,,,,,,,,,,,,,,,,,,,,,,,,3,complete,,,,AT,1___70560b81bb4f994859e3b86ec5772444_VWGSGGK
2026-09-28 12:14:50,2026-09-28 12:32:41,0,100,1071,1,2026-09-28 12:32:42,R_8rSrim2xnPfEDqF,anonymous,DE,1,FL_EOS_ID,,5,2,1,5,6,3,100,"Corny, Mars, Twix, Bounty, Snickers",1.263,1.263,20.257,1,,1,1,1,1,1,,1,,1,1,1,1,1,1,1,,,1,1,,,,1,,1,,,,,1,1,,,1,,,,,,1,,,,,,,,,,,,,,1,1,,,,,,1,,1.369,121.165,122.445,57,,,,,,,,1,1,,,76,79,55,81,0,9,2,,,,,,,,,,"Gute Riegel, nicht zu süß und guter Kakaoanteil.",4,7,42.13,75.017,83.382,17,4,complete,,,,AT,1___8364e9fb6c8137d1fd6bec00fd165b10_VWGSGGK
2026-09-28 12:30:47,2026-09-28 12:34:11,0,100,203,1,2026-09-28 12:34:11,R_22XK5xF4ys2bw5z,anonymous,DE,0.800000011920929,FL_EOS_ID,,3,3,2,8,3,3,100,"Snickers, Milka, Twix, Mars, Bounty, Lions, Kinderstiefel, bueno",2.095,2.095,51.515,1,,1,,1,1,1,,1,,1,1,1,1,1,1,,,,1,1,,,1,,,,1,,,,1,1,1,,1,,,,,1,1,,,,,,,,,,,1,1,,,1,,,,,,1,,1.319,81.837,82.976,69,,,,,,,,,,,,,,,,,,,,,,,,,,,,,,,,,,,3,complete,,,,AT,1___6befe8727082f8c464260688af039b9d_VWGSGGK
2026-09-28 12:33:34,2026-09-28 12:36:06,0,100,152,1,2026-09-28 12:36:07,R_2AYx46EfbxGBLFr,anonymous,DE,1,FL_EOS_ID,,4,6,1,1,6,2,100,"Mars, Stickern, Twix",2.096,2.096,27.489,1,,,,1,,1,,1,,1,1,1,1,1,,,,,1,1,,,,,1,,,,,,,,,,1,,,,,1,,,,,,,,,,1,,1,,1,,,,,,,1,1,,5.3,66.227,67.237,39,,,,,,,,,,,,,,,,,,,,,,,,,,,,,,,,,,,4,complete,,,,AT,1___468621ad214188d39a580d534e676f75_VWGSGGK
2026-09-28 12:35:29,2026-09-28 12:38:35,0,100,186,1,2026-09-28 12:38:36,R_2q3IMb49UQQ4tCx,anonymous,DE,0.8999999761581421,FL_EOS_ID,,4,3,2,7,4,5,100,"Snickers, Mars, Kitkat, Ovomaltine, Kinder",1.085,1.085,52.168,1,,1,,1,1,1,,1,,1,1,1,1,1,,1,,1,1,1,,,,,,,,,,,,,,,,,,,,1,,,,,,,,,,,,,,,,,,,,,,,1,1.622,36.08,36.8,17,,,,,,,,,,,1,,,,,,5,0,,,,,,,,,,Unbekannt,1,0,2.697,12.953,14.357,3,2,complete,,,,AT,1___dfd7ebb754cbe1d8c146bd7a8a1f47e6_VWGSGGK
2026-09-28 12:33:52,2026-09-28 12:39:56,0,100,363,1,2026-09-28 12:39:56,R_8qalNn29Qj8kMLP,anonymous,DE,1,FL_EOS_ID,,3,3,2,9,6,2,100,"Snickers, More, ESN, Nestlé 
",3.797,42.26,43.202,2,1,1,,1,1,1,,1,,1,1,1,1,1,1,1,,,1,1,,,1,,1,1,,,,,1,1,1,1,1,,,,,,1,,1,1,,,,,,,,1,1,1,,,,,,,,1,,6.362,77.694,78.42,40,,,,,,,,1,,,,-12,66,-80,2,0,4,0,,,,,,,,,,Überteuerten Riegel,1,0,22.243,43.77,45.037,12,5,complete,,,,AT,1___5d627ecd5413b74a5d7b191467fa5cef_VWGSGGK
2026-09-28 12:36:11,2026-09-28 12:40:01,0,100,229,1,2026-09-28 12:40:01,R_8WATVYxX35K6TD1,anonymous,DE,1,FL_EOS_ID,,6,5,1,1,2,4,100,"Mars, Milkyway",6.601,6.601,32.475,1,,1,,,,1,,,,1,1,1,1,1,,,,,,,,,,,1,,1,,,,,1,1,1,1,,,,,,,,,,,,,,,,,,,,,,,,,,,,1,8.625,85.578,88.203,14,,,,,,,,,,,,,,,,,,,,,,,,,,,,,,,,,,,4,complete,,,,AT,1___c03be6b7b880c0061612f0cd87065df8_VWGSGGK
2026-09-28 12:38:08,2026-09-28 12:40:18,0,100,130,1,2026-09-28 12:40:18,R_8cZ0IDG7uqKHdUU,anonymous,DE,1,FL_EOS_ID,,5,6,1,1,6,4,100,Rittersport,4.493,4.493,19.035,1,,,,1,,,,1,,1,,1,1,1,,,,,,1,,,,,1,,,,,,,,1,,,,,,,,,,,,,1,,,,,,,,1,,,,,,,,,,2.767,63.914,67.315,24,,,,,,,,,,,,,,,,,,,,,,,,,,,,,,,,,,,3,complete,,,true,AT,1___35e63cdaf9d1fc75a7eb7a3560c9e229_VWGSGGK
2026-09-28 12:39:34,2026-09-28 12:42:10,0,100,155,1,2026-09-28 12:42:10,R_206LxFxR2dgO7Lv,anonymous,DE,0.8999999761581421,FL_EOS_ID,,4,2,2,5,5,3,100,"Duplo, kinder, pick up",1.437,1.437,13.828,1,,1,,1,1,1,,,,1,1,1,1,1,,1,,,1,1,,,1,,,1,,,,,1,,,,,,,,,1,,,,,,,,,,,,1,,,,1,,,,,,,,17.716,41.784,42.881,31,1,,,1,,,,,,,,-41,70,-18,0,26,8,1,,,,,,,,,,Gesünderer riegel,1,0,1.844,18.963,19.886,11,4,complete,,,,AT,1___1519780f3dc78906368373c90e1447b1_VWGSGGK
2026-09-28 12:37:11,2026-09-28 12:43:00,0,100,349,1,2026-09-28 12:43:01,R_8PLcg2UNHPMtl9t,anonymous,DE,0.8999999761581421,FL_EOS_ID,,4,4,2,1,2,3,100,"Mars, Lion, Twix, Balisto, Corny, Bounty, Kitkat",1.239,1.239,39.604,1,,1,,1,1,1,1,1,,1,1,1,1,1,1,1,,,1,1,,,1,,,1,,,,,1,1,,,1,,,,,,,,,1,,,1,,,,,,,,1,1,,,,,,,,3.288,60.246,62.064,24,,,,1,,,,,,,,-61,14,-87,,,2,0,,,,,,,,,,ich glaube ketogen oder ohne Zucker. sehr teuer,1,0,2.294,21.319,22.27,3,1,complete,,,,AT,1___1e2b0bfe99a1d754a383e273523e50c6_VWGSGGK
2026-09-28 12:40:58,2026-09-28 12:43:58,0,100,179,1,2026-09-28 12:43:58,R_8QSmSSFSXM0PNad,anonymous,DE,0.8999999761581421,FL_EOS_ID,,4,6,1,1,4,2,100,Suchard,4.133,4.133,15.391,1,,,,1,,1,,,,,,1,1,1,,,,,,,,,,,1,,1,,,,,,,,,,,,,,,,,,,1,,1,,,,,,1,,,,,,,,,,12.59,70.327,76.95,10,,,,,,,,,,,,,,,,,,,,,,,,,,,,,,,,,,,5,complete,,,,AT,1___0f8c26d788508f7e005e4c2eae96144d_VWGSGGK
2026-09-28 12:38:06,2026-09-28 12:45:16,0,100,430,1,2026-09-28 12:45:16,R_8G0b9DA8KZmhcbf,anonymous,DE,,FL_EOS_ID,,3,2,2,8,1,3,100,"Mars, Twix, Bueno",66.362,66.362,84.344,1,,1,1,1,1,1,,,,1,1,1,1,1,,1,,,1,1,,,,,,1,,,,,1,,,,,,,,,,,,,,,,,,,,,,,,,1,,,,,,,,2.883,58.935,59.9,40,,,1,,1,,1,1,,,,24,72,1,10,0,7,3,,,,,,,,,,Guter Protein Schokoriegel,3,2,10.091,45.955,46.48,21,3,error,Timed out,,,AT,1___64160d4c15e3961001a56c5aa3cba751_VWGSGGK
2026-09-28 12:43:45,2026-09-28 12:45:19,0,100,94,1,2026-09-28 12:45:19,R_8aEqP933JPf8PP6,anonymous,DE,1,FL_EOS_ID,,5,4,1,3,5,2,100,"Milka Mars twix
",1.115,11.188,12.001,3,,1,,1,,1,,1,,1,1,1,1,1,,,,,1,1,,,,,,,,,,,,,1,,,,,,,,,,,1,,,,,,,,,,,,,,,,,,,,3.687,32.036,32.701,23,,,,,,,,,,,,,,,,,,,,,,,,,,,,,,,,,,,5,complete,,,,AT,1___c5998618fd0b2b8986969e4422e0d2de_VWGSGGK
2026-09-28 12:41:35,2026-09-28 12:45:20,0,100,225,1,2026-09-28 12:45:20,R_8uO0eGWdTHNqh9u,anonymous,DE,0.8999999761581421,FL_EOS_ID,,3,6,2,2,3,5,100,Snicker,4.249,14.381,15.287,2,,1,,1,1,1,,1,,1,1,1,1,1,,1,,,1,1,,,,,1,,,,,,,,1,,,,,,,,,,,,,,,,,,,,,1,,,,,,,,,,5.756,64.157,65.777,25,,,,,,,,,,,1,1,47,0,,,,3,,,,,,,,,,"Ein moderner schokoriegel, vermutlich mit weniger Zucker ",5,5,2.212,34.715,37.037,9,5,complete,,,,AT,1___c18ea042248c87c5dd7b7f149620c69d_VWGSGGK
2026-09-28 12:39:44,2026-09-28 12:45:37,0,100,352,1,2026-09-28 12:45:37,R_8P29RaMjR0N460x,anonymous,DE,0.8999999761581421,FL_EOS_ID,,6,5,1,1,5,5,100,"Bounty, Mars, Twix, Kinder, Balisto",29.585,120.243,121.435,2,,1,,1,1,1,,1,,1,1,1,1,1,,,,,1,1,,,1,,,,,,,,,1,,,,,,,,,,,,1,,,,1,,,,,1,,,,,,,,,,,2.011,107.318,110.432,32,,,,,,,,,,,,,,,,,,,,,,,,,,,,,,,,,,,2,complete,,,,AT,1___3087bcc8fd6f15978ca72d4bbaa1561d_VWGSGGK
2026-09-28 12:44:34,2026-09-28 12:47:22,0,100,168,1,2026-09-28 12:47:22,R_2InDBeUs95XmeTX,anonymous,DE,0.800000011920929,FL_EOS_ID,,4,2,1,8,6,5,100,"Milka, Kinder",0.948,0.948,11.043,1,1,1,,1,1,1,,1,,1,1,1,1,1,1,1,,,1,1,,1,1,,1,,1,,,,1,,1,1,1,,,,,1,1,,1,,,,,,,,,1,,,,1,,,,,,,,2.045,50.737,51.476,44,,,,1,,,,,,,,20,40,-20,10,1,6,1,,,,,,,,,,-,2,1,2.244,12.546,14.637,11,4,complete,,,,AT,1___05976464e93ddfd6a3c9a3e104b98f5e_VWGSGGK
2026-09-28 12:39:42,2026-09-28 12:47:32,0,100,470,1,2026-09-28 12:47:33,R_2TTsNH9LO4QgnYg,anonymous,DE,1,FL_EOS_ID,,4,5,2,1,2,5,100,"Bountie, Mars, Reeses, Twix, Nussvoll, ",11.164,103.357,104.265,2,,1,,1,1,1,1,1,,1,1,1,1,1,,1,,,1,1,,,1,,1,1,1,1,,,,,,,,,,,,1,1,,,,,1,,,1,,,,,,1,,,,,,,,,3.073,121.356,122.38,114,,,,,,,,,,,1,0,0,5,0,0,0,0,,,,,,,,,,"Ich habe Neoh noch nie probiert also kann ich nichts dazu sagen ",1,0,2.856,37.482,40.363,10,3,complete,,,,AT,1___5cc4289792d747386f2907e8b723f2fb_VWGSGGK
2026-09-28 12:40:35,2026-09-28 12:47:52,0,100,437,1,2026-09-28 12:47:52,R_2pfk5I25EoBaQzU,anonymous,DE,0.800000011920929,FL_EOS_ID,,4,5,2,8,2,3,100,"Twix, Neon, Corny, Mars, Kitkat, Snickers",3.701,118.286,126.193,8,,1,,1,1,1,,1,,1,1,1,1,1,,1,,,1,1,,,1,,,1,,,,,,,1,,,,1,,,,,,,,,,,,,,,1,,1,,,,1,,,,,,5.441,72.005,72.644,38,,,1,1,,,,1,,,,80,100,-19,80,60,8,4,,,,,,,,,,"Ein guter und nicht zu süßer Schokosnack wenn man Lust auf was Süßes hat. ",5,6,3.139,65.341,66.221,10,5,complete,,,,AT,1___c6e6b6d3fd26f47471b7521c5f97788e_VWGSGGK
2026-09-28 12:47:05,2026-09-28 12:48:50,0,100,104,1,2026-09-28 12:48:50,R_8H81d6GGotIdUUR,anonymous,DE,1,FL_EOS_ID,,6,5,1,2,7,1,100,Nussini,2.564,2.564,10.688,1,,,,1,,,,,,,,,1,,,,,,,1,,,,,,,,,,,,,,1,,,,,,,,,,,,,,,,,,,,,,,,,,,,,1,4.894,40.425,41.554,20,,,,,,,,,,,,,,,,,,,,,,,,,,,,,,,,,,,2,complete,,,,AT,1___5aea6f2e8056267bd3efd80df34507a2_VWGSGGK
2026-09-28 12:47:11,2026-09-28 12:49:22,0,100,131,1,2026-09-28 12:49:23,R_2G2l0mCDvtzHWBM,anonymous,DE,1,FL_EOS_ID,,5,5,1,8,4,3,100,"Twix, Mars, Knoppers, Manner Schnitten, Bounty, Lion",2.065,25.129,38.796,3,,1,,1,1,1,,1,,1,1,1,1,1,,,,,1,1,,,,,,,,,,,,,1,1,1,,,,,,1,,,,,,,,,,,,,1,,1,,,,,,,,1.975,36.016,38.129,18,,,,,,,,,,,,,,,,,,,,,,,,,,,,,,,,,,,5,complete,,,,AT,1___15f3fb41caefe4dfe012bdbdab4a1cec_VWGSGGK
2026-09-28 12:47:32,2026-09-28 12:49:30,0,100,118,1,2026-09-28 12:49:30,R_2QxJN12c31i78TW,anonymous,DE,1,FL_EOS_ID,,6,5,1,2,2,2,100,"
Milka ",4.851,10.933,12.749,2,,1,,,,,,,,1,,,1,,,,,,,,,,,,,,,,,,,,,,,,,,,,,1,,,,,,,,,,,,,,,,,,,,,1,1.367,31.952,34.048,19,,,,,,,,,,,,,,,,,,,,,,,,,,,,,,,,,,,5,complete,,,,AT,1___0040d30bcf3b761e22e377d5fa404db9_VWGSGGK
2026-09-28 12:48:13,2026-09-28 12:49:49,0,100,96,1,2026-09-28 12:49:51,R_25HDtgnQyx8NEKw,anonymous,DE,1,FL_EOS_ID,,3,4,2,5,2,7,100,"Mars 
Bounty
Snickers
",2,2,11.467,1,,1,,1,1,,,1,,,,1,1,1,,,,,1,1,,,1,,1,1,,,,,,1,1,1,,,,,,,1,,,,,,,,,1,,,1,1,,1,,,,,,,,3.014,35.462,35.842,36,,,,,,,,,,,,,,,,,,,,,,,,,,,,,,,,,,,5,complete,,,,AT,1___6bce4d69b3283951446f7b1b3e03bc4d_VWGSGGK
2026-09-28 12:47:08,2026-09-28 12:49:55,0,100,167,1,2026-09-28 12:49:55,R_8QKmOyIlwtK7U0e,anonymous,DE,1,FL_EOS_ID,,3,5,2,3,2,3,100,"mars, twix, snicker, milky way, sweety, baunty",1.874,1.874,43.035,1,,1,,1,1,1,,1,,1,1,1,1,1,,,,,1,1,,,1,,1,,,,,,1,1,1,1,,,,,,,1,,,,,,,1,,,,1,,,,,,,,,,,,3.017,57.969,59.302,21,,,,,,,,,,,,,,,,,,,,,,,,,,,,,,,,,,,3,complete,,,,AT,1___408e64757dc5eee6d0bb6e7d067d8e61_VWGSGGK
2026-09-28 12:37:18,2026-09-28 12:50:30,0,100,791,1,2026-09-28 12:50:31,R_8LATN0BZAfYqqKE,anonymous,DE,1,FL_EOS_ID,,3,6,2,2,4,2,100,Milka bensdorp,1.401,25.571,26.001,2,,1,,1,,1,,1,,1,1,1,1,1,,1,,,1,1,,,,,,,1,,1,,1,,1,1,1,,1,,,1,,,,,,,,1,,,,1,,1,1,1,,,,,,,,5.002,68.787,70.279,64,,,,,,,,1,,,,98,86,83,71,-1,9,8,,1,,,,,,,,Herzlich,5,9,2.5,55.612,56.418,51,4,complete,,,true,AT,1___59325b739ef6a68b0b486b705077de77_VWGSGGK
2026-09-28 12:45:34,2026-09-28 12:51:42,0,100,367,1,2026-09-28 12:51:42,R_82CY0aTlk9ciPOF,anonymous,DE,1,FL_EOS_ID,,6,5,2,2,2,3,100,Neoh Mars Lion King,7.701,40.757,41.601,5,1,1,1,1,1,1,1,1,,1,1,1,1,1,1,1,1,,1,1,,,1,,1,,,,,,,,,,1,,1,,,,,,,,,1,,1,,,,,,,,,,,,,,,,7.491,76.7,77.805,40,,,,,,,,1,,1,,60,,,,13,4,0,1,,,,,,,,,Dìätschokoladig,1,0,7.635,53.434,54.24,11,5,complete,,,true,AT,1___e6827680c52dcc00e1064238966a3073_VWGSGGK
2026-09-28 12:48:19,2026-09-28 12:51:48,0,100,209,1,2026-09-28 12:51:49,R_2QhHAWRmCYw29ae,anonymous,DE,0.8999999761581421,FL_EOS_ID,,1,5,2,1,3,3,100,Snickers,3.882,3.882,9.89,1,,1,,1,,1,,1,,,1,1,1,1,,1,,,,1,,,1,,1,,1,,1,1,,1,1,1,1,,1,,,,1,,,,,1,,1,,,,,1,,,1,,1,,,,,,2.268,61.824,62.542,59,,,,,,,,,,,1,100,100,-100,1,-100,10,10,,,,,,,,,,Nein,1,0,2.102,17.245,18.091,14,5,complete,,,,AT,1___ec44f4448c33b854b94b0bdfc2fb5dec_VWGSGGK
2026-09-28 12:46:27,2026-09-28 12:54:18,0,100,470,1,2026-09-28 12:54:18,R_8FgFxb1MP9RB0gV,anonymous,DE,1,FL_EOS_ID,,3,3,1,1,6,5,100,"Nucao, dmBio, Alnatura",1.49,1.49,18.807,1,,1,1,1,1,1,,1,,1,1,1,1,1,,1,,1,1,1,,,,1,,,,,,,,,,,,,,,1,,,,,,1,,,,,,,,,,,,,,,1,,,,7.432,68.067,69.545,19,,,,,,,,1,,,,22,38,16,4,1,5,2,,,,,,,,,,Riegel ohne Zuckerzusatz,3,2,23.147,36.41,37.19,4,5,complete,,,,AT,1___e1199f4c0b788ac4ab549ca9cfe0bd5f_VWGSGGK
2026-09-28 12:56:10,2026-09-28 12:56:38,0,100,27,1,2026-09-28 12:56:38,R_8LYmsFrVATeeW3T,anonymous,DE,1,FL_38,,3,3,1,2,3,3,-14,,,,,,,,,,,,,,,,,,,,,,,,,,,,,,,,,,,,,,,,,,,,,,,,,,,,,,,,,,,,,,,,,,,,,,,,,,,,,,,,,,,,,,,,,,,,,,,,,,,,,,,,,,,,complete,,,,AT,1___5a71e9813c001b2d3713b7d09a09a304_VWGSGGK
2026-09-28 12:54:10,2026-09-28 12:57:03,0,100,172,1,2026-09-28 12:57:04,R_2EWIlKDNWyXfVVe,anonymous,DE,1,FL_EOS_ID,,3,3,1,7,3,2,100,Lion,2.302,12.27,12.77,3,,1,,,1,,,1,,1,1,1,1,1,,1,,,1,1,,,,,,,,,1,,,1,,,1,,,,,1,1,,,,,,,,,1,,,1,,1,,,,,,,,,4.627,43.694,44.1,28,,,,,,,,,,1,,46,45,25,71,40,5,3,,,,,,,,,,Geschmacklich gut,3,3,3.644,16.613,17.359,9,4,complete,,,,AT,1___b8dc4dee66eaad7a7bde1d9c2ae5c84e_VWGSGGK
2026-09-28 12:55:14,2026-09-28 12:58:49,0,100,215,1,2026-09-28 12:58:49,R_80BDcfiaxFBw98t,anonymous,DE,1,FL_EOS_ID,,4,4,1,1,7,5,100,"Lindr, Milka",1.873,18.941,19.418,3,,,,1,,1,,1,,1,1,1,1,1,,,,,,1,,,,,,,,,,,1,,1,1,,,,,,,1,,,,,,,,,,,1,1,1,1,1,,,,,,1,,76.148,125.113,125.849,34,,,,,,,,,,,,,,,,,,,,,,,,,,,,,,,,,,,3,complete,,,,AT,1___1f77830d81d403943c4aa1cea14e352f_VWGSGGK
2026-09-28 12:56:48,2026-09-28 12:59:05,0,100,136,1,2026-09-28 12:59:05,R_829ZcDbA87p3lCs,anonymous,DE,1,FL_EOS_ID,,4,4,2,6,7,3,100,"Milka, snickers, twix",2.178,2.178,21.599,1,,1,,1,1,1,,1,,1,1,,1,1,1,,,,1,1,,,1,,,1,,,,,1,,,,,,,,,,1,,,,,,,,,,,,,,,,,,,,,,1,3.619,67.735,68.858,36,,,,,,,,,,,,,,,,,,,,,,,,,,,,,,,,,,,5,complete,,,,AT,1___5a1d5a4955d1cd21e358672b51e3f4cf_VWGSGGK
2026-09-28 12:55:24,2026-09-28 13:00:15,0,100,291,1,2026-09-28 13:00:15,R_2xWSUGxH9xfaqCC,anonymous,DE,1,FL_EOS_ID,,4,4,2,8,6,4,100,"Milka, Lindt, Mars, Snickers, Bounty",2.193,2.193,33.283,1,1,1,1,1,1,1,,1,,1,1,1,1,1,,1,1,,1,1,,,1,,,1,,,,,1,1,,,,,,,,,,,1,1,,,1,1,,,,1,,,,,,1,,,,,,5.694,67.007,68.281,29,,,,1,,,1,1,,,,10,10,-52,,2,5,0,,,,,,,,,,"Neuer Proteinriegel ",2,0,2.673,37.712,38.907,3,4,complete,,,,AT,1___bd24e9f6604ab59e2bfeeb2c81d5e104_VWGSGGK
2026-09-28 12:58:15,2026-09-28 13:01:33,0,100,197,1,2026-09-28 13:01:33,R_8meCEghacgr91fl,anonymous,DE,1,FL_EOS_ID,,3,3,2,3,5,2,100,"Mars, snuckers, kinder riegel",2.138,2.138,16.052,1,1,1,1,1,1,1,1,1,,1,1,1,1,1,1,1,,,1,1,,,,,,1,,,,,1,,1,,1,,,,,,,,,,,,,,,,,,,,,1,,,,,,,,2.08,50.365,51.018,38,,,,,,,,1,,,,22,0,4,36,-1,5,5,,,,,,,,,,Kalorienarm und lecker,1,7,2.886,23.18,23.99,8,2,complete,,,,AT,1___f920b125e4e8dbead7f4c49a3a956b7b_VWGSGGK
2026-09-28 12:58:44,2026-09-28 13:01:36,0,100,171,1,2026-09-28 13:01:36,R_2BxGxCGP8X9sCbO,anonymous,DE,0.8999999761581421,FL_EOS_ID,,3,3,2,1,3,4,100,"Mars, Twix, Milky Way",1.199,1.199,20.001,1,,1,,1,1,1,,1,,1,1,1,1,1,1,1,,,1,1,,,,,,,,,1,,1,,1,,,,,,,1,,,,,,,,,,1,,1,,1,1,,,,,,,,,2.297,42.668,43.497,28,,,,,,,,,,,1,-35,-22,-18,-11,-1,4,3,,,,,,,,,,Eine Süßigkeit ohne Zuckerzusatz,2,1,1.153,30.605,31.549,6,2,complete,,,,AT,1___f1b72b3aa05874c41c7e5c6c5ef6de35_VWGSGGK
2026-09-28 12:55:21,2026-09-28 13:01:44,0,100,382,1,2026-09-28 13:01:45,R_8k2kUHSrY78lxOA,anonymous,DE,,FL_EOS_ID,,6,6,1,2,5,5,100,"Milka, Lindt, manner 
",1.206,13.201,13.832,2,,1,,1,,1,,1,,,1,1,1,1,,,,,,,,,,,,,,,,,,,,,,,,,,,,1,,,,,,,,,,,,,,,,,,,,,1,1.986,35.609,36.576,31,,,,,,,,,,,,,,,,,,,,,,,,,,,,,,,,,,,5,error,timeout,,,AT,1___6b4bf068a78dd7129f74e2ef07626021_VWGSGGK
2026-09-28 12:57:15,2026-09-28 13:02:18,0,100,302,1,2026-09-28 13:02:18,R_8Tu7epVEQMWm94M,anonymous,DE,0.800000011920929,FL_EOS_ID,,2,3,2,8,2,6,100,"Lindt, Milker, Suchard, Ferrero ",2.886,42.194,42.557,4,,,,1,,1,,,,1,,1,1,1,1,1,,,,,,,,,,,,,,,1,,1,,,,1,,,,,,,,,,,,,,,,,,,,1,1,,,,,,5.272,74.481,77.554,43,,,,1,,,,,,,,24,,19,10,,5,0,,,,,,,,,,Eine gute Alternative zu Zuckerprodukten,3,3,4.502,30.536,30.8,15,4,complete,,,true,AT,1___b1dfeb099b3593599615e15815983d09_VWGSGGK
2026-09-28 13:00:33,2026-09-28 13:04:50,0,100,256,1,2026-09-28 13:04:50,R_8JfpoSR3OllpwwA,anonymous,DE,1,FL_EOS_ID,,4,3,2,2,7,2,100,"Mars, Twix, Bounty, Balisto, Milka, Lindt, ",0.904,0.904,44.359,1,,1,,1,1,1,,1,,1,1,1,1,1,,1,,,1,1,,,1,,1,,1,,,,1,,1,,1,,,,,,,,,,,,,1,,,,,,1,,,,,,,,,,1.838,47.847,51.801,21,,,,,,,,,,,1,80,100,100,80,0,9,8,,,,,,,,,,Sehr gute Qualität und guter Geschmack. Sehr gutes Preis-Leistungs Verhältnis. Gesündere alternative zu herkömmlichen Schokoriegel,4,9,1.149,70.982,71.857,5,5,complete,,,,AT,1___2b40676ca0f55cac1a28db68ffe0952d_VWGSGGK
2026-09-28 13:05:17,2026-09-28 13:06:36,0,100,78,1,2026-09-28 13:06:36,R_8c6gj3nRv7mtd2p,anonymous,DE,1,FL_EOS_ID,,2,3,1,7,4,3,100,Mampf,1.292,6.475,7.401,2,,1,,,1,,,,,,,,,,,,,,,,,,1,,,,,,,,,,,,,,,,,,,,,1,,,,,,,,,,,,,,,,,,,,1.444,20.377000000000002,20.904,13,,,,,,,,,,,,,,,,,,,,,,,,,,,,,,,,,,,3,complete,,,,AT,1___bfab292a851bdcd319a6c86ea03dd3ea_VWGSGGK
2026-09-28 13:03:13,2026-09-28 13:08:25,0,100,312,1,2026-09-28 13:08:25,R_2f7m2SpVxccxEYI,anonymous,DE,1,FL_EOS_ID,,4,2,2,4,2,2,100,"Kinder, Ceralino, Knoppers",3.01,3.01,26.15,1,,1,,1,1,1,,1,,1,1,1,1,1,1,1,,,1,1,,,1,,1,,1,,,,1,,,,1,1,,,,1,1,,,1,,,,,,,,1,,,,1,,,,,,,,4.003,79.131,82.335,25,,,,,,1,,,,,,10,20,51,2,1,4,1,,,,,,,,,,"NEOH ist eine moderne Marke, die mich perslnlich geschmacklich allerdings nicht sehr überzeugt. ",2,3,1.8,43.097,43.844,5,2,complete,,,true,AT,1___1a2a8076ebb1bfae7239b18cb578608f_VWGSGGK
2026-09-28 13:05:41,2026-09-28 13:09:19,0,100,217,1,2026-09-28 13:09:19,R_2aevcySwNd7fWO5,anonymous,DE,1,FL_EOS_ID,,4,5,2,7,3,3,100,"milka, nestle, ovomaltine",1.672,1.672,27.951,1,,1,,1,1,1,,1,,1,1,1,1,1,1,1,,,1,1,,,1,,,,1,,,,1,,1,,,,,,,,,,,1,,,,,,,,,,1,,,,,,,,,,2.71,42.376,46.702,22,,,,1,,,,,,,,36,41,1,1,-100,5,4,,,,,,,,,,"zuckerfreie ""gesunde"" schokoriegel",5,5,21.937,37.518,38.278,4,5,complete,,,,AT,1___2bc24822706f3f1f05d0201b21423b1b_VWGSGGK
2026-09-28 13:08:25,2026-09-28 13:10:04,0,100,99,1,2026-09-28 13:10:05,R_8P5HfnWGOfZmhrp,anonymous,DE,1,FL_EOS_ID,,3,5,2,5,5,3,100,"Nussini, Dublo, bounty Mars",1.7,1.7,26.201,1,1,1,1,1,1,1,,1,1,,,,1,1,,,,,1,1,,1,,,,,1,,,,,,,,1,,,,,,,,,,,1,1,,,,,,1,,1,,,1,,,,,,1.827,35.724,36.858,34,,,,,,,,,,,,,,,,,,,,,,,,,,,,,,,,,,,5,complete,,,,AT,1___e240fff64068ac224d86325c0cf354f1_VWGSGGK
2026-09-28 13:06:01,2026-09-28 13:10:56,0,100,295,1,2026-09-28 13:10:57,R_2G394pTCApQwH8S,anonymous,DE,0.8999999761581421,FL_EOS_ID,,4,5,2,2,3,2,100,"Mars, Milka war, Sneaker, ",3.108,54.969,55.5,2,,1,,1,,1,,1,,1,1,1,1,1,,1,,,1,1,,,,,,,,,,,1,1,,,1,,,,,1,,,,,,,,1,,,,,1,,,1,,,,,,,,5.206,57.813,58.48,28,1,,,,,,,,,,,-22,-8,-24,-78,5,0,0,,,,,,,,,,"Ich mag sie nicht, ist nicht mein Geschmack ",1,0,3.375,34.274,35.335,7,3,complete,,,true,AT,1___10b5e466f9dafe2129a1b32244d26b61_VWGSGGK
2026-09-28 13:13:39,2026-09-28 13:16:43,0,100,184,1,2026-09-28 13:16:43,R_2Byb4R39F7MYwx0,anonymous,DE,0.800000011920929,FL_EOS_ID,,5,5,1,1,2,2,100,"Mars, Bounty Daim",3.13,3.13,28.615,1,,1,,1,,1,,1,,1,1,1,1,1,,,,,1,1,,,,,1,,1,,,,,,,1,1,,,,,,,,,,,1,,,,,,,,,,1,,,,,,,,12.22,74.053,74.972,29,,,,,,,,,,,,,,,,,,,,,,,,,,,,,,,,,,,3,complete,,,,AT,1___5ece14a491bbb8879ef21bb63ba24a77_VWGSGGK
2026-09-28 13:18:09,2026-09-28 13:19:41,0,100,91,1,2026-09-28 13:19:42,R_2euKUVbjEK81sRz,anonymous,DE,1,FL_EOS_ID,,5,4,1,7,2,2,100,"Milka,  Mars, Snickers",1.856,1.856,12.096,1,,1,,1,1,1,,1,,1,1,1,1,1,,,,,1,1,,,,,1,,,,1,,,1,,1,,,,,,,,,,,,,,,,,,,,,1,,,,,,,1,,5.861,38.965,39.652,26,,,,,,,,,,,,,,,,,,,,,,,,,,,,,,,,,,,3,complete,,,,AT,1___c0ae5e1bbf5a7f1a5e49031720a16f7c_VWGSGGK
2026-09-28 13:19:15,2026-09-28 13:22:47,0,100,212,1,2026-09-28 13:22:48,R_2xE2VhRYzsRDTpH,anonymous,DE,0.8999999761581421,FL_EOS_ID,,4,4,1,3,3,3,100,"Mars, Snickers Twix, Bounty, Wunderbar, Ballisto, Duplo, Lila Pause, Nussini,",2.354,72.777,77.078,5,,1,,1,1,1,1,1,1,1,1,1,1,1,,,,,1,1,,,1,,,,1,1,1,,1,1,,1,1,,,,,1,1,,,,,,,1,1,,,1,,,1,1,,,,,1,1,,7.837,66.998,67.548,69,,,,,,,,,,,,,,,,,,,,,,,,,,,,,,,,,,,2,complete,,,true,AT,1___19005f215cf42f0b099a3d413454e6e6_VWGSGGK
2026-09-28 13:26:00,2026-09-28 13:27:30,0,100,89,1,2026-09-28 13:27:31,R_28S5lj9OXmUrTBD,anonymous,DE,0.8999999761581421,FL_EOS_ID,,4,4,2,8,3,5,100,"kinder, mars, twix",1.721,1.721,11.667,1,,1,,1,,1,,,,1,1,1,1,1,,,,,1,1,,,1,,,,,,,,1,,,,1,,,,,1,,,,,,,,,,,,,,,,1,,,,,,,,2.04,32.917,36.669,15,,,,,,,,,,,,,,,,,,,,,,,,,,,,,,,,,,,4,complete,,,,AT,1___56bc429077bb409873db2ac1a60f8385_VWGSGGK
2026-09-28 13:27:50,2026-09-28 13:28:25,0,100,35,1,2026-09-28 13:28:26,R_2jvQgik5IEqzxgR,anonymous,DE,1,FL_38,,2,2,2,1,5,2,57,,,,,,,,,,,,,,,,,,,,,,,,,,,,,,,,,,,,,,,,,,,,,,,,,,,,,,,,,,,,,,,,,,,,,,,,,,,,,,,,,,,,,,,,,,,,,,,,,,,,,,,,,,,,complete,,,,AT,1___17828c4969ca52c44d6c865f91dcd274_VWGSGGK
2026-09-28 13:24:03,2026-09-28 13:30:16,0,100,372,1,2026-09-28 13:30:16,R_84wPjezAdfj4DW3,anonymous,DE,1,FL_EOS_ID,,6,6,1,9,2,2,100,"Mars ,Snickers,",10.502,91.689,92.6,2,,1,,1,,1,,1,,,1,1,1,1,,,,,1,1,,,,,1,,,,,,,1,1,1,1,,,,,,1,,,,,1,,,,,,,,,,1,,,,,,1,,13.193,144.259,145.075,41,,,,,,,,,,,,,,,,,,,,,,,,,,,,,,,,,,,4,complete,,,true,AT,1___5dcbfc806b76ce773d56257bdc7656e9_VWGSGGK
2026-09-28 13:30:34,2026-09-28 13:32:29,0,100,114,1,2026-09-28 13:32:29,R_8QLVkamoXbj67V2,anonymous,DE,1,FL_EOS_ID,,5,6,1,1,4,2,100,kitkat duplo,1.196,1.196,13.721,1,,1,,1,1,1,,1,,,1,1,1,1,,,,,,1,,,,,,,,,1,,,,1,,1,,,,,,,,,,,,,,,,,,,1,,,,,,,,,,1.502,40.662,42.775,16,,,,,,,,,,,,,,,,,,,,,,,,,,,,,,,,,,,3,complete,,,,AT,1___7d7d0e6105b38d8d6d9c34179ffe97c2_VWGSGGK
2026-09-28 13:31:32,2026-09-28 13:36:15,0,100,282,1,2026-09-28 13:36:15,R_8NySB9UAwnrnWeG,anonymous,DE,1,FL_EOS_ID,,2,5,2,1,5,5,100,Mars bounty ballisto Kinder Kägi twix milkyway,3.548,76.437,76.961,7,,1,,1,1,1,,1,,1,1,1,1,1,1,1,,1,1,1,,,1,,1,1,1,,,,1,,1,1,1,,,,,1,1,,,1,,1,,,,,,1,,1,1,1,,,,,,,,2.261,52.885,72.089,53,,,,,,,,1,,,,21,47,-43,31,-1,5,1,,,,,,,,,,"ersatzprodukt ohne zucker,  trotzdem relativ viele Kalorien ",3,6,2.721,47.339,48.101,18,4,complete,,,,AT,1___eb6b94e68d1aba5f6fdc3fac1394ea1d_VWGSGGK
2026-09-28 13:33:29,2026-09-28 13:39:36,0,100,367,1,2026-09-28 13:39:37,R_2ffcwcCiAqGsDTg,anonymous,DE,1,FL_EOS_ID,,3,3,2,3,7,2,100,"Balisto, Duplo, Kinder Country, Snickers, Mars, Twix",3.621,3.621,42.216,1,1,1,,1,1,1,,1,,1,1,1,1,1,1,1,1,,1,1,,,1,,,1,1,,,,1,,,,1,,1,,,,,,,1,,,1,,,,,1,,,,1,,1,,,,,,9.156,83.836,84.666,42,,,,1,,,,,,,,100,100,-20,100,45,8,10,,,,,,,,,,"Richtig lecker, leider etwas teuer aber lässt den Blutzucker nicht explodieren",7,10,17.161,52.8,53.585,10,3,complete,,,,AT,1___d2a052e3526404cfebaa05674e42a842_VWGSGGK
2026-09-28 13:45:04,2026-09-28 13:47:20,0,100,135,1,2026-09-28 13:47:20,R_8qhe6bfLIwTk86C,anonymous,DE,1,FL_EOS_ID,,5,3,1,1,6,5,100,"Snickers, Twix, Mars, Lion, Kinder",0.844,0.844,28.085,1,,1,,1,1,1,,1,,1,1,1,1,1,,1,,,1,1,,,,,,,,,,,1,,,,1,,,,,1,,,,,,,,,,,,1,,,,,,,,,,,,1.341,29.833,30.293,39,,,,,,,,1,,,,21,46,-25,0,0,7,0,,,,,,,,,,Zuckerfreie Riegel,4,6,1.122,25.29,25.784,11,5,complete,,,,AT,1___41e6fa67099df3e9eb83663122f61ad3_VWGSGGK
2026-09-28 13:44:34,2026-09-28 13:48:16,0,100,221,1,2026-09-28 13:48:16,R_8G8Jqk4lBS5gGvp,anonymous,DE,0.8999999761581421,FL_EOS_ID,,4,5,2,2,5,3,100,Twix Milky Way Neoh Mars Jinder Schokoriegel Korooh,4.761,65.283,69.805,9,,1,1,,1,1,,,,1,,1,,1,,,,,,,,,,,,,,,1,,,1,1,,,,,,,,,,,,,,1,,,,,,1,,,,,,,,,,,2.852,64.297,65.302,34,,,,,,,,,,,,,,,,,,,,,,,,,,,,,,,,,,,5,complete,,,,AT,1___990c8591fb28ea02f2c377f55e81e261_VWGSGGK
2026-09-28 12:54:21,2026-09-28 13:50:47,0,100,3385,1,2026-09-28 13:50:48,R_2OOXI1XY9BMHjLc,anonymous,DE,1,FL_EOS_ID,,4,2,1,1,4,5,100,"Mars Lion Snickers ",2.701,28.76,29.5,2,,1,,1,,1,,1,,1,1,1,1,,,,,,,1,,,,,1,,1,,,,,,,1,,,,,,,1,,,,,,,,,,,,,,1,,,,,,,1,,6.675,320.563,321.387,23,,,,,,,,,,,,,,,,,,,,,,,,,,,,,,,,,,,3,complete,,,,AT,1___4c4befda579403fc0e56731ef755762d_VWGSGGK
2026-09-28 13:49:19,2026-09-28 13:50:51,0,100,91,1,2026-09-28 13:50:51,R_2MxJjU4ucRTvIjP,anonymous,DE,1,FL_EOS_ID,,6,5,1,7,3,3,100,"Kinder, kitkat, ",1.376,1.376,14.037,1,,1,,1,,,,1,,1,1,1,1,1,,,,,,1,,,,,1,,,,,,1,,1,,1,,,,,,,,,,,,,,,,,,,,,,,,,,,,1,3.613,33.371,34.221,14,,,,,,,,,,,,,,,,,,,,,,,,,,,,,,,,,,,2,complete,,,,AT,1___8ec0c562b1d532ffccf16dfdc36cdcb9_VWGSGGK
2026-09-28 13:07:05,2026-09-28 13:51:43,0,100,2678,1,2026-09-28 13:51:44,R_2taPZdC6cNLilrC,anonymous,DE,0.800000011920929,FL_EOS_ID,,1,2,2,2,2,3,100,"Kinder, twix, Mars, Duplo, race",1.314,1.314,17.035,1,,1,,1,1,1,,1,,1,1,1,1,1,1,1,,,1,1,,,1,,1,1,1,,1,,1,1,1,1,1,1,,,,1,1,,,1,,,,,,,,,,,1,,,,,,,1,,12.671,174.7,175.05,44,1,1,,,,,,,,,,28,-52,-14,15,-39,4,1,,,,,,,,,,Geht für zwischendurch aber gibt bessere,1,1,2.431,17.392,17.901,9,3,complete,,,,AT,1___c2b1d145ffe2e45ebb6240ae23816999_VWGSGGK
2026-09-28 13:47:15,2026-09-28 13:51:44,0,100,268,1,2026-09-28 13:51:45,R_2gV5SNEZVeB2t3P,anonymous,DE,0.800000011920929,FL_EOS_ID,,3,5,2,8,6,5,100,"Mars Snikers Bounty Milka ",5.515,75.554,76.402,3,,1,,,,1,,,,,1,,1,1,,,,,,1,,,1,,,,1,,,,,1,,1,1,,,,,,1,,,,,,,1,,,,,,,1,1,,,,,,,,16.89,79.133,83.303,35,,,,,,,,,,,,,,,,,,,,,,,,,,,,,,,,,,,2,complete,,,,AT,1___f1963f1dd8643f5a44570a71fdf7c910_VWGSGGK
2026-09-28 13:46:49,2026-09-28 13:51:58,0,100,309,1,2026-09-28 13:51:58,R_8l03Z6Y9rT3gxg2,anonymous,DE,1,FL_EOS_ID,,4,5,1,2,3,3,100,,6.52,11.501,11.505,2,,1,,,,,,,,1,1,1,,1,,,,,,,,,,,,,,,,,1,,,,,,,,,,,,,,,,,,,,,,,1,,1,,,,,,,,9.07,120.422,121.33,27,,,,,,,,,,,,,,,,,,,,,,,,,,,,,,,,,,,5,complete,,,,AT,1___f8ef014f261a9ce98ae40e53ab139190_VWGSGGK
2026-09-28 13:46:58,2026-09-28 13:52:20,0,100,321,1,2026-09-28 13:52:20,R_8wi3x9ueJORaDIp,anonymous,DE,0.8999999761581421,FL_EOS_ID,,3,5,2,2,4,5,100,"Mars, Bounty, Milky Way, Kinderriegel Schokolade, Twix, Knoppers",1.384,1.384,46.487,1,,1,,1,1,1,1,1,,1,1,1,1,1,,1,,,1,1,,,1,,1,,,,,,1,,,1,1,,,,,1,1,,,1,,1,,,,1,,1,1,,1,,,,,,1,,,4.623,104.065,115.407,38,,,,,,,,1,,,,21,41,-20,,,3,1,,,,,,,,,,"keine Ahnung, Eiweißriegel sind das denke ich; die sind eher sehr dick, sehr gehaltvoll",1,1,1.704,36.343,37.382,3,3,complete,,,,AT,1___dbe9d2fc8bcfec17a12dd7f69f0564ed_VWGSGGK
2026-09-28 13:54:28,2026-09-28 13:56:00,0,100,91,1,2026-09-28 13:56:00,R_2NxArUp4F6nJe68,anonymous,DE,0.800000011920929,FL_38,,1,4,2,8,2,5,29,,,,,,,,,,,,,,,,,,,,,,,,,,,,,,,,,,,,,,,,,,,,,,,,,,,,,,,,,,,,,,,,,,,,,,,,,,,,,,,,,,,,,,,,,,,,,,,,,,,,,,,,,,,,complete,,,,AT,1___041732d25057e1caec1bcf8a5700a28b_VWGSGGK
2026-09-28 13:54:21,2026-09-28 13:57:44,0,100,203,1,2026-09-28 13:57:44,R_27fWaV4lL1c52NG,anonymous,DE,1,FL_EOS_ID,,4,3,2,1,3,4,100,"Kinder, Snickers, Bounty,Mars, Lion, ",1.433,1.433,25.061,1,,1,,1,,1,,1,,1,1,1,1,1,1,1,,,1,1,,,1,,,,,,,,1,1,,,,,,,,,,,,,,1,,,,,,1,,,,,,,,,,1,,3.797,49.713,54.269,19,,,,,,,,,1,,,86,98,-21,87,0,8,0,,,,,,,,,,"Gesunder Schokoriegel ohne Zucker, hochpreisig",2,8,1.599,30.471,31.473,4,2,complete,,,,AT,1___3d47a96c4108cacaa9f2803941e46e61_VWGSGGK
2026-09-28 13:57:11,2026-09-28 14:00:53,0,100,222,1,2026-09-28 14:00:54,R_8YJRmFFR9k1nWAc,anonymous,DE,0.800000011920929,FL_EOS_ID,,6,4,2,1,1,2,100,Kinder Riegel,2.352,2.352,21.102,1,1,1,,1,1,1,,1,,1,1,,,1,1,1,1,,1,1,,,,,,,,,,,,1,,,,,1,,,,,,,,,,,,,,,,,,,,,,,,,,1,4.738,48.621,49.464,30,,,,,,,,1,,,,-100,39,68,100,,9,10,,,,,,,,,1,"Lecker
Zuckerfrei",7,10,2.568,18.977,20.24,9,5,complete,,,,AT,1___76e2496c2699e87cb8467494087263d4_VWGSGGK
2026-09-28 13:59:39,2026-09-28 14:02:17,0,100,158,1,2026-09-28 14:02:17,R_87c1ZRAJBScX8Yh,anonymous,DE,0.800000011920929,FL_EOS_ID,,3,2,1,6,5,3,100,Milka und Kinder,3.269,3.269,24.583,1,,1,,1,1,1,,1,,1,1,1,1,1,,,,,,1,,,,,1,,,,1,,1,,1,1,1,,,,,,1,,,,,,,,,,,1,,,,1,,,,,,,,8.4,53.096,53.871,44,,,,,,,,,,,,,,,,,,,,,,,,,,,,,,,,,,,4,complete,,,,AT,1___8f30cc0a613082a3dffc1cbdaedce7e1_VWGSGGK
2026-09-28 13:59:56,2026-09-28 14:03:22,0,100,205,1,2026-09-28 14:03:22,R_8qEHsCx7YbTie4c,anonymous,DE,1,FL_EOS_ID,,6,5,2,2,6,2,100,"Kinder, Balisto, Neoh, Nussini",1.995,1.995,14.437,1,,1,,1,,,,,,1,1,1,1,1,,1,,,1,1,,,,,,,,,,,,,,,,,1,,,,,,,,,,,,,,,,,,,,,1,,,,,,2.632,64.535,66.97,12,,,,,,,,,,,1,60,60,60,100,0,10,6,,,,,,,,,,"Eine Nachspeise, aber nicht zu süß",5,7,2.287,22.273,23.249,3,5,complete,,,,AT,1___f55e56cd5860750ed1d8880b91d9ec0f_VWGSGGK
2026-09-28 14:12:33,2026-09-28 14:14:59,0,100,145,1,2026-09-28 14:14:59,R_2OxCGlCI2HyzO8y,anonymous,DE,0.8999999761581421,FL_EOS_ID,,6,6,1,2,3,2,100,Milka,3.524,11.391,12.053,2,,,,1,,1,,,,,1,1,1,1,,,,,,,,,,,,,,,,,,,1,,,,,,,,,,,,,,,,,,,,,1,,,,,,,,,,3.944,64.137,64.832,33,,,,,,,,,,,,,,,,,,,,,,,,,,,,,,,,,,,5,complete,,,,AT,1___3aac411988ca4fa3ab3cf0f0f1b4bcd2_VWGSGGK
2026-09-28 14:13:50,2026-09-28 14:16:59,0,100,189,1,2026-09-28 14:17:00,R_2nACmAAayw0Wze1,anonymous,DE,1,FL_EOS_ID,,4,6,1,1,3,3,100,"Lindt, Milka, Bensdorp",1.176,17.333,18.377,2,,1,,1,1,1,,1,,1,1,1,1,1,,1,,,1,1,,,,,1,,1,,,,1,,1,1,,,,,,,1,,,,,,,,,,,1,,1,1,,,,,,,1,,1.752,56.766,57.622,35,,,,,,,,,,,1,-38,-36,-31,-78,-3,1,0,,,,,,,,,,"Komisch, eigenartig",1,0,4.879,22.018,23.054,10,2,complete,,,,AT,1___ed02e68914a781c3cb6013fe01ea52bb_VWGSGGK
2026-09-28 14:18:38,2026-09-28 14:20:02,0,100,83,1,2026-09-28 14:20:02,R_2xF8igMHXYlzxBJ,anonymous,DE,0.699999988079071,FL_EOS_ID,,4,2,1,2,6,3,100,"Duplo, Snickers, Mars",1.435,1.435,10.926,1,,,,1,,,,,,1,,,1,1,,,,,,1,,,,,,,,,,,1,,,,1,,,,,,,,,,,,,,,,,1,,1,,1,,,,,,,,1.29,32.791,33,32,,,,,,,,,,,,,,,,,,,,,,,,,,,,,,,,,,,2,complete,,,,AT,1___9629e98cc1c330a33f56dc4a3ef41966_VWGSGGK
2026-09-28 14:23:31,2026-09-28 14:25:27,0,100,116,1,2026-09-28 14:25:28,R_2fwJB5tZmwGsTZA,anonymous,DE,0.8999999761581421,FL_EOS_ID,,6,5,2,5,3,2,100,"Milka Rittersport Lindt ",2.925,2.925,23,1,,1,,1,1,1,,1,,,1,1,1,1,,,,,,1,,,,,,,,,,,,,,,1,,,,,,,,,,,,,,,,,,,,,1,,,,,,,,4.201,39.93,41.271,18,,,,,,,,,,,,,,,,,,,,,,,,,,,,,,,,,,,5,complete,,,,AT,1___47907f1d9d366ed56acbab596a297809_VWGSGGK
2026-09-28 14:25:18,2026-09-28 14:27:09,0,100,111,1,2026-09-28 14:27:10,R_8MWJtUID4pl7M8k,anonymous,DE,1,FL_EOS_ID,,2,3,2,8,5,4,100,"mars, snickers, bounty",0.821,0.821,6.335,1,1,1,,1,1,1,,1,,1,1,1,1,1,1,1,,,1,1,,,,,,1,,,1,,,,,,1,,1,,,,1,,,1,,,,,,1,,,1,,,,,,,,,,,1.959,35.264,36.187,27,,,,,,,,,,,1,58,60,-23,9,-2,7,6,1,,,,,,,,,"kalorienarm, teuer",4,5,1.381,12.581,13.199,3,5,complete,,,,AT,1___0f1f29447ee9fa333250855c49aaccef_VWGSGGK
2026-09-28 14:25:01,2026-09-28 14:28:46,0,100,225,1,2026-09-28 14:28:47,R_8DnnYIvb9Ucf2xS,anonymous,DE,0.800000011920929,FL_EOS_ID,,3,6,1,3,5,2,100,"Milka,Lindt,Mars,Suchard,Snickers,Neoh",1.601,1.601,40.276,1,,1,,1,,1,,1,,1,1,1,1,1,,1,,,1,1,,,,,1,,,,1,,,1,1,,,,,,,1,1,,,,,,,,,1,,,1,,,,,,,,,,,0.931,38.867,40.521,20,,,,,,,,1,,,,0,0,20,-20,0,3,3,,,,,,,,,,weiß nicht mehr,1,0,2.044,14.72,30.772,4,2,complete,,,,AT,1___52ebfb84093012b671a4582f12362ba7_VWGSGGK
2026-09-28 14:24:16,2026-09-28 14:29:36,0,100,320,1,2026-09-28 14:29:37,R_8ri6qGrEtQDJH0q,anonymous,DE,0.800000011920929,FL_EOS_ID,,6,2,1,3,6,3,100,"Snikers, twix, knopers, kinderriegel, duplo balisto",2.979,2.979,41.774,1,1,1,1,1,1,1,,1,,1,1,1,1,1,1,1,,,1,1,,,1,,,1,,,1,,1,1,1,,1,,,,,1,1,,,,,,,,,,,,1,,,,,,,,,,,11.987,76.29,77.301,63,1,,,1,,,,,,,,-45,-40,-84,,0,0,0,,,,,,,,,,,1,0,4.283,23.419,23.422,14,5,complete,,,true,AT,1___8c364bdcefbc0f7e755e328c1c22eb2a_VWGSGGK
2026-09-28 14:27:31,2026-09-28 14:30:50,0,100,199,1,2026-09-28 14:30:51,R_8HNTMmuim1czh9J,anonymous,DE,1,FL_EOS_ID,,3,6,1,8,3,2,100,Mars,7.68,13.67,14.748,2,,1,,1,1,1,,,,1,1,1,1,1,,,,,1,1,,,1,,1,1,1,,,,,1,1,1,1,,,,,,1,,,1,,,1,1,,,,,1,1,1,1,,,,,1,1,,6.689,98.695,99.361,75,,,,,,,,,,,,,,,,,,,,,,,,,,,,,,,,,,,5,complete,,,true,AT,1___9700153ed19d4803e14648863c6f2aec_VWGSGGK
2026-09-28 14:30:09,2026-09-28 14:33:15,0,100,186,1,2026-09-28 14:33:15,R_8dQIOTNqeFPLqiT,anonymous,DE,1,FL_EOS_ID,,4,6,1,7,3,2,100,"Milka, Ritter Sport, Mars, Snickers ",2.727,57.187,60.881,2,,,,1,1,,,,,1,,1,1,1,,,,,,1,,,,,1,,,,,,,,,1,,,,,,,1,,,,,1,,,,,,,,1,1,1,,,,,,1,,5.264,61.529,62.302,28,,,,,,,,,,,,,,,,,,,,,,,,,,,,,,,,,,,4,complete,,,,AT,1___d25aedd6611272ed2300fc0a8dff67d8_VWGSGGK
2026-09-28 14:33:56,2026-09-28 14:36:59,0,100,182,1,2026-09-28 14:37:00,R_8tA1daxNY6oTEPv,anonymous,DE,1,FL_EOS_ID,,2,5,2,1,6,5,100,"Milka. Manner. Kinder. ",2.895,2.895,23.842,1,,1,,1,,1,,1,,1,1,1,1,1,,,,,,1,,,1,,,,,,,,,,1,1,1,,,,,,1,,,,,,,,,,,1,,1,,1,,,,,,1,,6.507,109.124,110.626,67,,,,,,,,,,,,,,,,,,,,,,,,,,,,,,,,,,,5,complete,,,,AT,1___c132186619061c0d1a5cc22f072f4a5b_VWGSGGK
2026-09-28 14:37:09,2026-09-28 14:37:40,0,100,30,1,2026-09-28 14:37:41,R_2GBW4rKM5DYglDX,anonymous,DE,1,FL_38,,1,5,1,3,7,2,47,,,,,,,,,,,,,,,,,,,,,,,,,,,,,,,,,,,,,,,,,,,,,,,,,,,,,,,,,,,,,,,,,,,,,,,,,,,,,,,,,,,,,,,,,,,,,,,,,,,,,,,,,,,,complete,,,,AT,1___8741509335ddf31768e70e922065d9f8_VWGSGGK
2026-09-28 14:37:44,2026-09-28 14:39:42,0,100,118,1,2026-09-28 14:39:43,R_8Sv2LiI0uNB9kfs,anonymous,DE,1,FL_EOS_ID,,5,2,1,3,3,2,100,"Mars, Snickers",1.303,1.303,8.301,1,,1,,1,1,1,,,,1,,1,1,1,,1,,,1,1,,,,,1,1,1,,,,,,1,,1,,,,,,,,,,,1,,1,,,,,,,,,,,,,,,,3.501,34,35.6,18,,,,,,,,,,,1,,43,,,,,,,,,,,,,,,,2,5,5.146,9.626,9.627,3,2,complete,,,,AT,1___838f583cdb2619290833da017740ccb6_VWGSGGK
2026-09-28 14:38:33,2026-09-28 14:40:08,0,100,95,1,2026-09-28 14:40:08,R_2zBJYPEZbtBxytH,anonymous,DE,1,FL_EOS_ID,,4,2,2,1,2,4,100,"Milka, barebells, dm eigenmarke, loacker",1.202,21.071,21.361,2,,,,1,1,,,1,,1,1,1,1,1,1,,,,1,1,,,,,,1,,,,,1,,,,1,,,,,,,,,,,,,,,,,,,,,1,,,,,,,,3.601,38.117,38.937,43,,,,,,,,,,,,,,,,,,,,,,,,,,,,,,,,,,,2,complete,,,,AT,1___8beafee7a1e30f87fa7b2d79ea4329ce_VWGSGGK
2026-09-28 14:40:16,2026-09-28 14:42:49,0,100,152,1,2026-09-28 14:42:49,R_8eVIoeiyu51i89i,anonymous,DE,1,FL_EOS_ID,,3,6,1,3,6,5,100,"Milka, Kinde, Bounty, Mars, Twix",2.062,2.062,26.265,1,,1,,1,,1,,,,1,1,1,1,1,,,,,1,1,,,,,1,,1,,,,1,,1,1,1,,,,,,1,,,,,1,,1,,,,1,,1,1,1,,,,,,1,,4.229,62.471,64.539,24,,,,,,,,,,,,,,,,,,,,,,,,,,,,,,,,,,,3,complete,,,,AT,1___612caecdeecead3f5318194f023b5eb3_VWGSGGK
2026-09-28 14:45:05,2026-09-28 14:47:15,0,100,129,1,2026-09-28 14:47:15,R_8YYdQUNCbRKqdVa,anonymous,DE,1,FL_EOS_ID,,4,3,1,2,6,3,100,"Barebell
Neoh
ahead",1.584,17.002,17.493,2,1,1,1,1,1,1,1,1,,1,1,1,1,,,1,,1,1,1,,1,,,,,,,,,,,,,,,1,,,,,,1,,,,,,,,,,,,,,,1,,,,,,2.723,28.921,30.79,20,,,,,,,,,,,1,81,100,10,100,0,7,1,,,,,,,,,,"Gute aber etwas teure Riegel
",6,8,3.587,11.515,12.746,3,5,complete,,,,AT,1___20f3a8a595b4e355ce2eff290a9ee2a9_VWGSGGK
2026-09-28 14:45:24,2026-09-28 14:47:37,0,100,133,1,2026-09-28 14:47:37,R_2lK9447NmjZEueE,anonymous,DE,1,FL_EOS_ID,,5,5,2,4,7,2,100,"Balisto, kinderschokolade",2.418,15.268,26.161,3,,1,,1,1,1,,1,,,1,1,1,1,1,,,,,1,,,,,1,,1,,,,1,,1,1,1,,,,,,,,,,,,,1,,,,,,1,1,1,,,,,,,,2.195,58.079,58.887,54,,,,,,,,,,,,,,,,,,,,,,,,,,,,,,,,,,,5,complete,,,,AT,1___3a1642c998bf98233ddfcd39a834ff7f_VWGSGGK
2026-09-28 14:45:18,2026-09-28 14:47:41,0,100,142,1,2026-09-28 14:47:41,R_2cdOH4L6D86nJeD,anonymous,DE,0.8999999761581421,FL_EOS_ID,,5,5,1,6,2,2,100,Kinderschokolade,3.413,3.413,16.073,1,,1,,1,1,,,1,,1,1,1,1,1,,,,,1,1,,,,,1,,,,1,,1,,1,1,,,,,,,1,,,,,,,,,,,,,,,,,,,,,,1,9.861,57.493,58.423,18,,,,,,,,,,,,,,,,,,,,,,,,,,,,,,,,,,,2,complete,,,,AT,1___94d53ca52904a86235a0c1d755e1fdf8_VWGSGGK
2026-09-28 14:46:02,2026-09-28 14:50:38,0,100,276,1,2026-09-28 14:50:39,R_2g4Vsx7ayV0ssdK,anonymous,DE,1,FL_EOS_ID,,5,4,1,3,7,1,100,"Kinder
Twix
Bounty 
Mars",7.592,7.592,51.216,1,,1,,1,1,1,,1,,1,1,1,1,1,,,,,1,1,,,,,1,,,,,,1,,1,1,,,,,,,1,,,,,,,,,,,1,,1,,,,,,,,,,12.288,108.223,111,24,,,,,,,,,,,,,,,,,,,,,,,,,,,,,,,,,,,1,complete,,,,AT,1___3b574d59636cb8da1906d984440affe1_VWGSGGK
2026-09-28 14:48:12,2026-09-28 14:51:32,0,100,199,1,2026-09-28 14:51:33,R_8QyNsfKZwE0ABo4,anonymous,DE,1,FL_EOS_ID,,5,2,2,5,5,4,100,Spontan keine,7.186,8.766,14.124,3,,,,1,,1,,,,1,1,1,1,1,,1,1,,1,1,,,,,,,1,,,,1,1,1,,1,,,1,,,1,,,,,,,,,,,1,1,,,,,,,,,,,2.448,47.178,48.054,30,,,,,,,,1,,,,34,40,-36,-29,7,0,0,,,,,,,,,,Teuer,1,0,1.709,13.09,14.124,6,3,complete,,,,AT,1___da78ea70dbe095427655caa88f3e291a_VWGSGGK
2026-09-28 14:49:22,2026-09-28 14:52:02,0,100,159,1,2026-09-28 14:52:02,R_8rNuwdcHW5woDBz,anonymous,DE,1,FL_EOS_ID,,4,2,1,7,4,3,100,"Neoh
Milka
Snickers
Twix
Mars
Bounty",0.816,0.816,14.605,1,1,1,,1,1,1,1,1,,1,1,1,1,1,1,1,,,1,1,,,1,,1,1,,,1,,1,,,1,,,,,,,1,,,,,,,,,,,,,,,,,,,,,,1,2.495,34.019,34.665,46,,,,,,,,,,,1,28,62,-36,-3,-20,3,6,,,,,,,,,,Überteuerte und overhypte Marke,2,1,1.486,20.929,22.149,14,3,complete,,,,AT,1___984293591cb52ab8eccafad1bb980e67_VWGSGGK
2026-09-28 14:47:55,2026-09-28 14:53:05,0,100,309,1,2026-09-28 14:53:05,R_2hxUJM0DUH8j4uO,anonymous,DE,0.800000011920929,FL_EOS_ID,,4,4,1,8,6,4,100,"Mars, Bounty, Snickers, Nuts, ",1.743,24.51,25.029,2,,1,1,1,1,1,,1,,1,1,1,1,1,,1,1,,1,1,,,1,,1,,1,,1,,1,1,1,1,,,,,,1,1,,,,,1,,1,,,,1,,1,1,,,,,,,1,,3.777,57.361,59.3,50,,,,1,,,,1,,,,50,40,-50,0,,2,0,,,,,,,,,,Überteuerter Riegel mit Süßstoff. Wirkt bei übermäßigem Verzehr abführend.,1,1,1.9,62.09,62.483,17,4,complete,,,true,AT,1___f3c6dd764a54c0542deb2af1556798dd_VWGSGGK
2026-09-28 14:53:53,2026-09-28 14:56:54,0,100,180,1,2026-09-28 14:56:55,R_2CCutJUZg8cNdXv,anonymous,DE,0.800000011920929,FL_EOS_ID,,4,3,1,1,6,2,100,"Milka
Ritter Sport
Mars
Bounty 
Twix
Snickers",2.786,2.786,46.427,1,,1,,1,1,1,,1,,1,1,1,1,1,,,,,1,1,,,1,,,,,,,,1,,,,,,,,,,,,,1,,,,,,,,1,,,,1,,,,,,,,4.431,74.31,75.281,52,,,,,,,,,,,,,,,,,,,,,,,,,,,,,,,,,,,3,complete,,,,AT,1___5916c35c65f1d3350ca33f1f1d8efe23_VWGSGGK
2026-09-28 15:05:35,2026-09-28 15:09:35,0,100,240,1,2026-09-28 15:09:35,R_87k8Dbj8xylxlhD,anonymous,DE,0.8999999761581421,FL_EOS_ID,,3,6,2,1,5,3,100,"Lindt, Suchard, Milka, Kinderschokolade, Ovolmatine",2.556,48.322,50.755,2,,1,,1,,1,,1,,1,,1,1,1,,,,,1,1,,,1,,,,1,,,,,,1,,,,,,,,,,,1,,,,1,,,,,,1,,,,,,,,,,5.068,84.106,84.724,37,,,,,,,,,,,,,,,,,,,,,,,,,,,,,,,,,,,2,complete,,,,AT,1___99600621167917bc9ac3e2a60715aa2a_VWGSGGK
2026-09-28 15:15:18,2026-09-28 15:20:56,0,100,338,1,2026-09-28 15:20:57,R_8Iy0fTeBawyuhdm,anonymous,DE,1,FL_EOS_ID,,4,2,1,5,2,2,100,"Bueno, Duplo, Milchschnitte, Chocko fresh, yogurette, kinder country, ",3.604,3.604,87.001,1,,,,1,,,,1,,1,1,1,1,1,,1,,,1,1,,,,,,,,,1,,1,1,1,,1,,,,,1,,,,,,,,,,,,1,1,1,,1,,,,,,,,5.315,59.968,60.636,38,,,,1,,1,,,,,,28,32,39,-15,13,0,1,,,,,,,,,,Schokoriegel,1,0,3.545,26.356,27.594,7,3,complete,,,,AT,1___05a6210e7117894c966234689eb78060_VWGSGGK
2026-09-28 15:24:07,2026-09-28 15:26:51,0,100,163,1,2026-09-28 15:26:51,R_8HLGuC6in7qJvje,anonymous,DE,1,FL_EOS_ID,,6,6,1,1,4,6,100,xxxx,3.445,3.445,5.9,1,,1,,1,1,1,,1,,1,1,1,1,1,,1,,,,1,,,1,,1,1,1,,,,1,1,1,1,1,,,,,,1,,,,,,,,,,,,,1,,,,,,,,,,3.019,48.587,49.486,23,1,,,,,,,,,,,22,40,40,,,3,3,,,,,,,,,,xxxx,1,0,2.391,8.507,10.689,3,4,complete,,,,AT,1___fb5f862227ae6e676d2d51781ead82cf_VWGSGGK
2026-09-28 15:24:21,2026-09-28 15:27:48,0,100,207,1,2026-09-28 15:27:49,R_2wNWMKcPvut97SR,anonymous,DE,1,FL_EOS_ID,,3,5,2,2,1,2,100,"Milka, Duplo",2.096,11.597,13.422,2,,,,1,,,,,,,,1,1,1,,1,,,,1,,,,,1,,,,,,,,,,,,,,,,,,,,,,,1,,,,,,,,1,,,,,,,,2.992,45.356,46.39,29,,,,1,,,,,,,,,,,,8,4,2,,,,,,,,,,"Keine Ahnung ",2,1,4.548,36.447,37.324,23,5,complete,,,,AT,1___e62c823aca8b51e67349a94bed7de62c_VWGSGGK
2026-09-28 15:26:10,2026-09-28 15:29:06,0,100,175,1,2026-09-28 15:29:07,R_8ROqUGJk3ff8qnK,anonymous,DE,1,FL_EOS_ID,,3,2,2,5,1,3,100,"Milka , Lindt, zotter",3.404,3.404,33.55,1,,1,,1,1,1,,1,,1,1,,1,1,,,,,,1,,,,,1,1,,,,,1,,,1,1,,,,,,1,,,,,,1,,,,,1,,,1,1,,,,,,1,,4.136,63.888,66.944,43,,,,,,,,,,,,,,,,,,,,,,,,,,,,,,,,,,,3,complete,,,,AT,1___070da6c693519c3665e744969799aea6_VWGSGGK
2026-09-28 15:30:31,2026-09-28 15:32:29,0,100,117,1,2026-09-28 15:32:30,R_8knb3aqYeBHyP0p,anonymous,DE,0.10000000149011612,FL_EOS_ID,,2,3,1,1,6,4,100,Kitkat,1.525,4.851,5.598,2,,,,,,,,,,,,,1,1,,,1,,,1,,,,,,,,,,,,1,,,1,,,1,,,1,,,,,,,,,,,,,,1,1,,,1,,,,,3.366,50.298,51.293,28,,,,,,,,,,,,,,,,,,,,,,,,,,,,,,,,,,,3,complete,,,true,AT,1___a3a399a8f9e67a80bbaccd0e01a109e9_VWGSGGK
2026-09-28 15:29:37,2026-09-28 15:34:25,0,100,287,1,2026-09-28 15:34:26,R_8mIZnSCVepp3gyS,anonymous,DE,1,FL_EOS_ID,,4,6,1,3,4,2,100,"Bouty
Milky Way
Mars
Snickers
Lindt",36.716,36.716,78.447,1,,1,,1,,1,,1,,1,1,1,1,1,,1,,,,1,,,,,,,,,,,,,1,,1,,,,,,,,,,,,,,,,,,1,1,,1,,,,,,,,2.993,52.848,55.692,16,1,,,1,,,,,,,,64,83,-59,67,0,8,5,,,,,,,,,,"nicht so viel Zucker, Geschmack sehr gut",4,5,4.778,26.53,27.78,3,5,complete,,,,AT,1___c7d89c706cfa70d9ca8d3e0e630e4b24_VWGSGGK
2026-09-28 15:32:54,2026-09-28 15:37:01,0,100,247,1,2026-09-28 15:37:02,R_8q9R1peMXXhHnwV,anonymous,DE,0.800000011920929,FL_EOS_ID,,4,4,2,7,3,3,100,"Mars, Snickers, Bounty, Twix, Casali",1.801,37.417,38.101,2,,1,,1,1,1,,1,,1,1,1,1,1,,1,,,,1,,,1,,1,,1,,,,,1,1,1,1,,,,,,,,,1,,,,,,,,,1,,,,,,,,,,,4.073,74.279,77.367,41,1,,,,,,,1,,,,,,,,,0,0,,,,,,,,,,"Gar nicht, nie gekauft ",1,0,1.78,20.635,21.501,8,5,complete,,,,AT,1___6c810421182258b1eb97ffcc3df844af_VWGSGGK
2026-09-28 15:37:01,2026-09-28 15:39:19,0,100,137,1,2026-09-28 15:39:20,R_2f2bXI4WwbVUMhn,anonymous,DE,1,FL_EOS_ID,,2,5,2,8,4,2,100,"Milka, Merci, Lind ",2.801,29.898,30.495,2,,1,,1,,1,,1,,1,1,1,1,1,,,,,,1,,,,,,,1,,,,1,1,1,,,,,,,,,,,,,,,,,,,1,1,1,,1,,,,,,,,4.18,58.623,59.406,33,,,,,,,,,,,,,,,,,,,,,,,,,,,,,,,,,,,3,complete,,,,AT,1___55ee3be1cd4ecce64f5cb9b85ca691dd_VWGSGGK
2026-09-28 15:33:21,2026-09-28 15:39:54,0,100,393,1,2026-09-28 15:39:55,R_8N3S0fwHH9VGyjK,anonymous,DE,0.8999999761581421,FL_EOS_ID,,4,2,2,8,7,3,100,Milka,2.326,2.326,5.664,1,,,,1,1,1,1,1,,,1,1,1,1,1,1,,,1,1,,,,,,1,,,,,,1,,,,,1,,,,,,,1,,,1,,,,,,,,,,,,,,,,,3.729,35.361,35.927,43,,,,1,,,,,,,,100,100,-53,100,100,5,5,1,,,,,1,,,,"Alternative zu herkömmlichen Süßen Riegel. Weniger Zucker auch für Diabetiker geeignet ",6,10,1.02,48.258,48.674,18,5,complete,,,,AT,1___c4a992770d21b91909e3507f15c68185_VWGSGGK
2026-09-28 15:35:38,2026-09-28 15:45:14,0,100,575,1,2026-09-28 15:45:14,R_8zV18dn8eMjb1BQ,anonymous,DE,1,FL_EOS_ID,,6,5,1,1,3,1,100,"Mars  Snikers  Kite kat ",13.433,13.433,63.454,1,,1,,1,,1,,1,,1,1,1,1,1,,,,,,1,,,,,1,,,,,,,1,,1,1,,,,,,,,,,,,,,,,,,,,,,,,,,,,1,8.995,209.572,211.572,15,,,,,,,,,,,,,,,,,,,,,,,,,,,,,,,,,,,5,complete,,,,AT,1___b86fbab2d44a576c90009f7cffbedb99_VWGSGGK
2026-09-28 15:41:05,2026-09-28 15:46:39,0,100,333,1,2026-09-28 15:46:39,R_8InpLldRiyu6K9n,anonymous,DE,1,FL_EOS_ID,,5,2,1,2,3,2,100,"Pickup, Kitkat, Nussini, Tender, Snickers, Mars, Bounty, Twix",2.287,56.382,57.85,2,,1,,1,1,1,,1,,1,1,1,1,1,1,1,,,1,1,,,1,,1,1,,,,,1,1,1,,1,,,,,1,1,,,,,1,1,,,1,,,,1,,1,,,,,,1,,1.437,58.123,58.602,47,,,,1,,1,,1,,,,70,70,-20,-50,-20,4,0,,,,,,,,,,Schokoriegel mit weniger zugesetztem  Zuckeranteil,2,3,2.28,36.689,37.416,17,4,complete,,,,AT,1___5a86438e572093988dfd5dea6e652fb0_VWGSGGK
2026-09-28 15:45:04,2026-09-28 15:46:53,0,100,109,1,2026-09-28 15:46:53,R_2XgibrhHCGOPOm1,anonymous,DE,0.800000011920929,FL_EOS_ID,,4,2,1,3,3,2,100,Corny,1.966,7.152,8.546,2,,,,1,1,1,,,,1,1,1,,1,,,,,1,,,,,,,,,,,,,1,,,,,,,,1,1,,,,,,,,,,,,1,,,1,,,,,,1,,5.377,49.982,51.083,34,,,,,,,,,,,,,,,,,,,,,,,,,,,,,,,,,,,4,complete,,,,AT,1___a4d4f4366beac8d5cf1dd40bd16c9e93_VWGSGGK
2026-09-28 15:44:24,2026-09-28 15:48:02,0,100,218,1,2026-09-28 15:48:03,R_8ltzqGadHZar9cq,anonymous,DE,1,FL_EOS_ID,,4,4,1,8,3,2,100,Milka,4.501,7.929,8.359,2,1,1,,1,,1,1,1,,,1,1,1,1,1,1,,,1,1,,1,1,,1,1,1,,1,,1,1,1,,1,1,1,,,,1,,1,1,,1,1,,,,,,,1,1,,,,,,,,,2.375,56.521,57.524,52,1,,,,1,1,,,,,,100,87,78,74,100,8,8,,,,1,,1,1,,,Ja,6,7,1.902,12.913,13.801,14,5,complete,,,,AT,1___58d3e67e79ef2526e14cd72a0cb7a70a_VWGSGGK
2026-09-28 15:50:32,2026-09-28 15:52:00,0,100,88,1,2026-09-28 15:52:01,R_2JpTmMBS0VijDrj,anonymous,DE,1,FL_EOS_ID,,4,6,1,5,3,2,100,Milka,3.525,3.525,8.577,1,,1,,1,1,1,,1,,1,1,1,1,1,,,,,1,1,,,,,,,,,,,,,,,,,,,,,,1,,,,,,,,,,,,,,,,,,,,,1,3.358,26.916,27.783,14,,,,,,,,,,,,,,,,,,,,,,,,,,,,,,,,,,,4,complete,,,,AT,1___d26135e4b49a5521c0bdf28db04faa6d_VWGSGGK
2026-09-28 15:51:30,2026-09-28 15:54:15,0,100,165,1,2026-09-28 15:54:16,R_8RaHhDvU75HyMol,anonymous,DE,0.800000011920929,FL_EOS_ID,,4,2,2,3,7,1,100,"Kinder, Milka",1.872,9.901,10.937,2,,1,,1,1,1,,1,,1,1,1,1,1,,1,,,1,1,,,,,,1,,,,,1,,,1,1,,,,,,,,,1,,,1,,,,,1,,,,,,,,,,,,3.284,40.363,40.791,35,1,,,,,,,,,,,38,57,-9,0,0,8,3,,,,,,,,,,"Ich habe noch keinen Riegel probiert, also kann ich dazu nichts sagen.",1,2,1.791,26.005,26.373,9,4,complete,,,,AT,1___552363203b0b40d0bbbc550f1cf36651_VWGSGGK
2026-09-28 15:54:49,2026-09-28 15:56:41,0,100,111,1,2026-09-28 15:56:42,R_2ixy30ueYT0GUWt,anonymous,DE,1,FL_EOS_ID,,4,5,1,1,5,2,100,Mars Snickers,3.327,15.274,16.077,2,,,,1,1,1,,,,,1,1,1,1,,,,,,1,,,,,1,,,,,,,,1,1,,,,,,,1,,,,,,,,,,,,,,,,,,,,,1,,5.394,47.418,48.701,29,,,,,,,,,,,,,,,,,,,,,,,,,,,,,,,,,,,3,complete,,,true,AT,1___0bda446998d81fab526f61d048bf3912_VWGSGGK
2026-09-28 16:04:23,2026-09-28 16:05:44,0,100,81,1,2026-09-28 16:05:45,R_840XRojOUeEHSCJ,anonymous,DE,1,FL_EOS_ID,,2,5,1,6,3,2,100,Duplo,0.983,0.983,9.826,1,,,1,1,1,,,1,,1,1,1,1,1,1,,,,1,1,,,1,1,1,1,,,1,,1,1,1,1,1,1,,,,1,,,,1,,1,1,,,,,1,1,1,1,,,,,,,,,1.274,41.706,42.548,37,,,,,,,,,,,,,,,,,,,,,,,,,,,,,,,,,,,4,complete,,,,AT,1___a5084aac067367049d1ac8a11427f06b_VWGSGGK
2026-09-28 16:01:16,2026-09-28 16:06:19,0,100,302,1,2026-09-28 16:06:20,R_8CkpxMmrt8T8fWR,anonymous,DE,1,FL_EOS_ID,,3,4,1,2,6,2,100,"Duplo, Milka, Nussini, kitkat, balisto, ",3.51,3.51,46.97,1,,1,,1,1,1,,1,,1,1,1,1,1,,1,,,1,1,,,1,,,,1,,,,,,1,,,,,,,,,,,1,,,,1,,,,1,,,,1,,,,,,,,4.073,63.007,64.139,50,,,1,,1,1,,1,,,,76,56,-35,20,30,6,5,,,,,,,,,,"Teurer Priteinriegel mit gutem Geschmack ",4,6,2.993,68.28,69.127,17,5,complete,,,,AT,1___34eba6c11b0f4fed2b5bc37f0251b4d2_VWGSGGK
2026-09-28 16:13:06,2026-09-28 16:15:26,0,100,139,1,2026-09-28 16:15:27,R_8QYHXSoQqKGs5ez,anonymous,DE,1,FL_EOS_ID,,4,6,1,1,5,3,100,"Twix
Mars
Snikers",2.012,2.012,20.649,1,,1,,1,,,,1,,1,1,1,1,1,,,,,,1,,,,,,,,,1,,,1,1,1,1,,,,,,,,,,,,,,,1,,1,1,,1,1,,,,,,,,4.251,58.519,61.301,21,,,,,,,,,,,,,,,,,,,,,,,,,,,,,,,,,,,5,complete,,,,AT,1___215d2f41f11f99a5acbe4b8994fe6cf4_VWGSGGK
2026-09-28 16:13:25,2026-09-28 16:17:55,0,100,269,1,2026-09-28 16:17:55,R_8v99PA00CEPJhcH,anonymous,DE,1,FL_EOS_ID,,2,4,1,7,3,2,100,"Kinderschoko,Ferrero, lind,Milka, ",4.401,50.529,51.569,2,,1,,1,,1,,1,,1,1,1,1,1,,,,,1,1,,,,,,,,,,,1,,1,,,,,,,,1,,,,,,,,,,,1,,1,,,,,,,,1,,6.566,119.737,120.618,42,,,,,,,,,,,,,,,,,,,,,,,,,,,,,,,,,,,2,complete,,,,AT,1___16165f46361557ce6b669f6a701127bc_VWGSGGK
2026-09-28 16:18:14,2026-09-28 16:22:23,0,100,249,1,2026-09-28 16:22:24,R_2tbdyKQp3NI4Lpn,anonymous,DE,1,FL_EOS_ID,,6,2,2,8,6,3,100,Corny,2.094,2.094,8.061,1,,1,,1,1,1,,1,,1,1,1,1,1,,1,,,1,1,,,,,,,,,,,1,,,,1,,,,,,1,,,,,,,,,,,,,,,1,,,,,,,,6.333,40.426,41.364,27,,,,,,,,,,,1,-100,-100,-100,0,,0,0,,,,,,,,,,Unnötig,1,0,4.205,90.999,92.676,6,1,complete,,,,AT,1___e4b7e1548cebeff3580a1262b0004915_VWGSGGK
2026-09-28 16:13:39,2026-09-28 16:25:19,0,100,700,1,2026-09-28 16:25:19,R_822WZjxnGMWjKxY,anonymous,DE,1,FL_EOS_ID,,5,3,2,9,3,3,100,"Milka, Kinderriegel ",3.519,6.19,195.217,2,,1,,1,1,,,1,,1,1,1,1,1,1,,,,1,1,,,,,1,,1,,,,,1,,1,,,,,,,,,,,,1,,,,,,,,,,,,,,,,,,21.735,49.539,50.979,17,,,,,,,,,,,,,,,,,,,,,,,,,,,,,,,,,,,2,complete,,,,AT,1___3f4ad4c9c37f2a44f7dd3faecad2066d_VWGSGGK
2026-09-28 14:12:31,2026-09-28 16:35:51,0,100,8599,1,2026-09-28 16:35:51,R_21AjW2sRwHPs8Al,anonymous,DE,0.800000011920929,FL_EOS_ID,,3,3,2,2,5,3,100,"Corny, mars, snickers",13.772,13.772,22.192,1,,1,,1,1,1,,,,1,1,1,1,1,,1,,,1,1,,,,,,1,1,,,,1,1,,1,1,,1,,,,1,,,,,,1,,,,,1,,,,,,,,,,,,6.736,75.397,76.599,33,,,1,,,,,,1,,,100,100,81,100,100,10,5,,,,,,,,,1,Geschmacklich sehr gut. Gute Konsistenz,5,9,3.011,66.446,67.142,17,4,complete,,,,AT,1___af6d383656768d5eb2e981a4a1aa0aba_VWGSGGK
2026-09-28 16:29:19,2026-09-28 16:35:55,0,100,395,1,2026-09-28 16:35:55,R_2siFDAJvuenztiV,anonymous,DE,1,FL_EOS_ID,,4,3,1,1,3,4,100,"Mars, snickers, bounty, milky way, toblerone, kitkat, balisto, twix, duplo, lion",50.353,50.353,102.843,1,,1,,1,1,1,,1,,1,1,1,1,1,,1,,,1,1,,,1,,1,1,1,,,,1,1,,1,,,,,,1,1,,,1,,1,,1,,,,,,,,,,,,,1,1,,6.168,69.509,70.752,46,,,,,,,,1,,,,20,1,1,1,3,1,0,,,,,,,,,,"Keine Ahnung, habe es noch nie probiert
",1,0,4.746,44.754,46.769,8,2,complete,,,,AT,1___a57f02d48697e3009fc6ed14ac385f23_VWGSGGK
2026-09-28 16:20:46,2026-09-28 16:43:03,0,100,1336,1,2026-09-28 16:43:03,R_2rOKe1nKNzp0LP8,anonymous,DE,1,FL_EOS_ID,,5,3,2,2,7,7,100,Corny,5.746,5.746,12.656,1,,1,,1,1,,,,,1,1,1,1,1,,1,,,1,1,,,1,,,1,,,,,,,,,,,,,,1,,,,1,,,,,,,,1,,,,1,,,,,,,,8.872,61.301,62.301,29,,,,,,,,,,,1,-39,-67,-77,-89,-56,0,0,,,,,,,,,,,1,0,4.484,12.898,12.802,8,5,complete,,,true,AT,1___5bb0309bcc7b6bcc5f5542d80790b778_VWGSGGK
2026-09-28 16:42:28,2026-09-28 16:48:41,0,100,372,1,2026-09-28 16:48:41,R_27BTSs7mZxjeO8w,anonymous,DE,0.800000011920929,FL_EOS_ID,,4,4,2,2,4,3,100,"Twix
Kindrrriegel 
kindercountry
Bounty
Snikers
Leon

",2.758,79.382,80.121,20,,1,,1,1,1,,1,,1,1,,1,1,,1,,,1,1,,,1,,1,,1,,1,,,1,,1,,,1,,,,1,,,,,,,,,,,1,,,,,,,,,,1,,5.066,56.124,56.941,35,,,,,,,,1,,,,40,38,20,29,0,3,0,,,,,,,,,1,Schmeckt richtig gut,4,7,9.952,47.69,48.761,15,5,complete,,,true,AT,1___6a0b01b8e62a164c27f98699d0bf03c2_VWGSGGK
2026-09-28 16:50:17,2026-09-28 16:54:25,0,100,248,1,2026-09-28 16:54:26,R_86a5FBCV2Nwet5X,anonymous,DE,1,FL_EOS_ID,,5,5,1,2,3,3,100,Jogurette,2.765,15.151,16.579,3,,1,,1,1,,,1,,1,1,,1,,,1,,,1,1,,,,,,,1,,,,1,,1,,1,,1,,,,,,,,,,,,,,,,,,,,,1,,,,,,1.746,49.83,51.088,31,,,,,,,,,,,1,1,100,0,100,-1,10,5,,,,,,,,,,Ein schokoriegel,7,10,2.507,37.917,38.636,8,5,complete,,,,AT,1___bc631dc34d6944fbe7592ba38032c386_VWGSGGK
2026-09-28 17:00:17,2026-09-28 17:03:30,0,100,193,1,2026-09-28 17:03:31,R_2QlP6OIj6A7dyvf,anonymous,DE,1,FL_EOS_ID,,4,4,2,1,3,1,100,"milka, nestle",4.97,4.97,37.323,1,,1,,1,1,1,,1,,1,1,1,1,1,,,,1,,1,,,1,,1,1,,,,,1,1,1,,1,,,,,,1,,,1,,1,,1,,,,1,1,,1,1,,,,,,1,,6.441,84.017,85.092,68,,,,,,,,,,,,,,,,,,,,,,,,,,,,,,,,,,,3,complete,,,,AT,1___13053e3d5636583e46d015d323de023e_VWGSGGK
2026-09-28 11:58:22,2026-09-28 17:05:05,0,100,18403,1,2026-09-28 17:05:06,R_26CczG336oYoolH,anonymous,DE,0.800000011920929,FL_EOS_ID,,3,3,2,3,5,5,100,Nestle,1.865,8.834,9.285,2,1,1,1,1,1,1,1,1,,1,1,,1,1,1,1,,,,1,,1,1,,1,,,,,,,,,,1,,,,,,,,,,,,,,,,,1,,,,1,,,,,,1,,1.958,37.677,38.057,37,1,1,,1,,,,,,,,87,69,-13,45,32,7,3,,,,,,,,,,Weniger Zucker,6,8,2.45,33.265,33.686,25,4,complete,,,,AT,1___15cba318a0084473554c047adfa9ce90_VWGSGGK
2026-09-28 17:12:02,2026-09-28 17:14:04,0,100,122,1,2026-09-28 17:14:05,R_830HzU8IQON7S4V,anonymous,DE,1,FL_EOS_ID,,2,3,2,3,3,2,100,"Milka,Kinderriegel",2.083,12.965,14.428,2,,1,1,1,1,1,,,,1,1,1,1,1,1,,1,,1,1,,,1,,1,1,1,,,,1,1,1,1,1,,,1,,1,1,,,1,,,,,,,,1,1,,1,1,,,,,1,,,3.993,57.559,58.189,49,,,,,,,,,,,,,,,,,,,,,,,,,,,,,,,,,,,1,complete,,,,AT,1___51097f8c487e532c9fc86b0d2c10412d_VWGSGGK
2026-09-28 17:12:35,2026-09-28 17:18:44,0,100,368,1,2026-09-28 17:18:45,R_84o3b6JVPRcxIrf,anonymous,DE,0.800000011920929,FL_EOS_ID,,6,3,2,2,4,2,100,"Snickers, Mars, Bounty, Twix",2.22,2.22,50.523,1,,1,,1,1,1,1,1,,1,1,1,1,1,1,1,,,1,1,,,1,,,1,,,1,,1,1,1,1,1,,,,,1,1,,,,,,,,,,,,,,,,,,,,,,1,4.735,71.56,74.499,43,,,1,1,,,,,1,,,23,0,,,,0,0,,,,,,,,,,Kann ich nicht da ich sie selber noch nie gegessen habe und grundsätzlich gerne vorher etwas teste bevor ich weiterempfehle :),2,0,2.697,50.791,54.87,11,5,complete,,,,AT,1___a49a81116458f3a86e09e77ce46e2635_VWGSGGK
2026-09-28 17:24:14,2026-09-28 17:27:09,0,100,174,1,2026-09-28 17:27:10,R_22Mj4DGwCSOMxhx,anonymous,DE,1,FL_EOS_ID,,4,6,2,8,6,3,100,"Milka Mars twix ",1.5,1.5,20.696,1,,1,,1,,1,,,,,1,1,1,1,,1,,,,1,,,,,1,,,,,,,,1,1,,,,,,,1,,,,,1,,,,,,1,,,1,,,,,,,,,2.949,47.75,48.4,26,,,,,,,,1,,,,1,0,0,0,-1,1,0,,,,,,,,,,"Keine Ahnung ",1,0,3.861,18.867,19.765,9,3,complete,,,,AT,1___8120eadf19e38930783c708e17f480c7_VWGSGGK
2026-09-28 17:34:54,2026-09-28 17:37:35,0,100,161,1,2026-09-28 17:37:36,R_2Ic1K68wNCTngae,anonymous,DE,0.800000011920929,FL_EOS_ID,,3,2,1,5,3,3,100,"Corny
Snickers",1.61,19.672,20.101,3,,1,,1,1,1,,1,,1,1,1,1,1,1,1,,,1,1,,,,,,1,,,,,,,,,,,,,,,,,,,,,1,,,,,,,,,,,,,,,,,2.229,36.913,37.562,26,,,,,,,,,1,,,82,76,-27,0,100,8,3,,,,,,,,,,Noch nicht probiert,4,3,3.365,17.708,18,12,2,complete,,,,AT,1___bf9cdcc6854665f908393a269b342ca0_VWGSGGK
2026-09-28 17:37:46,2026-09-28 17:41:10,0,100,203,1,2026-09-28 17:41:11,R_84u3PBa4hGl2rcd,anonymous,DE,0.8999999761581421,FL_EOS_ID,,5,4,1,1,7,5,100,"Mars
Snikers
Twix
Bounty
",1.692,1.692,31.593,1,,1,,1,1,,,,,1,1,1,1,,,1,,,1,1,,,1,,,1,,,,,1,,,,,,,,,,1,,,,,,,,,,,1,,,,,,,,,,,,2.924,36.823,37.6,15,1,,,,,,,,,,,41,41,23,33,0,3,0,,,,,,,,,,ein ganz normaler Schokoriegel,2,2,3.432,20.98,22.013,3,5,complete,,,,AT,1___686a1158cdd93d193e7c277ff8a631d7_VWGSGGK
2026-09-28 17:42:55,2026-09-28 17:49:00,0,100,365,1,2026-09-28 17:49:01,R_2Y2OSfLAM0inSG1,anonymous,DE,1,FL_EOS_ID,,1,4,2,1,4,2,100,"Mars,bounty, twix,kitkat,kinderschokolade kinderiegel,",2.344,68.445,69.068,6,1,1,1,1,1,1,,1,,1,1,1,1,1,,1,,,1,1,,,1,,,,1,,1,,1,1,1,1,1,,,,,1,1,,,1,,,,1,,1,,1,1,1,1,1,,,,,,1,,4.055,68.316,69.099,52,,1,,,,,,1,,1,,61,56,-30,28,4,4,5,,,,,,,,,,"Im Geschmack gut,Inhaltsstoffe könnten besser sein.leider teuer",3,5,2.368,55.795,56.501,11,5,complete,,,,AT,1___3b40f5e49b7fac83fb5262f135d5590d_VWGSGGK
2026-09-28 17:53:44,2026-09-28 17:57:16,0,100,211,1,2026-09-28 17:57:17,R_87uIGXeYiyZRTdT,anonymous,DE,1,FL_EOS_ID,,2,6,1,1,6,5,100,"Kinder, Milka, Lindt, Ovomaltine, Schoketten",3.57,53.645,55.003,4,,1,,1,1,1,,,,1,,1,1,1,,,,,,1,,,,,,,,,,,1,,,1,1,,,,,,,,,,,,,,,,,1,,1,1,1,,,,,,,,2.665,68.952,71.236,30,,,,,,,,,,,,,,,,,,,,,,,,,,,,,,,,,,,4,complete,,,,AT,1___5024e6138ffc8a04f807bf6c8cf313b0_VWGSGGK
2026-09-28 17:56:58,2026-09-28 17:58:37,0,100,98,1,2026-09-28 17:58:37,R_80UjrZpnLi18ufg,anonymous,DE,1,FL_EOS_ID,,1,2,2,2,3,2,100,Ovomaltine,1.917,1.917,8.404,1,,,,,,,,,,1,,,1,1,,,,,,1,,,,,,,,,,,,,,,1,,,,,,,,,,,,1,,,,,1,,,,1,,,,,,,,2.441,41.15,41.963,26,,,,,,,,,,,,,,,,,,,,,,,,,,,,,,,,,,,3,complete,,,,AT,1___bc2c9ebc09e1bc1e18dd28e3a9e8cbe9_VWGSGGK
2026-09-28 18:08:28,2026-09-28 18:13:43,0,100,314,1,2026-09-28 18:13:43,R_8jd3CyVnXVNU8Zn,anonymous,DE,0.8999999761581421,FL_EOS_ID,,4,4,1,2,1,3,100,"Mars, Twix, Kinder Michschokolade, Yogurella",13.164,13.164,58.928,1,,1,,1,1,1,,1,,1,1,1,1,1,,1,,,1,1,,,,,,,,,,,,,,,,,,,,,,1,,,,,,,,,,,,,,,,,,,,,1,6.131,55.502,56.449,25,,,,,,,,1,,,,,20,-6,,,2,0,,,,,,,,,,Noch nie gegessen,1,0,5.455,20.279,20.87,6,2,complete,,,,AT,1___48256807879b0d7958fbb535ebc9ff53_VWGSGGK
2026-09-28 17:56:11,2026-09-28 18:17:04,0,100,1252,1,2026-09-28 18:17:05,R_8DQThnYFhk1LhqV,anonymous,DE,0.800000011920929,FL_38,,5,5,2,1,2,,86,,,,,,,,,,,,,,,,,,,,,,,,,,,,,,,,,,,,,,,,,,,,,,,,,,,,,,,,,,,,,,,,,,,,,,,,,,,,,,,,,,,,,,,,,,,,,,,,,,,,,,,,,,,,complete,,,true,AT,1___efe950cf8392d09f96847b8147d072d7_VWGSGGK
2026-09-28 18:21:24,2026-09-28 18:23:07,0,100,102,1,2026-09-28 18:23:07,R_8iFjMltAJyiMn0e,anonymous,DE,1,FL_EOS_ID,,2,3,1,3,3,3,100,"Snickers, mars ",1.526,9.66,10.274,3,,,,1,1,1,,1,,1,,1,1,1,,,,,,1,,,,,,1,,,,,,,,1,1,,,,,,1,,,,,,,,,,,,,,1,,,,,,,1,,2.247,44.61,45.839,35,,,,,,,,,,,,,,,,,,,,,,,,,,,,,,,,,,,3,complete,,,,AT,1___67ff9c366dbaa61876039151863413af_VWGSGGK
2026-09-28 18:25:04,2026-09-28 18:28:00,0,100,175,1,2026-09-28 18:28:00,R_8ANARwb1RlKMNdA,anonymous,DE,1,FL_EOS_ID,,6,3,1,1,7,1,100,"Milka ",4.624,15.254,16.456,2,,1,,1,1,,,,,1,1,1,1,1,,,,,,1,,,1,,1,1,,,,,1,,1,,1,,,1,,,1,,,1,,,1,,,,,1,1,1,,1,,,,,1,1,,2.132,90.018,91.222,52,,,,,,,,,,,,,,,,,,,,,,,,,,,,,,,,,,,5,complete,,,,AT,1___b054a321d6a7d27fe81583e175bd895b_VWGSGGK
2026-09-28 18:28:58,2026-09-28 18:32:44,0,100,226,1,2026-09-28 18:32:45,R_8FnBGZvBIpT2pue,anonymous,DE,0.800000011920929,FL_EOS_ID,,2,4,1,1,2,2,100,"Snickers Milka nosini twix Mars ",2.993,86.18,86.695,2,,1,,1,1,1,,1,,1,1,1,1,1,,,,,1,1,,,1,,,,1,,,,,1,,1,1,,,,,1,1,,,,,,,1,,,,1,,,1,1,,,,,,1,,5.503,68.315,68.919,43,,,,,,,,,,,,,,,,,,,,,,,,,,,,,,,,,,,1,complete,,,true,AT,1___18107b2eeb1f3bc6dbd4b64f72b24f5d_VWGSGGK
2026-09-28 18:32:36,2026-09-28 18:37:30,0,100,293,1,2026-09-28 18:37:30,R_2j9iPKo4ZbfZtfJ,anonymous,DE,0.8999999761581421,FL_EOS_ID,,4,5,2,1,2,3,100,"Pick up
Milka 
Knoppers
Kinder
Mars 
Twix",2.08,41.144,41.801,2,,1,,1,1,1,,1,,1,1,1,1,1,,1,,,1,,,,,,,,,,,,1,,,,1,,,,,1,,,,,,,,,,,,,,,,1,,,,,1,,,5.076,61.463,62.649,30,,,,,,,,,,1,,-10,7,-20,-3,-1,4,0,,,,,,,,,,"Marketing ist gut ",1,0,5.517,33.362,34.364,11,5,complete,,,,AT,1___c985f1f19b13b3204288558b1b8d2221_VWGSGGK
2026-09-28 18:49:36,2026-09-28 18:52:39,0,100,182,1,2026-09-28 18:52:40,R_2bOXmylyqllie41,anonymous,DE,1,FL_EOS_ID,,5,5,2,1,5,5,100,"Snickers, Mars, Bounty, TikTak",2.748,2.748,23.03,1,,1,,1,1,,,,,1,1,1,1,1,,1,,,1,1,,,,,,,,,,,,,,,,,1,,,,1,,,,,,,,,,,,,,,,,,,,,1,,3.5,35.509,37.52,14,,,,,,,,1,,,,90,90,0,100,0,9,9,1,,,,,,,,,,4,7,5.457,12.62,12.622,3,4,complete,,,,AT,1___88147b5b82f70b3822c7ee7718b4219c_VWGSGGK
2026-09-28 19:03:37,2026-09-28 19:05:46,0,100,128,1,2026-09-28 19:05:47,R_8rkiy7HqO6ynshz,anonymous,DE,1,FL_EOS_ID,,3,3,2,8,2,5,100,"Ritter Sport, Snickers, Bounty, Mars, Kinder ",2.128,2.128,34.815,1,,,,1,1,1,,1,,1,1,1,1,1,,,,,,1,,,,,1,,,,,,1,,1,,1,,,,,,,,,,,1,,,,1,,1,,1,,1,,,,,,1,,4.532,39.704,40.342,31,,,,,,,,,,,,,,,,,,,,,,,,,,,,,,,,,,,5,complete,,,,AT,1___e93b239005745a984113a9f2f20f6d9d_VWGSGGK
2026-09-28 19:06:16,2026-09-28 19:14:20,0,100,483,1,2026-09-28 19:14:20,R_2qdoTocM5Fh1vSx,anonymous,DE,,FL_EOS_ID,,3,2,2,3,6,4,100,"kinder koro snickers mars twix balisto ",2.871,2.871,63.43,1,1,1,,1,1,1,,1,,1,1,1,1,1,1,1,,1,1,1,,1,1,,,1,1,,,,1,1,1,,,,1,,1,1,,,1,,,,,1,,,,1,,,,,,,,,,,,4.084,102.137,102.68,50,,,,,,,,1,,,,51,69,0,0,-1,5,3,,1,,,,,,1,,bunte verpackung ( weiß zu wenig darüber),7,2,2.904,46.436,47.189,13,4,error,timeout,,,AT,1___30891d7aa9307436ddf4644790a4d69c_VWGSGGK
2026-09-28 19:12:50,2026-09-28 19:15:27,0,100,157,1,2026-09-28 19:15:28,R_2d7gWtFWR75c6r8,anonymous,DE,1,FL_EOS_ID,,6,6,1,1,7,3,100,"Mars, Bounty, Bobby, Milka, Lindt",3.345,3.345,23.472,1,,1,,1,,1,,1,,1,1,1,1,1,,1,,,,1,,,,,,,,,,,,,,,,,,,,,,1,,,,,,,,,,,,1,,,,,,,,,,4.323,27.75,29.035,13,,,,,,,,,,,1,15,52,19,0,0,3,1,,,,,,,,,,Snack Riegel,1,0,2.436,18.731,19.826,3,4,complete,,,,AT,1___4448fc41c0ddd061bdcc9cae9a39cf60_VWGSGGK
2026-09-28 19:20:06,2026-09-28 19:22:38,0,100,152,1,2026-09-28 19:22:39,R_8g0WYR991NDnQEq,anonymous,DE,1,FL_EOS_ID,,3,5,1,1,4,5,100,"Twix, Milka Tender, bounty, Mars, nuts",4.1,31.551,32.798,2,,1,,1,1,1,,1,,1,1,1,1,1,,,,,,1,,,,,1,,,,,,1,,,1,,,,,,,,,,,,1,,,,,,1,,1,1,,,,,,,,,5.33,60.477,61.564,36,,,,,,,,,,,,,,,,,,,,,,,,,,,,,,,,,,,4,complete,,,,AT,1___72aa15a3abc077621d0642c8587c067f_VWGSGGK
2026-09-28 19:23:07,2026-09-28 19:23:32,0,100,25,1,2026-09-28 19:23:33,R_8OqSMFkdu6gW5ju,anonymous,DE,0.800000011920929,FL_38,,1,2,1,2,1,3,4,,,,,,,,,,,,,,,,,,,,,,,,,,,,,,,,,,,,,,,,,,,,,,,,,,,,,,,,,,,,,,,,,,,,,,,,,,,,,,,,,,,,,,,,,,,,,,,,,,,,,,,,,,,,complete,,,,AT,1___5743aaca9e912d7a81f9df77820fafb2_VWGSGGK
2026-09-28 19:25:54,2026-09-28 19:29:30,0,100,216,1,2026-09-28 19:29:30,R_29C5cv5pWahDbsl,anonymous,DE,1,FL_EOS_ID,,3,3,1,5,3,2,100,"corny, neom, kittkatt, manner, snickers, mars",1.752,1.752,28.123,1,,1,,1,1,1,,1,,1,1,1,1,1,,1,,,1,1,,,1,,,1,,,,,,1,1,,1,,1,,,,1,,,1,,,,,,,,,1,1,,1,,,,,,,,4.858,47.081,49.047,24,,,,,,,,1,,,,47,71,-23,35,8,7,4,1,,,,,1,,,,wie knoppers nur ohne zu viel zucker,4,6,2.319,19.783,20.833,3,4,complete,,,,AT,1___6ef4480a3bf41ef5c7e6595896ae54b0_VWGSGGK
2026-09-28 19:36:31,2026-09-28 19:41:52,0,100,321,1,2026-09-28 19:41:53,R_8dXEFic1ehqYhSi,anonymous,DE,1,FL_EOS_ID,,3,2,1,9,2,2,100,"Kinder, Corny, ",1.637,1.637,68.639,1,,1,1,1,1,1,,1,,1,1,1,1,1,1,1,,,1,1,,,,1,,,1,,,,,1,,,,,,,,1,1,,,1,1,,1,,,,,1,1,,,1,,,,,1,,,7.5,70.088,70.827,41,,,1,,1,1,,1,,,,,30,,,,3,0,,,,,,,,,,irgendwas mit sport oder so,1,0,1.984,25.581,26.284,10,2,complete,,,true,AT,1___161996d43112f10e37f3ea66d9e1ca40_VWGSGGK
2026-09-28 19:44:45,2026-09-28 19:45:49,0,100,63,1,2026-09-28 19:45:49,R_2aVlYkDLG0G5emn,anonymous,DE,1,FL_EOS_ID,,3,3,1,9,4,4,100,mars,1.273,1.273,4.397,1,,,,,,,1,,,,,,1,1,,,,1,,,,,,,,,,,,,,1,,1,,,1,,,,,,,,,1,,,,,,,1,,,1,,,,,,,,1.466,23.264,24.046,39,,,,,,,,,,,,,,,,,,,,,,,,,,,,,,,,,,,3,complete,,,,AT,1___f0e9d8fbdfb334d524654bc86b7a9643_VWGSGGK
2026-09-28 19:48:22,2026-09-28 19:50:51,0,100,149,1,2026-09-28 19:50:52,R_2F8SfvJ3TxBZAaI,anonymous,DE,0.800000011920929,FL_EOS_ID,,3,6,2,2,2,2,100,"Mars,balisto Milka way,Twix,bounty,",1.6,34.301,43.801,3,,1,,1,,1,,1,,1,1,1,1,1,,,,,1,1,,,1,,1,,1,,1,,1,,,1,,,,,,,1,,,,,1,,,,,,,,,1,,,,,,,1,,5.231,51.477,54.149,25,,,,,,,,,,,,,,,,,,,,,,,,,,,,,,,,,,,5,complete,,,true,AT,1___81821562fc6417a463eabd82b07d2f83_VWGSGGK
2026-09-28 19:48:51,2026-09-28 19:55:34,0,100,402,1,2026-09-28 19:55:34,R_2doRLtYwKrUk5ly,anonymous,DE,1,FL_EOS_ID,,2,6,2,2,4,2,100,"Knoppers kitkat ",6.689,98.315,98.818,2,,1,,1,1,1,,,,1,1,1,1,1,,1,,,1,1,,,1,,1,,1,,,,1,1,1,1,1,,,,,,1,,,1,,1,,1,,,,1,1,1,1,1,,,,,,1,,5.63,73.458,74.202,50,,,,,,,,,,,1,27,27,27,0,-1,0,0,,,,,,,,,,Ich kenn das nicht,1,0,3.702,18.984,21.089,9,3,complete,,,,AT,1___ee42c17ec815ee72c122eb429274346e_VWGSGGK
2026-09-28 19:53:17,2026-09-28 19:55:40,0,100,142,1,2026-09-28 19:55:40,R_2NHOhwE7udcebYZ,anonymous,DE,0.800000011920929,FL_EOS_ID,,6,6,1,6,4,2,100,"Snickers ",2.011,14.471,15.217,2,,1,,1,1,,,,,,,1,1,,,,,,,1,,,,,1,,,,,,,,1,,,,,,,,1,,,,,,,,,,,,,1,,,,,,,,,,2.666,51.965,52.838,33,,,,,,,,,,,,,,,,,,,,,,,,,,,,,,,,,,,5,complete,,,,AT,1___08f5259db303713db85fe2e13d70c93e_VWGSGGK
2026-09-28 20:04:08,2026-09-28 20:05:55,0,100,106,1,2026-09-28 20:05:59,R_2M09OUvejhduz86,anonymous,DE,0.800000011920929,FL_EOS_ID,,6,6,1,6,4,5,100,Suchard,2.657,2.657,18.425,1,,,,,,,,,,,,1,1,,,,,,,1,,,,,,,,,,,,,,1,,,,,,,,,,,,,,,,,,,,,1,,,,,,,,,2.605,22.17,23.459,11,,,,,,,,,,,,,,,,,,,,,,,,,,,,,,,,,,,5,complete,,,,AT,1___f8dbfb4d98efbf24ace2aa4eac50c9df_VWGSGGK
2026-09-28 20:09:24,2026-09-28 20:11:57,0,100,152,1,2026-09-28 20:11:57,R_8Jh39YOY3MQVYtL,anonymous,DE,1,FL_EOS_ID,,5,4,1,9,3,3,100,Kinderrigel,3.499,17.441,18.19,2,,,,,,,,,,,,1,,1,,,,,,,,,,,,,,,,,,,,1,,,,,,,,,,,,,,,,,,1,,,,,,,,,,,,11.444,49.533,50.101,17,,,,,,,,,,,,,,,,,,,,,,,,,,,,,,,,,,,5,complete,,,,AT,1___39578e6133fe8a1daa4de6b8ac123c9a_VWGSGGK
2026-09-28 20:17:58,2026-09-28 20:21:42,0,100,224,1,2026-09-28 20:21:42,R_2PjD1KjlU67MLG9,anonymous,DE,0.8999999761581421,FL_EOS_ID,,5,5,1,3,6,2,100,"Mars, Sniekers,Bounty",2.883,39.516,40.132,2,,1,,1,1,1,,1,,1,1,1,1,1,,,,,1,1,,,,,,1,1,,,,,,1,1,1,,,,,,1,,,,,,,,,,,,,1,1,1,,,,,,1,,6.565,97.635,109.86,37,,,,,,,,,,,,,,,,,,,,,,,,,,,,,,,,,,,4,complete,,,,AT,1___11a3a5d3b268cc2bc54075a73f37f1c6_VWGSGGK
2026-09-28 20:19:50,2026-09-28 20:21:59,0,100,128,1,2026-09-28 20:21:59,R_874OMznKzDiE9vX,anonymous,DE,1,FL_EOS_ID,,2,4,1,7,5,5,100,"Milka
Discounter lidl und hofer",1.722,1.722,19.887,1,,,,,1,,,1,,1,,,,1,,,,,1,1,,,,,,,,,1,,,,1,,,,,,,,,,,1,,,,,,1,,1,,1,,,,,,,1,1,,1.426,35.564,36.503,29,,,,,,,,,,,,,,,,,,,,,,,,,,,,,,,,,,,1,complete,,,,AT,1___fc388b82a83e9e669b7841268a3438aa_VWGSGGK
2026-09-28 20:17:00,2026-09-28 20:22:13,0,100,312,1,2026-09-28 20:22:13,R_2eRV2P45nts69nJ,anonymous,DE,1,FL_EOS_ID,,5,2,2,2,2,3,100,"Milka, Lindt,",1.735,1.735,25.822,1,,1,,1,,1,,1,,1,1,1,1,1,,1,,,1,1,,,,,1,,1,,1,,1,1,1,1,1,,,,,,1,,,,,,,,,,,1,,,,1,,,,,,,,6.796,68.161,83.7,23,,,,,,,,1,,,,0,-20,-20,-20,-20,5,5,,,,,,,,,,Ich hab' mir mehr davon erwartet. Aber über Geschmack lässt sich streiten.,1,5,4.146,32.264,33.392,3,4,complete,,,,AT,1___b7a2c5d66a176993c5393021963f7dc3_VWGSGGK
2026-09-28 20:26:52,2026-09-28 20:31:03,0,100,251,1,2026-09-28 20:31:04,R_8F3rOaIKP4M7dZW,anonymous,DE,0.699999988079071,FL_EOS_ID,,6,3,1,1,3,2,100,"Mars, Snickers, twix",4.18,27.833,28.444,2,1,1,,1,1,1,,1,,1,1,1,1,1,,1,1,,1,1,,,,,,,,,,,,,,,,,,,,,,1,,,,,,,,,,,,,,,,,,,,,1,9.733,52.704,53.408,35,,1,,,,,,1,1,1,,75,67,-28,0,0,5,0,,,,,,,,,,Noch nie probiert,1,0,4.333,24.707,25.97,8,1,complete,,,true,AT,1___4b787b2f992089eefff8072351208712_VWGSGGK
2026-09-28 20:33:08,2026-09-28 20:34:56,0,100,107,1,2026-09-28 20:34:56,R_2duZTtAcgmSVmd7,anonymous,DE,1,FL_EOS_ID,,3,4,1,3,4,2,100,Kinder Schokolade,1.205,1.205,12.123,1,,,,,,,,,,,,,,1,,,,,,,,,,,,,,,,,1,,,,,,,,,,,,,,,,,,,,,1,,,,,,,,,,,,4.743,11.166,12.661,3,,,,,,,,,,,,,,,,,,,,,,,,,,,,,,,,,,,3,complete,,,,AT,1___6bdab1d96eeb9601f9c63f92a8ce73db_VWGSGGK
2026-09-28 20:51:41,2026-09-28 20:53:32,0,100,111,1,2026-09-28 20:53:33,R_2BhfiLcq6TDMUQI,anonymous,DE,0.800000011920929,FL_EOS_ID,,3,4,1,7,6,4,100,"kinder ",4.236,4.236,9.891,1,,,,1,,1,,1,,1,1,1,1,1,,,,,1,1,,,,,,,,,,,1,,,1,1,,,,,,,,,,,,,,,,,1,,,,1,,,,,,,,1.412,56.733,57.605,27,,,,,,,,,,,,,,,,,,,,,,,,,,,,,,,,,,,4,complete,,,,AT,1___f759591a38e024df54b2f18c88dccb47_VWGSGGK
2026-09-28 20:56:52,2026-09-28 21:02:03,0,100,311,1,2026-09-28 21:02:04,R_2nw5FXvJgY0S8dy,anonymous,DE,0.800000011920929,FL_EOS_ID,,3,3,2,2,3,5,100,"Kinder, Milka, Corny, Koro, yfood, ",2.039,2.039,52.56,1,1,1,,1,1,1,1,1,,1,1,1,1,1,1,1,,1,1,1,,1,1,,1,1,1,1,,,1,1,1,1,1,,1,,,1,,,,,1,,,,,,,1,,1,,1,,1,,,,,,2.888,77.329,78.265,60,,,,1,,,1,,,,,35,48,35,40,18,8,6,,,,,,,,,,Zuckerfreie schokoriegel,3,5,2.73,26.987,28.733,16,4,complete,,,,AT,1___daf94cc7200e20f8c8eefdca80115053_VWGSGGK
2026-09-28 21:00:41,2026-09-28 21:04:34,0,100,232,1,2026-09-28 21:04:34,R_8RFJrHOthfoUuqZ,anonymous,DE,0.800000011920929,FL_EOS_ID,,4,3,2,5,3,2,100,Kinderschokolade,3.002,12.77,19.662,2,1,1,,1,1,1,,1,,1,1,1,,1,1,1,,,1,1,,,,,,,1,,1,,1,1,,,1,,,,,1,,,,1,,,,,,,,,,,1,1,,,,,,,,4.737,54.653,55.429,34,,,1,1,,1,,,,,,68,50,35,100,1,7,2,,,,,,,,,,Geschmacklich sehr gut,3,8,5.385,22.997,24.133,8,5,complete,,,,AT,1___fc558fc9e1c64e8e1c3bfabe9277fd59_VWGSGGK
2026-09-28 21:14:49,2026-09-28 21:18:14,0,100,204,1,2026-09-28 21:18:14,R_85fK8dAyn9oScBb,anonymous,DE,1,FL_EOS_ID,,4,6,2,2,5,2,100,Duplo,3.498,15.579,16.158,3,,1,,1,,1,,1,,1,1,1,1,,,,,,1,1,,,,,1,,1,,,,,,1,1,,,,,,,,,,,,,,1,,,,,,1,,,,,,,,,,6.862,122.622,123.685,39,,,,,,,,,,,,,,,,,,,,,,,,,,,,,,,,,,,4,complete,,,,AT,1___49aefe08dfa145e0c8f400ebd99c2904_VWGSGGK
2026-09-28 21:21:12,2026-09-28 21:26:38,0,100,326,1,2026-09-28 21:26:39,R_2hQNw5ghineClcf,anonymous,DE,0.800000011920929,FL_EOS_ID,,5,3,2,3,7,,100,"More, Koro, twix ",2.896,43.925,44.314,10,1,1,,1,1,1,,1,,1,1,1,1,1,1,1,,,1,1,,1,,,,,,,,,,,,,,1,,,,1,,,,,,,,,,,,1,1,,,,1,,,,,,,6.002,65.617,66.499,36,,,,1,,,1,,,,,1,0,0,0,22,5,1,,,,,,,,,,"Muss ich erst testen, klingt aber interessant ",5,2,3.994,34.017,34.752,13,2,complete,,,,AT,1___43c364244aa3f78a1e030caa518ec89e_VWGSGGK
2026-09-28 22:06:07,2026-09-28 22:08:52,0,100,164,1,2026-09-28 22:08:53,R_2743KsdNNDw2rWl,anonymous,DE,0.8999999761581421,FL_EOS_ID,,6,6,1,3,6,5,100,"Bensdorp, Milka, ",2.149,33.585,34.368,3,,1,,1,,1,,,,1,1,1,1,1,,,,,,1,,,,,,,,,,,,,1,,1,,,,,,,,,,,,,,,,,,,1,,1,,,,,,,,5.711,63.375,64.859,35,,,,,,,,,,,,,,,,,,,,,,,,,,,,,,,,,,,4,complete,,,,AT,1___6b1039487d4fa0acb41c4c64232518fd_VWGSGGK
2026-09-28 22:11:56,2026-09-28 22:16:45,0,100,289,1,2026-09-28 22:16:45,R_21sOlIA3xDSZ7Nb,anonymous,DE,1,FL_EOS_ID,,4,3,1,3,5,2,100,"Snickers, Mars, Bounty",2.352,2.352,25.387,1,1,1,,1,1,1,1,1,,1,1,1,1,1,1,1,,,1,1,,1,1,,1,1,1,1,,,1,1,1,,,,1,,,1,1,,1,,,,,,,,,,,,,,,1,,,1,,,5.139,79.857,80.773,53,,,,,,,,,,,1,47,51,-61,34,6,7,0,,,,,,,,,,"Alternative zu Zucker - dafür viele Zusätze ",3,5,2.933,31.353,32.927,7,5,complete,,,,AT,1___95a637511a3ffa4236d4ae06972a4c31_VWGSGGK
2026-09-28 22:26:21,2026-09-28 22:29:44,0,100,202,1,2026-09-28 22:29:45,R_2A1jBVuGx7bXCwh,anonymous,DE,0.800000011920929,FL_EOS_ID,,2,5,2,2,4,5,100,Milka snealers milly way twix,1.664,14.463,15.359,4,,1,,1,1,1,,,,1,1,1,1,1,1,1,,,1,1,,,,,1,,1,,,,,1,,1,1,1,1,,,1,1,,,1,,1,,,,,,,,,1,,1,1,,,,,,2.472,60.332,61.201,43,,,,,,,,1,,,,100,100,100,100,1,9,7,,,,,,,,,,Ohne zucker,7,0,4.639,21.769,23.537,7,5,complete,,,,AT,1___4a22bedbff6efd43dfd4b969fca653f7_VWGSGGK
2026-09-28 22:30:02,2026-09-28 22:34:15,0,100,253,1,2026-09-28 22:34:15,R_2PvLiSfMoqpycUQ,anonymous,DE,0.8999999761581421,FL_EOS_ID,,3,2,1,8,5,3,100,"Milka, Ritter Sport, Zotter, ",3.26,3.4,30.665,2,,1,,1,1,1,,1,,1,1,1,1,1,,1,,,,1,,,,,1,,,,,,,,1,,1,,,,,,1,,,,,,,1,,,,,,,,1,,,,,,,,2.357,65.273,65.826,53,,,,,,,,1,,,,55,57,-22,24,71,8,7,,,,,,,,,,Moderner Schokoladeproduzent,3,5,2.682,39.675,40.261,15,2,complete,,,,AT,1___a8930d4793aac580b1938616eca8118c_VWGSGGK
2026-09-28 22:35:30,2026-09-28 22:38:00,0,100,149,1,2026-09-28 22:38:00,R_2BzdRXtlg20YkVz,anonymous,DE,1,FL_EOS_ID,,4,3,2,9,5,4,100,"Lindt
Milka
",1.264,11.051,11.756,2,1,1,,1,1,1,1,1,,1,1,1,1,1,1,1,,,1,1,,1,,,,,,,1,,1,,,,1,,1,,,,,,,,,,,,,,,1,,,,,,1,,,,,,1.46,46.763,47.1,56,,,,,,,,,,,1,100,95,-74,73,0,10,1,,,,,,,,,,"Zuckerarme Süßigkeiten ",2,9,2.534,17.488,17.988,12,4,complete,,,true,AT,1___940fd0843579b08b140028c6d4ea627d_VWGSGGK
2026-09-28 22:46:51,2026-09-28 22:52:22,0,100,331,1,2026-09-28 22:52:23,R_2mHLCQrQmYPbGtr,anonymous,DE,1,FL_EOS_ID,,2,5,2,3,2,2,100,"Milka
Twix
Mars
Neoh
Kitkat",2.81,2.81,38.579,1,,1,,1,,1,,1,,1,1,1,1,1,,1,,,1,1,,,,,1,,,,,,1,,1,1,1,,,,,,,,,,,,,,,,,,,1,,1,,,,,,,,1.4,75.25,76.003,41,,,,,,,,1,1,,,-20,3,28,-18,-1,3,0,,,,,,,,,,"Gesunder snack, wenig zucker",2,5,2.04,53.5,55.46,11,5,complete,,,,AT,1___9635a46c0b1b442cb1a708d908537047_VWGSGGK
2026-09-28 23:04:26,2026-09-28 23:08:31,0,100,244,1,2026-09-28 23:08:32,R_8HvjWb1qfDUPT1g,anonymous,DE,0.800000011920929,FL_EOS_ID,,4,3,1,1,5,2,100,"Lindt. Milka, Duplo, ",2.765,6.347,39.956,2,,,,1,1,1,,,,1,1,1,1,1,,1,,,1,1,,,,,,,1,,,,1,1,1,,1,,1,,,1,,,,,,,,,,,,1,,,,1,,,,,,,,3.744,52.026,52.904,45,,,,,,,,1,,,,88,97,19,73,2,9,5,1,,,,,1,,,,Lecker,4,7,2.478,18.578,19.68,16,4,complete,,,,AT,1___60c6c4e4b7d1f17d380fe0e1766281d4_VWGSGGK
2026-09-29 00:29:38,2026-09-29 00:32:05,0,100,146,1,2026-09-29 00:32:05,R_2fH4x7YEPoH7BQq,anonymous,DE,0.800000011920929,FL_EOS_ID,,2,5,1,1,5,2,100,"Milka ",6.601,13.98,14.7,2,,,,,1,,,,,1,1,,1,1,,,,,,1,,,,,,,,,,,,1,1,,1,,,,,,1,,,,,,,,,,,,,1,1,1,,,,,,,,8.319,50.785,51.591,35,,,,,,,,,,,,,,,,,,,,,,,,,,,,,,,,,,,2,complete,,,,AT,1___3b2a77719f69696ab21f9651533ab269_VWGSGGK
2026-09-29 01:52:34,2026-09-29 01:56:36,0,100,241,1,2026-09-29 01:56:37,R_2OVbMobEMAPzd4K,anonymous,DE,0.800000011920929,FL_EOS_ID,,3,5,1,2,3,2,100,"Mars,twix",10.4,21.178,21.756,2,,1,,1,1,1,,1,,1,1,1,1,1,,1,,,1,1,,,,,,,1,,,,1,,1,,1,,,,,,,,,,,,,1,,,,1,,,,,,,,,,,,3.005,61.606,62.695,31,,,,,,,,1,,,,44,51,21,2,23,1,0,,,,,,,,,,"Keine Ahnung ",1,0,3.501,16.801,17.97,9,3,complete,,,,AT,1___647ec4ca7198653d4979ff6eec1c6f86_VWGSGGK
2026-09-29 04:52:47,2026-09-29 04:55:41,0,100,173,1,2026-09-29 04:55:41,R_8sB5IRoANxNsFI5,anonymous,DE,1,FL_EOS_ID,,4,4,1,3,6,3,100,Corny,1.682,6.655,7.713,2,,1,,1,1,,,,,1,1,1,1,1,,,,,1,1,,,1,,,1,,,,,,1,,,1,,,,,,1,,,,,,,,,,,,,,,,,,,,,1,,4.627,61.075,62.619,34,,,,,,,,,,,,,,,,,,,,,,,,,,,,,,,,,,,3,complete,,,,AT,1___019af1c9f5f67a3457c70821e8d8f9b4_VWGSGGK
2026-09-29 06:13:10,2026-09-29 06:17:08,0,100,237,1,2026-09-29 06:17:08,R_2H6CLAs1LEM2Srf,anonymous,DE,0.8999999761581421,FL_EOS_ID,,5,5,1,2,4,2,100,ritter sport lind milka,2.702,2.702,31.3,1,,1,,1,1,1,,1,,1,1,1,1,1,,1,,,1,1,,,1,,,,1,,,,1,,,,,,,,,1,1,,,,,,,,,,,1,,,,,,,,,,1,,2.253,70.53,72.201,22,,,,,,,,1,,,,0,0,0,0,0,0,0,,,,,,,,,,zuviel fülle,1,0,3.564,22.595,23.615,3,5,complete,,,,AT,1___97027e9660fdd2a7a3e1773f837be166_VWGSGGK
2026-09-28 18:45:26,2026-09-29 06:26:15,0,100,42049,1,2026-09-29 06:26:16,R_23dlRWvVeJ3igEP,anonymous,DE,1,FL_EOS_ID,,5,5,2,6,3,3,100,Kinder bueno,3.447,3.447,12.622,1,1,1,,1,1,1,1,1,,1,1,1,1,1,1,1,1,,1,1,,1,,,,,,,,,,,,,,,,,,,,,1,,,,,,,,,,,,,,,,,,,,,4.047,67.579,70.836,41,,,,,,,,,,,1,35,,,,11,6,0,,,,,,,,,,Nein,1,1,7.418,29.317,33.545,6,5,complete,,,,AT,1___26aedef55d392328d062dacdddd426ea_VWGSGGK
2026-09-29 06:27:29,2026-09-29 06:31:30,0,100,241,1,2026-09-29 06:31:31,R_8CTM5TEFnm9R2WY,anonymous,DE,1,FL_EOS_ID,,2,5,2,8,3,2,100,Milka Schokoladeriegel,12.85,92.2,92.935,4,,1,,,,1,,,,1,,1,,1,,,,,,,,,,,1,,,,,,,,1,1,1,,,,,,1,,,,,,,1,,,,1,,1,1,,,,,,,,,3.886,69.928,70.93,32,,,,,,,,,,,,,,,,,,,,,,,,,,,,,,,,,,,3,complete,,,,AT,1___575aa8c42a48f3b9c745358736f68524_VWGSGGK
2026-09-29 07:01:45,2026-09-29 07:51:37,0,100,2992,1,2026-09-29 07:51:38,R_2Rx4LHwihcjE4yD,anonymous,DE,1,FL_EOS_ID,,5,5,1,9,6,5,100,mars bounty duplo,2.905,2.905,30.401,1,,1,,1,,1,,,,1,1,1,1,1,,1,,,1,1,,,1,,,,,,,,,,1,,,,1,,,1,,,,1,,,,,,,,,,1,,,,1,,,,,,2320.279,2852.39,2854.27,19,,,,1,,,,,,,,100,100,20,100,100,10,5,,,,,,,,,,Naschen mit wenig Kalorien,5,9,2.701,16.427,17.241,3,5,complete,,,,AT,1___d21c9e0a6889e7df7ed9400ba8f3e3be_VWGSGGK
2026-09-29 07:48:35,2026-09-29 07:53:21,0,100,285,1,2026-09-29 07:53:22,R_8s6DBEvBZ8lt59R,anonymous,DE,0.800000011920929,FL_EOS_ID,,4,2,2,2,6,3,100,"Kinderriegel, Nussini, Bueno, ESN-DM Proteinriegel,",2.313,31.99,34.828,4,1,1,,1,1,,,1,,1,1,1,1,1,1,1,,,1,1,,1,,,,,,,,,1,1,1,,,,,,,,,,,,,,,,,,,1,,,,,,,,,,,,6.778,58.194,59.391,23,1,,,1,,,,,,,,40,-17,-26,-36,0,3,0,,,,,,,,,,"Soll gesünder sein, hat viel Kalorien und für die Menge ist es das Geld nicht wert. Das Original ist besser",1,0,2.277,45.085,45.891,4,3,complete,,,,AT,1___71ef81326a8487399e05a8a9c38cc98a_VWGSGGK
2026-09-29 08:03:52,2026-09-29 08:10:31,0,100,398,1,2026-09-29 08:10:31,R_8nt3FJI4lBLmHW9,anonymous,DE,1,FL_EOS_ID,,5,3,2,2,4,7,100,"Milka, Mars, Twix, Lion, Neoh, Bounty",2.432,83.535,84,2,,1,,1,1,1,,1,,1,1,1,1,1,1,1,,,1,1,,,1,,1,,1,,,,1,1,,1,1,,,,,1,1,,,1,,,,,,,,1,1,,,,,,,,,,,5.153,59.493,60.1,36,,,,,,,,1,,,,0,20,-10,0,0,5,0,,,,,,,,,,"Keine Erfahrung damit, deshalb keine solide Beschreibung möglich",4,0,3.234,75.117,75.9,28,5,complete,,,,AT,1___737ec7c0bf4a202c1b722adf545221b6_VWGSGGK
2026-09-29 08:28:47,2026-09-29 08:30:45,0,100,118,1,2026-09-29 08:30:46,R_8n6gxVXyfa9oRKB,anonymous,DE,1,FL_EOS_ID,,4,5,2,9,6,5,100,"ferrero, manner, pick up",1.02,1.02,9.07,1,,1,,1,1,1,,1,,,1,1,1,1,,1,,,1,1,,,1,,,,1,,1,,1,1,1,1,1,,,,,1,1,,,1,,,,,,,,,1,1,1,1,,,,,,,,1.792,31.924,33.502,27,,1,,,,,,,,,,4,17,-19,7,-1,4,4,,,,,,,,,,eine zuckerreduzierte möglichkeit zu naschen,4,5,1.117,12.886,13.811,3,4,complete,,,,AT,1___6cdccea366829b0e0a92d13b52daf2d4_VWGSGGK
2026-09-29 08:32:13,2026-09-29 08:39:07,0,100,414,1,2026-09-29 08:39:08,R_8YbjR2qmgeohzvf,anonymous,DE,0.800000011920929,FL_EOS_ID,,6,4,2,2,2,2,100,"Neoh. Buenos, Kinder Schokolade,keto, more,",3.887,60.368,83.102,8,1,1,,1,1,1,1,1,1,1,1,1,1,1,1,1,,,1,1,,1,,,,,,,,1,,,,,,1,1,,,,,,,,,,,,,,,,,,,,,1,,,,,,4.456,58.311,58.989,35,,,,,,,,1,,,,90,100,-21,100,10,9,4,,,,,,,,,,Gut wenn du zuckeralternativen möchtest..,6,7,4.61,47.841,48.702,12,5,complete,,,,AT,1___921077831f6cf2d8d050216be9d6b7b8_VWGSGGK
2026-09-29 08:38:51,2026-09-29 08:40:45,0,100,113,1,2026-09-29 08:40:46,R_21n1e9Lmeh4KjeG,anonymous,DE,1,FL_EOS_ID,,3,4,1,1,6,2,100,Balisto,1.729,8.959,9.301,3,,1,,1,1,,,1,,1,1,1,1,1,,,,,1,1,,,1,,,,,,,,1,1,,,,,,,,,,,,1,,,,,,,,1,,,,,,,,,,,,4.373,40.805,41.804,20,,,,,,,,,,,,,,,,,,,,,,,,,,,,,,,,,,,1,complete,,,,AT,1___79b0b049b503d1a9acdb4729d824cd01_VWGSGGK
2026-09-29 08:45:19,2026-09-29 08:50:55,0,100,335,1,2026-09-29 08:50:55,R_8gzm8FZEXzxyMM8,anonymous,DE,1,FL_EOS_ID,,6,3,2,8,6,5,100,"Zotter, Manner, Milka, Lindt",2.891,2.891,23.497,1,1,1,,1,1,1,,1,,1,1,1,1,1,1,1,,,1,1,,1,,,,,,,,,1,,,,1,,,,,,,,,,,,,,,,,,,,,1,,,,,,,,3.06,69.741,79.556,19,,,,1,,,1,,,,,100,100,13,61,0,10,6,,,,,,,,,,"Eine österreichische Marke, die zuckerfreie und zuckerreduzierte Riegel anbietet.",6,8,6.727,71.915,72.865,5,4,complete,,,,AT,1___8a95eb2625937470fc81d424e5c15152_VWGSGGK
2026-09-29 08:53:48,2026-09-29 08:56:51,0,100,183,1,2026-09-29 08:56:51,R_2WOqUFkwLgHdfJy,anonymous,DE,0.800000011920929,FL_EOS_ID,,6,6,2,2,7,6,100,Mars Bounty Milka Duplo Nuts Mily Way,3.262,65.677,66.37,2,,1,,1,1,1,,,,1,,1,1,1,,,,,,1,,,,,,,1,,,,,,,1,,,,,,,,,,,,,,,,,,,,,,,,,,,,,1,3.043,58.108,59.668,31,,,,,,,,,,,,,,,,,,,,,,,,,,,,,,,,,,,5,complete,,,,AT,1___6127e03d3755b6ab8e06bfb7086c71b2_VWGSGGK
2026-09-29 08:51:35,2026-09-29 08:57:38,0,100,362,1,2026-09-29 08:57:38,R_2X0A4DXDHAulz8a,anonymous,DE,0.8999999761581421,FL_EOS_ID,,4,5,2,2,2,2,100,"Milka, Lindt, Bensdorf, Nestle, Suchard",2.718,65.114,66.901,2,1,1,,1,1,1,,1,,1,1,1,1,1,,1,,,1,1,,,1,,1,,,,,,,,1,,1,,,,,,,,,1,,1,,,,,,,1,1,,1,,,,,,,,5.63,75.811,76.921,40,,,,,,,,1,,,,75,100,85,90,100,8,5,,,,,,,,,,,3,6,2.132,23.097,23.004,10,4,complete,,,,AT,1___1d16c0dda2ebf6fc37a6c1a0339fe9e2_VWGSGGK
2026-09-29 09:05:41,2026-09-29 09:06:49,0,100,68,1,2026-09-29 09:06:50,R_2trOiR34uPyLwTC,anonymous,DE,0.800000011920929,FL_EOS_ID,,5,3,1,8,2,2,100,"Milka, nussini ",1.671,1.671,14.081,1,,1,,,,,,1,,,1,1,1,1,,,1,,1,1,,,1,,,,,,,,1,,,1,,,,,,,,,,,,1,1,,,,,,,,1,1,,,,,1,,,1.25,20.517,21.283,30,,,,,,,,,,,,,,,,,,,,,,,,,,,,,,,,,,,3,complete,,,,AT,1___72b31e18180b9356b774de86d95e3ca6_VWGSGGK
2026-09-29 09:11:23,2026-09-29 09:13:20,0,100,116,1,2026-09-29 09:13:21,R_8HcUdz3L380VprX,anonymous,DE,1,FL_EOS_ID,,5,6,1,2,6,5,100,"Snickers
Kinderpingui",1.461,1.6,26.17,2,,,,1,,1,,1,,1,1,1,1,1,,,,,,1,,,,,1,,,,,,,,,1,,,,,,,,,,,,1,,,,,,,,,,,,,,,,,,3.312,40.301,45.366,28,,,,,,,,,,,,,,,,,,,,,,,,,,,,,,,,,,,5,complete,,,,AT,1___d6deb94467a26aadb03f526152557017_VWGSGGK
2026-09-29 09:29:42,2026-09-29 09:31:30,0,100,108,1,2026-09-29 09:31:31,R_2ELlFUSndFE3nyg,anonymous,DE,0.800000011920929,FL_EOS_ID,,4,3,1,1,5,5,100,"Milka, manner, more nutrition ",2.49,2.49,11.252,1,,1,,1,1,1,,,,1,1,1,1,1,1,,1,,1,1,,,,,,,1,,,,1,,,,1,,,,,1,,,,,,,,1,,,,1,,,,1,1,,,,1,,,3.06,48.659,49.442,38,,,,,,,,,,,,,,,,,,,,,,,,,,,,,,,,,,,2,complete,,,,AT,1___630de50b2e9c1f63a0faf8af7e6c7b48_VWGSGGK
2026-09-29 09:50:51,2026-09-29 09:53:04,0,100,133,1,2026-09-29 09:53:05,R_2zqEBZ9MYDgmHwK,anonymous,DE,0.800000011920929,FL_EOS_ID,,7,4,1,2,6,5,100,Snickers,3.868,3.868,12.584,1,,1,,1,1,1,,1,,1,1,1,1,1,,,,,1,1,,,,,,,,,,,,,,,,,,,,,,1,,,,,,,,,,,,,,,,,,,,,1,8.321,49.877,50.483,25,,,,,,,,,,,,,,,,,,,,,,,,,,,,,,,,,,,1,complete,,,,AT,1___fa2dfe93d9eec74f53a663819a31a709_VWGSGGK
2026-09-29 10:02:51,2026-09-29 10:06:03,0,100,191,1,2026-09-29 10:06:03,R_8j375a552gDg6QN,anonymous,DE,1,FL_EOS_ID,,2,6,1,1,4,5,100,"Milka, Master Foods Produkte, Ritter, Zotter, Bahlsen, Lind",3.435,3.435,34.062,1,,1,,1,1,1,,1,,1,1,1,1,1,,,,,,1,,,1,,,,1,,,,,,1,1,1,,,,,,1,,,1,,,,,,,,,,1,1,1,,,,,,1,,4.34,67.188,70.016,22,,,,,,,,,,,,,,,,,,,,,,,,,,,,,,,,,,,2,complete,,,,AT,1___c179b0b142eb7cb807a41623e4576ef1_VWGSGGK
2026-09-29 10:10:51,2026-09-29 10:13:31,0,100,159,1,2026-09-29 10:13:31,R_8HHy2aD1B4aC06g,anonymous,DE,1,FL_EOS_ID,,4,5,2,5,5,7,100,"Choco friends, Duplo, milky way twix, leo, ",2.074,48.476,49.713,2,,1,,1,1,1,,1,,1,1,1,1,1,,,1,,1,1,,,,,,,1,,,,1,,1,,1,,,,,,,,,,,,,,,,,1,,1,,,,,,,,,,4.189,47.766,48.927,35,,,,,,,,,,,,,,,,,,,,,,,,,,,,,,,,,,,4,complete,,,,AT,1___abc3f4217b042c1fe6ff873cae73ee56_VWGSGGK
2026-09-29 10:11:58,2026-09-29 10:15:06,0,100,187,1,2026-09-29 10:15:06,R_2Tn1JpvJwZx72a8,anonymous,DE,1,FL_EOS_ID,,5,2,1,5,2,4,100,"Snickers, Mars, Twix, KitKat, Bounty",1.946,1.946,25.078,1,,1,1,1,1,,,1,,1,1,1,1,1,1,,,,1,1,,,,,,1,,,1,,,1,1,,,,,,,1,1,,,,,,,,,,,,,1,,,,,,,,1,,1.767,70.867,72.643,44,,,,,,,,,,,,,,,,,,,,,,,,,,,,,,,,,,,4,complete,,,,AT,1___e63e3df1d31718804124aee251d0c59e_VWGSGGK
2026-09-29 10:24:11,2026-09-29 10:28:33,0,100,262,1,2026-09-29 10:28:34,R_2fA8Fu7q2v2VGoN,anonymous,DE,1,FL_EOS_ID,,3,3,2,2,3,2,100,"Neoh, ahead, Suchard, Milka ",1.946,24.266,26.055,3,1,1,1,1,1,1,,1,,1,1,1,1,1,1,1,,,1,1,,1,1,1,1,,1,,,,1,1,1,1,1,,1,,,,1,,1,,1,1,,,,,,1,1,1,,,,1,,,,,,5.034,74.247,75.29,45,,,1,1,,,,1,,,,81,85,25,66,60,8,7,,,,,,,,,,"Kalorienarme Snacks ",5,8,2.58,33.387,35.641,15,4,complete,,,,AT,1___c7699393232649cc1d3498b682af64f1_VWGSGGK
2026-09-29 10:33:21,2026-09-29 10:35:56,0,100,155,1,2026-09-29 10:35:57,R_2lVnu5RoRDFOQ3o,anonymous,DE,0.8999999761581421,FL_EOS_ID,,5,2,2,1,5,4,100,"Mars, Twix, Bountie, Stickers, ",2.031,31.761,32.553,2,,1,,1,1,1,,1,,,1,1,1,1,,,,,1,1,,,1,,1,,,,,,,,,1,,,,,,,1,,,1,,,,,,,,,,,,,,,,,,,,2.298,54.337,55.869,31,,,,,,,,,,,,,,,,,,,,,,,,,,,,,,,,,,,3,complete,,,,AT,1___65089764d4c44f6ffc9a41017167a656_VWGSGGK
2026-09-29 10:34:34,2026-09-29 10:37:56,0,100,202,1,2026-09-29 10:37:57,R_2SuxJl306tS2xij,anonymous,DE,1,FL_EOS_ID,,3,3,2,8,6,2,100,"Kinder, Hej",2.06,2.06,29.741,1,1,1,,1,1,1,1,1,,1,1,1,1,1,1,1,,,1,1,,,,,,,,,,,1,,,,,,,,,1,,,,,,,,,,,,1,,,,,,,,,,,,3.068,49.754,51.438,19,,,,1,,,1,,,,,1,62,35,100,0,7,5,,,,,,,,,,Gesunder snack,4,5,4.787,14.754,15.482,3,4,complete,,,,AT,1___832b321793ff122d04e8d8bd734afae9_VWGSGGK
2026-09-29 10:35:44,2026-09-29 10:38:03,0,100,139,1,2026-09-29 10:38:03,R_8fjXZAgRH2ZtkAH,anonymous,DE,0.800000011920929,FL_EOS_ID,,4,4,2,3,2,5,100,"Snikers,mars",3.1,19.692,20.433,2,,1,,1,1,1,,1,,1,1,,1,1,1,,,,,1,,,1,,,1,,,,,,,,,,,,,,,,,,,,,,,,,,1,,,,,1,,,,,,,6.25,55.49,56.822,27,,,,,,,,,,,,,,,,,,,,,,,,,,,,,,,,,,,5,complete,,,,AT,1___33d61edf2dce3b4b2c6a59d14ec2faf8_VWGSGGK
2026-09-29 10:36:05,2026-09-29 10:39:12,0,100,186,1,2026-09-29 10:39:12,R_2CdZePnS1ev3gkT,anonymous,DE,1,FL_EOS_ID,,6,5,1,1,4,5,100,"Keine ",3.032,15.281,16.973,2,,,,,,,,,,1,1,1,1,1,,,,,,,,,,,,,,,,,1,,,1,,,,,,,,,,,,,,,,,,1,,,,,,,,,,,,4.616,64.137,65.348,33,,,,,,,,,,,,,,,,,,,,,,,,,,,,,,,,,,,3,complete,,,,AT,1___455511b82733926506e5963e5bcef8bd_VWGSGGK
2026-09-29 10:45:12,2026-09-29 10:48:05,0,100,173,1,2026-09-29 10:48:06,R_2drX2084btE7x2u,anonymous,DE,0.800000011920929,FL_EOS_ID,,6,4,1,6,2,1,100,"Milka Riegel ",6.241,20.388,24.278,2,,1,,1,1,,,1,,,1,1,1,1,,,,,,1,,,,,,,,,,,,,,,,,,,,,,1,,,,1,,,,,,,,,1,,,,,,,,,10.921,75.59,75.895,60,,,,,,,,,,,,,,,,,,,,,,,,,,,,,,,,,,,2,complete,,,,AT,1___daec3bbd8afd40d9dec3408f219eedbd_VWGSGGK
2026-09-29 11:48:14,2026-09-29 11:49:41,0,100,87,1,2026-09-29 11:49:42,R_2vYNJkVI7AqxRRv,anonymous,DE,1,FL_EOS_ID,,2,4,1,5,4,3,100,"Knoppers, Mars, Twix, Snickers",1.287,1.287,10.115,1,1,1,,1,1,,,1,,,1,1,1,1,1,,,,1,1,,,,,,,,,,,,,1,,,,,,,,1,,1,,,,,,,,,,,,,,,,,,,,,4.143,36.65,38.151,15,,,,,,,,,,,,,,,,,,,,,,,,,,,,,,,,,,,5,complete,,,,AT,1___a231ef5dd48196260bb39afa6b29e955_VWGSGGK
2026-09-29 12:14:51,2026-09-29 12:18:44,0,100,232,1,2026-09-29 12:18:44,R_8KD6aSeyWduyBJi,anonymous,DE,1,FL_EOS_ID,,3,2,2,5,1,3,100,"Mars, Snickers, Corny, Milky Way, More, JedenTag, Twix",3.091,3.091,39.09,1,,1,,1,1,1,,1,,1,1,1,1,1,1,1,,,1,1,,,,,,1,,,1,,,,,,,1,,,,,1,,,,,,1,,,,,,,,,,,,,,,,,7.105,54.34,55.367,37,,1,,,,,1,1,,,,1,20,0,8,5,3,0,,,,,,,,,,noch nie probiert,1,0,2.828,14.494,15.72,8,2,complete,,,,AT,1___14d51ccd383ff3e153d713fe5d0c2cbe_VWGSGGK
2026-09-29 12:30:48,2026-09-29 12:39:26,0,100,518,1,2026-09-29 12:39:27,R_8hLQ9xyfq78TYrb,anonymous,DE,0.800000011920929,FL_EOS_ID,,6,4,1,4,1,3,100,Mars bounty snickers twix,2.027,21.683,26.868,4,1,1,,1,1,1,,1,,1,1,1,1,1,1,1,1,,1,1,,,,,,,,,,,,,,,,1,,,,,,,,,,,,,,,,,,,,,,,,,,,1,2.466,211.487,212.219,32,,,,1,,,,1,,,,67,74,23,51,26,8,5,,,,,,,,,,"Schokoriegel mit weniger Zucker ",6,6,2.911,30.218,31.284,11,5,complete,,,,AT,1___5314255c50bf1343dd5fe5ae2e990495_VWGSGGK
2026-09-29 12:41:05,2026-09-29 12:42:58,0,100,113,1,2026-09-29 12:42:58,R_8fqaUSlFfA78s85,anonymous,DE,1,FL_EOS_ID,,5,6,1,8,2,1,100,weiss nicht,3.635,3.635,11.183,1,,,,1,,,,1,,,,,1,1,,,,,,,,,1,,1,,,,1,,,,,1,,,,,,,,,,,,,,,,,,,,,1,,,,,,,,,6.71,35.213,36.252,9,,,,,,,,,,,,,,,,,,,,,,,,,,,,,,,,,,,5,complete,,,,AT,1___2cc61645fd7aaa533ba1cb9e84c634f0_VWGSGGK
2026-09-29 12:41:58,2026-09-29 12:47:05,0,100,306,1,2026-09-29 12:47:05,R_8Gs6TnBAHdDiqOt,anonymous,DE,0.800000011920929,FL_EOS_ID,,3,3,2,2,3,3,100,"Kitkat, Mars, Twix, Bounty, Yokolade, Lion",1.201,1.201,33.767,1,,1,,1,1,1,,1,,1,1,1,1,1,,1,,,1,1,,,1,,,1,,,1,,1,,,1,1,,,,,1,,,,1,,,1,,,1,,1,,,1,,,,,,1,,,2.89,45.72,46.588,44,,,,1,,,,,,,,49,39,28,0,20,3,0,,,,,,,,,,Etwas teurer Proteinriegel,1,0,24.9,42.733,43.729,11,4,complete,,,,AT,1___a27140705fd4e4e223b42646f72a6974_VWGSGGK
2026-09-29 12:49:26,2026-09-29 12:51:05,0,100,98,1,2026-09-29 12:51:06,R_2ddaqvFhWxQBNLd,anonymous,DE,1,FL_EOS_ID,,6,3,1,2,3,2,100,"Balisto 
Kinderriegel 
Mars 
Twix
Snickers ",0.771,0.771,29.431,1,,1,,1,1,1,,1,,1,1,1,1,1,,,,,1,1,,,,,,,,,,,,1,,1,,,,,,,,,,,,,,,,,,,,,,,,,,,,,1,1.666,34.332,35.541,36,,,,,,,,,,,,,,,,,,,,,,,,,,,,,,,,,,,3,complete,,,,AT,1___b7701af9c9aec49c37b9a4f64e24a268_VWGSGGK
2026-09-29 12:50:27,2026-09-29 12:53:34,0,100,187,1,2026-09-29 12:53:34,R_8zcrMMwlO7pEIsy,anonymous,DE,1,FL_EOS_ID,,6,4,2,2,6,3,100,Kinderriegel,1.372,17.505,18.143,7,,1,,1,1,1,,1,,1,1,1,1,1,,1,,,1,1,,,,,,1,,,,,,,1,1,,,,,,,,,,,,,,,,,,,,,,,,,,,,,1,5.694,39.697,40.128,31,,,,,,,,,,,1,41,48,51,64,-1,5,5,,,,,,,,,,"Proteinquelle ",1,2,3.761,18.72,19.494,13,3,complete,,,true,AT,1___6344b4d6efc85b304ee28a4bf93b4e70_VWGSGGK
2026-09-29 12:49:48,2026-09-29 12:56:21,0,100,392,1,2026-09-29 12:56:21,R_8j80G79nruzquEI,anonymous,DE,1,FL_EOS_ID,,4,4,2,1,6,5,100,"Twix, Snickers, Bounty, Nuts, Ballisto, Kinderschokolade, Lila Pause, Corny, Knoppers Riegel, Nussini, ",4.202,4.202,95.137,1,,1,1,1,1,1,,1,,1,1,1,1,1,,1,,,1,1,,,1,1,,1,1,,,,1,1,1,1,1,,1,,,1,,,,1,,,,1,,,,,1,,1,,,,,,1,,,6.16,95.819,98.217,32,,,,1,,,,1,,,,61,70,43,10,0,4,2,,,,1,,,1,,1,"Schokoriegel mit besserem Gewissen, ist durchaus nah dran, aber geschmacklich nicht ganz mein Fall.",2,6,1.616,67.948,69.331,3,4,complete,,,,AT,1___cfbb388aa09b0f42e8218fe9b41fcff9_VWGSGGK
2026-09-29 12:54:03,2026-09-29 13:06:57,0,100,773,1,2026-09-29 13:06:58,R_8J2jjUMrwn4NLmV,anonymous,DE,1,FL_EOS_ID,,3,3,2,2,2,4,100,"Kinder Bueno 
Lindt
Toffifee
Milka",2.475,44.902,44.917,6,1,1,,1,1,1,,1,,1,1,1,1,1,1,1,,,1,1,,1,1,,1,,,,1,,1,1,1,1,1,,,,,1,1,,,,,1,,,,1,,1,1,1,1,1,,,,,1,1,,1.67,154.529,155.294,83,,,,,,,,1,,,,100,100,-30,80,1,3,4,,,,,,,,,,Gesunde aber bisschen teuere Schokoriegel,7,8,17.929,52.824,53.633,15,5,complete,,,,AT,1___6567143d18657c3ba572d7bff71de3ba_VWGSGGK
2026-09-29 13:13:32,2026-09-29 13:16:19,0,100,166,1,2026-09-29 13:16:19,R_8B8TJ59WseaJFqm,anonymous,DE,0.8999999761581421,FL_EOS_ID,,4,4,1,1,4,2,100,"Mars Snickers Bounty Twiny KitKat ",5.449,5.449,31.219,1,,,,1,1,1,,1,,1,1,,1,1,,,,,,1,,,,,,,,,1,,,,,1,1,,,,,,,,,,,1,,1,,1,,,,,,1,,,,,,,,5.795,57.105,60.828,16,,,,,,,,,,,,,,,,,,,,,,,,,,,,,,,,,,,3,complete,,,,AT,1___edc8afdb7c406bcda9e16afb73d75498_VWGSGGK
2026-09-29 13:20:54,2026-09-29 13:26:37,0,100,342,1,2026-09-29 13:26:37,R_8zw5rBKl48dOwdg,anonymous,DE,1,FL_EOS_ID,,4,6,1,3,3,5,100,Kinderschokolade,12.194,22.625,23.1,2,,1,,1,1,1,,1,,1,1,1,1,1,,,,,1,1,,,1,,1,,1,,1,,,1,1,1,1,,,,,1,1,,,,,1,1,1,,1,,1,1,1,1,1,,,,,1,1,,3.889,88.068,88.945,57,,,,,,,,,,,,,,,,,,,,,,,,,,,,,,,,,,,4,complete,,,,AT,1___bf77bc96482d13c23d147143a3177bfc_VWGSGGK
2026-09-29 13:27:48,2026-09-29 13:33:19,0,100,331,1,2026-09-29 13:33:20,R_8wmD5o8r3cpFoF7,anonymous,DE,1,FL_EOS_ID,,5,5,1,3,6,5,100,Milka,1.791,1.791,5.072,1,,1,,1,1,1,,1,,1,1,1,1,1,,1,,,1,1,,,,,,1,,,1,,,1,,,,,1,,,,,,,1,,,,,,,,1,,,,,,,,,,1,,5.651,73.213,74.567,24,,,1,,,,,1,,,,20,40,-20,20,100,8,6,,,,,,,1,,,"weniger Zucker, Proteine",2,6,2.587,17.271,18.036,3,4,complete,,,,AT,1___02731428d0ac244e2f0f6faa080b4902_VWGSGGK
2026-09-29 13:54:38,2026-09-29 13:56:34,0,100,116,1,2026-09-29 13:56:34,R_2wBIQIgNabGbHq1,anonymous,DE,1,FL_EOS_ID,,5,5,1,3,6,7,100,Raider Mars bounty,1.68,1.68,31.303,1,,,,,,,,,,,,,,1,,,,,,,,,,,,,,,,,,,1,,,,,,,,,,,,,,,,,,,,,,,,,,,,,,1,4.248,17.852,21.583,10,,,,,,,,,,,,,,,,,,,,,,,,,,,,,,,,,,,5,complete,,,,AT,1___5608da2c506f5a45ce4ae1211c05465e_VWGSGGK
2026-09-29 13:56:56,2026-09-29 14:01:30,0,100,274,1,2026-09-29 14:01:31,R_2cBZi6IBVgHFX6E,anonymous,DE,0.800000011920929,FL_EOS_ID,,4,4,2,8,2,1,100,"Milka ",2.922,29.868,45.229,3,,1,,1,1,1,,1,,1,1,1,1,1,1,1,,,1,1,,,1,,1,1,,,,,1,1,,,1,1,,,,,,,,,,,1,,,,,,,1,,1,,,,,,,,5.875,58.146,59.257,32,1,,,,,,,1,,,,100,100,41,100,100,4,8,,,,,,,,,,Zucker frei,1,9,4.243,30.262,31.473,8,5,complete,,,,AT,1___7b39c262cbd7a803a01ca560c54145bd_VWGSGGK
2026-09-29 14:08:24,2026-09-29 14:10:43,0,100,138,1,2026-09-29 14:10:43,R_8ttwZiei43pyntv,anonymous,DE,1,FL_EOS_ID,,2,5,1,9,3,3,100,Milka,2.844,2.844,9.006,1,,1,,1,1,,,1,,1,1,1,1,1,,,,,,1,,,,,,,,,1,,,1,,,1,,,,,,1,,,,,,,,,,,,1,,,1,,,,,,1,,4.008,45.816,46.805,17,,,,,,,,,,,,,,,,,,,,,,,,,,,,,,,,,,,3,complete,,,,AT,1___215e4468dd72d397ff1dd9efe4721f07_VWGSGGK
2026-09-29 14:26:26,2026-09-29 14:29:43,0,100,196,1,2026-09-29 14:29:44,R_8gFOMWUSivq2hVj,anonymous,DE,1,FL_EOS_ID,,3,5,1,3,5,3,100,"Bounty, Snickers, Mars, alnatura",3.203,3.203,33.226,1,,1,,1,,1,,1,,1,1,1,1,1,,,1,,,1,,,1,,1,,1,,,,,1,1,,1,,,,,,,,,1,,1,,1,,,,1,,1,1,1,,,,,,1,,5.95,81.184,82.577,73,,,,,,,,,,,,,,,,,,,,,,,,,,,,,,,,,,,4,complete,,,,AT,1___cb6e0e5a3abe3a515fd79e2b6db8ae34_VWGSGGK
2026-09-29 15:15:02,2026-09-29 15:16:35,0,100,92,1,2026-09-29 15:16:35,R_2QuaCWG8Demi3RD,anonymous,DE,0.800000011920929,FL_EOS_ID,,6,4,2,5,7,2,100,Snickers,2.547,9.424,10.09,2,,1,,1,1,1,,1,,1,1,1,1,1,1,,,,1,1,,,,,,1,,,,,,1,,,,,,,,,1,,,,,,,,,,,,,1,,1,,,,,,,,3.429,39.867,40.661,24,,,,,,,,,,,,,,,,,,,,,,,,,,,,,,,,,,,5,complete,,,,AT,1___7c6efb2bf53124be90a66fb8b09be254_VWGSGGK
2026-09-29 16:43:18,2026-09-29 16:47:57,0,100,279,1,2026-09-29 16:47:58,R_8W68aw6pPKXGOB3,anonymous,DE,1,FL_EOS_ID,,4,5,2,5,3,2,100,Milka bahlsen ESN Kinder Schoko Riegel corny,2.04,2.04,47.995,1,,1,,1,1,1,,1,,1,1,1,1,1,1,1,1,,1,1,,,1,,1,1,1,,,,1,1,,,1,,,,,,,,,,,1,1,1,,,,1,1,1,1,1,,,,,,1,,5.174,69.616,70.328,50,1,,,,,,,,,,,,,,,,3,0,,,,,,,,,,"Kann ich nicht beschreiben, noch nicht gegessen ",1,0,3.641,31.711,33.594,10,5,complete,,,,AT,1___b1f92924d9458d9c9c36cf8040a5e1dd_VWGSGGK
2026-09-29 16:58:25,2026-09-29 16:59:47,0,100,82,1,2026-09-29 16:59:48,R_2YVucWdOkufNoca,anonymous,DE,1,FL_EOS_ID,,5,4,1,8,4,5,100,keine,2.038,2.038,5.699,1,,,,1,,,,1,,,1,,,,,,,,,,,,,,,,,,,,,1,,,,,,,,,,,,,,,,,,1,,,1,,,,,,,,,,,2.681,26.835,27.801,6,,,,,,,,,,,,,,,,,,,,,,,,,,,,,,,,,,,2,complete,,,true,AT,1___71fae4b2a564bf5decd60d85830da652_VWGSGGK
2026-09-29 17:05:02,2026-09-29 17:11:05,0,100,362,1,2026-09-29 17:11:05,R_2pGKHrDBId7dEgT,anonymous,DE,1,FL_EOS_ID,,4,2,2,3,2,2,100,"Neoh
Milka
Kinder Schokolade
Mars
Sniker
Twix
Duplo
",5.458,60.675,64.142,2,,1,,1,1,1,,1,,1,1,1,1,1,1,1,,,1,1,,,1,,,1,,,1,,1,1,1,,1,,,,,,1,,,,,,,,,,,1,1,,,1,,,,,,,,5.774,79.808,80.892,54,,,,1,,,,1,1,1,,20,0,-14,0,0,5,2,,,,,,,,,,Genauso wie in der werbung.,2,5,4.083,27.741,28.233,12,3,complete,,,,AT,1___7db423cafc28bac1ff555075d05cc473_VWGSGGK
2026-09-29 17:17:37,2026-09-29 17:18:28,0,100,50,1,2026-09-29 17:18:28,R_87eAt2tj0XY6aQN,anonymous,DE,1,FL_EOS_ID,,5,2,2,2,3,4,100,kinder,0.929,0.929,4.775,1,,,,,,,,,,1,1,,,,,,,,1,,,,,,,,,,,,,,1,,,,,,,,,,,,,,,,,,,,1,,,,,,,,,,,1.396,10.655,15.323,5,,,,,,,,,,,,,,,,,,,,,,,,,,,,,,,,,,,5,complete,,,,AT,1___585246a5a0f9db603584985709c1491b_VWGSGGK
2026-09-29 17:25:15,2026-09-29 17:25:46,0,100,30,1,2026-09-29 17:25:46,R_89oU88fkZmMQHZb,anonymous,DE,0.800000011920929,FL_38,,3,3,1,5,3,2,17,,,,,,,,,,,,,,,,,,,,,,,,,,,,,,,,,,,,,,,,,,,,,,,,,,,,,,,,,,,,,,,,,,,,,,,,,,,,,,,,,,,,,,,,,,,,,,,,,,,,,,,,,,,,complete,,,,AT,1___3058025457e654965d31c2ad9982e3a8_VWGSGGK
2026-09-29 17:22:43,2026-09-29 17:26:16,0,100,212,1,2026-09-29 17:26:16,R_8743FL5KaJSTDep,anonymous,DE,1,FL_EOS_ID,,6,5,2,4,3,2,100,"Mars, Bounty, Milka",1.992,27.179,27.601,3,,1,,1,1,1,,1,,1,1,1,1,1,,1,,,1,1,,,,,1,,,,1,,,1,,,,,,,,,1,,,,,,,,,,,,,,,,,,,,,1,,4.786,71.734,72.586,35,,,,,,,,,1,,,1,1,1,-2,0,5,2,,,,,,,,,,"Weiß ich nicht ",3,5,3.985,23.654,24.457,12,5,complete,,,,AT,1___2eed38af3cf3f48c042e3c9fa2789587_VWGSGGK
2026-09-29 17:29:35,2026-09-29 17:41:26,0,100,711,1,2026-09-29 17:41:26,R_2yFtXfCvfuhxCqR,anonymous,DE,0.800000011920929,FL_EOS_ID,,1,2,2,8,2,3,100,"Mars, Twix, milka",2.158,2.158,12.559,1,,1,,1,1,1,,1,,1,1,1,1,1,1,1,,,1,1,,,,,,,,,,,,1,,,,,,,,1,,,,,,,1,,,,,1,,,,,,,,,,,,3.505,36.597,37.944,36,,1,,,,,,,,,,13,-12,-7,4,2,5,0,,,,,,,,,,Schokoladig,1,1,8.056,20.483,20.801,10,4,complete,,,,AT,1___635c68d2dd9873549b82297b7f7a604b_VWGSGGK
2026-09-29 17:38:06,2026-09-29 17:42:47,0,100,281,1,2026-09-29 17:42:48,R_2QQFTAv9wgkFw5u,anonymous,DE,1,FL_EOS_ID,,5,5,2,2,7,3,100,"Kinder, Manner, Balisto, Milka, Duplo, Nuts, Snickers, Bounty, Mars",3.317,3.317,122.017,1,,1,,1,1,1,,,,1,1,1,1,1,,,,,1,1,,,1,,1,,1,,1,,1,1,1,,1,,,,,1,1,,,1,,,,,,,,1,,1,,1,,,,,1,1,,6.64,73.707,75.375,28,,,,,,,,,,,,,,,,,,,,,,,,,,,,,,,,,,,3,complete,,,,AT,1___4c3da86ab4fae85409751d93776b7f5e_VWGSGGK
2026-09-29 17:49:38,2026-09-29 17:52:00,0,100,141,1,2026-09-29 17:52:01,R_2L1EINeJ4jdcFEe,anonymous,DE,1,FL_EOS_ID,,6,5,1,2,3,3,100,"mars, twix, duplo, nussini",2.927,2.927,29.734,1,,,,1,,1,,,,,,1,1,1,,,,,,1,,,,,1,,,,,,,,,1,,,1,,,,,,,,,,,,,,,,,,,1,,,,,,,,7.145,47.59,54.093,10,,,,,,,,,,,,,,,,,,,,,,,,,,,,,,,,,,,5,complete,,,,AT,1___677db3965fc529d7a2a33cd68d98cbbf_VWGSGGK
2026-09-29 17:59:50,2026-09-29 18:05:45,0,100,354,1,2026-09-29 18:05:45,R_21aq4qFVx7MBIAR,anonymous,DE,0.800000011920929,FL_EOS_ID,,5,6,1,1,3,7,100,"Mars, Snickers, Lion, Bounty, Twix",3.943,73.402,73.914,2,,1,,1,1,1,,1,,1,1,1,1,1,,1,,,1,1,,,,,1,1,1,,,,,,1,1,,,,,,,1,,,,,1,,1,,,,,,1,1,,,,,,,1,,5.92,59.356,61.3,40,,,1,,,,,1,1,,,24,33,9,9,2,5,0,,,,,,,,,,Neuer Riegel,5,6,4.348,42.989,43.565,16,4,complete,,,,AT,1___7ed217ca1ad05189bdfc6633414b9591_VWGSGGK
2026-09-29 18:38:02,2026-09-29 18:41:50,0,100,227,1,2026-09-29 18:41:51,R_8rO9SrrpbcbN1Wi,anonymous,DE,0.800000011920929,FL_EOS_ID,,6,4,1,2,4,2,100,"Kinderschokolade ",2.901,2.901,10.453,1,,1,,1,1,1,,1,,1,1,1,1,1,,1,,,1,1,,,1,,1,1,,,,,1,1,,,1,,,,,,1,,,1,,,,,,,,,,,,,,,,,,,,6.7,51.372,52.382,30,,,,,,,,,,,1,31,37,37,40,7,5,2,,,,,,,,,,Lecker,5,7,4,29.624,30.873,9,4,complete,,,,AT,1___bead92e850f509c82750d9490046d1e7_VWGSGGK
2026-09-29 19:07:25,2026-09-29 19:09:04,0,100,98,1,2026-09-29 19:09:04,R_8eK8X6nHPwLEIpa,anonymous,DE,1,FL_EOS_ID,,5,5,2,2,7,5,100,Mars,2.366,2.366,5.849,1,,1,,1,,1,,,,1,1,1,1,1,,,,,,1,,,,,,,1,,,,,,1,,,,,,,,,,,,,,,,,,,,,,,,,,,,,,1,4.358,40.732,41.677,15,,,,,,,,,,,,,,,,,,,,,,,,,,,,,,,,,,,5,complete,,,,AT,1___e28ab7677dfa4245e90e096643a8f515_VWGSGGK
2026-09-29 19:10:33,2026-09-29 19:14:06,0,100,213,1,2026-09-29 19:14:06,R_2P75pS7Z263KHcZ,anonymous,DE,0.800000011920929,FL_EOS_ID,,4,6,2,2,6,7,100,"Mars, Bounty, Twix, Milky way, Lion, ",3.748,3.748,46.404,1,,1,,1,1,1,,1,,,1,1,1,1,1,,,,1,1,,,1,,1,1,,,,,,,1,1,,,,,,,,,,,,1,,,,,,,,,1,1,,,,,,,,6.899,89.889,91.103,47,,,,,,,,,,,,,,,,,,,,,,,,,,,,,,,,,,,3,complete,,,,AT,1___df72cc0dada9b9ec3459392c88886b92_VWGSGGK
2026-09-29 19:10:49,2026-09-29 19:15:19,0,100,270,1,2026-09-29 19:15:20,R_2c4ot6sRApCfwVb,anonymous,DE,0.800000011920929,FL_EOS_ID,,3,2,2,6,7,3,100,"Kinder, Mars, Twix, Balisto, Löwe, Bounty, Kinder Bueno,",16.39,58.401,70.143,6,,1,,1,1,1,,,,1,1,1,1,1,1,1,1,,1,1,,,1,,1,1,,,,,1,1,1,1,1,,,,,1,,,,1,,1,1,1,,,,,1,1,1,1,,,,,1,,,3.902,86.377,86.977,53,,,,,,,,,,,1,36,77,63,59,59,5,0,,,,,,,,,,Gar nicht,1,0,3.701,14.882,15.692,9,2,complete,,,,AT,1___9cb55e6038222a1e971946b27b0d99b3_VWGSGGK
2026-09-29 19:37:10,2026-09-29 19:38:07,0,100,56,1,2026-09-29 19:38:08,R_8KHOJmQQqJISqS1,anonymous,DE,1,FL_38,,5,4,1,2,4,2,13,,,,,,,,,,,,,,,,,,,,,,,,,,,,,,,,,,,,,,,,,,,,,,,,,,,,,,,,,,,,,,,,,,,,,,,,,,,,,,,,,,,,,,,,,,,,,,,,,,,,,,,,,,,,complete,,,,AT,1___0c77b8d358dde338065fc36fdfdcaba9_VWGSGGK
2026-09-29 19:48:35,2026-09-29 19:50:33,0,100,118,1,2026-09-29 19:50:33,R_8CK7FRCJin6lZZf,anonymous,DE,0.6000000238418579,FL_EOS_ID,,5,6,1,3,3,3,100,"Nuts, Mars, Bounty,",2.452,2.452,16.7,1,,1,,1,,1,,,,1,1,1,1,1,,,,,,1,,,,,1,,,,,,,,1,1,,,,,,,,,,,,1,,,,,,,,,,,,,,,,,,3.593,43.227,45.703,15,,,,,,,,,,,,,,,,,,,,,,,,,,,,,,,,,,,4,complete,,,true,AT,1___ce171cf74076d4f2045a51c36d8f6f04_VWGSGGK
2026-09-29 19:50:57,2026-09-29 19:55:10,0,100,253,1,2026-09-29 19:55:11,R_8NiJzX3xxJZQyjL,anonymous,DE,1,FL_EOS_ID,,3,4,2,8,3,2,100,Milka,1.476,22.101,22.942,5,,1,,1,1,1,,1,,1,1,1,1,1,1,1,,,1,1,,,1,,1,,1,,,,1,,1,,1,1,1,,,1,1,,,1,,1,,1,,,,1,1,1,,1,,1,,,1,1,,2.316,70.779,71.332,44,,,,,,,,1,1,,,100,100,100,100,75,10,10,,,,,,,,,,Schmeckt lecker,7,10,2.466,18.5,19.388,8,5,complete,,,,AT,1___939af771349d817b1d5ac96aa610f945_VWGSGGK
2026-09-29 20:08:07,2026-09-29 20:11:56,0,100,228,1,2026-09-29 20:11:56,R_2qHYCEX1358PVHQ,anonymous,DE,0.800000011920929,FL_EOS_ID,,2,4,2,3,6,2,100,"Snickers, Bounty, Mars, Lindt, Milka, ",4.286,57.018,57.681,2,,1,,1,1,1,,1,,1,1,1,1,1,,,,,1,1,,,1,,,,,,,,,1,1,,,,,,,,1,,,,,,,,,,,,,1,,1,,,,,,1,,4.199,98.269,98.881,31,,,,,,,,,,,,,,,,,,,,,,,,,,,,,,,,,,,3,complete,,,,AT,1___82b730fa6ab068132101c1f5409b575f_VWGSGGK
2026-09-29 20:13:05,2026-09-29 20:15:20,0,100,134,1,2026-09-29 20:15:20,R_2Y4wJnALSYyfZsL,anonymous,DE,0.800000011920929,FL_EOS_ID,,3,6,2,9,2,3,100,Milka. SUCHARD,2.137,11.194,20.446,2,,1,,1,,1,,1,,1,1,1,1,1,,,,,1,1,,,,,1,,,,,,,,1,1,1,,,,,,,,,,,,,,,,,,,1,,1,,,,,,,,5.785,59.371,60.039,28,,,,,,,,,,,,,,,,,,,,,,,,,,,,,,,,,,,3,complete,,,,AT,1___5a9e4dc14d6df6464370785cf99b979f_VWGSGGK
2026-09-29 20:25:23,2026-09-29 20:28:45,0,100,202,1,2026-09-29 20:28:46,R_2uJsQ7DTONdLExj,anonymous,DE,0.800000011920929,FL_EOS_ID,,2,3,2,5,7,2,100,"Milka, ",2.176,16.019,16.461,2,,1,,1,1,1,,1,,1,1,1,1,1,,1,,,1,1,,,1,,1,,,,1,,1,1,1,1,1,,,,,1,1,,,,,,,,,1,,1,1,,,1,,,,,1,1,,2.49,53,53.58,44,,,,,,,,1,,,,,,23,0,11,2,0,,,,,,,,,,"Hab nur einen biss probiert ",1,0,2.574,32.417,32.944,8,3,complete,,,true,AT,1___f7581b78c89b3e0ad1a5665f10cb3006_VWGSGGK
2026-09-29 20:17:21,2026-09-29 20:29:14,0,100,712,1,2026-09-29 20:29:14,R_89KtetXxowxqb73,anonymous,DE,1,FL_EOS_ID,,4,4,2,1,4,2,100,"Snickers, Bounty, Mars, ",7.367,88.395,89.021,10,,1,,1,1,1,,,,1,1,,1,1,,1,,,1,1,,,,,1,1,1,,,,,,,,,,,,,,1,,,,,,1,1,,,,1,,,,,,,,,,,,2.011,123.299,124.203,45,,,,,,,,,,,1,0,3,0,0,0,7,0,,,,,,,,,,Ich kann NEOH nicht beschreiben.,2,0,5.274,58.284,59.244,11,1,complete,,,,AT,1___511f7403464ab77fb39e83581e5e6f40_VWGSGGK
2026-09-29 21:03:51,2026-09-29 21:04:28,0,100,36,1,2026-09-29 21:04:28,R_2rTsJYHz2VFKttD,anonymous,DE,1,FL_EOS_ID,,3,3,1,1,3,4,100,"Milka
",1.568,1.568,5.371,1,,,,,,,,,,,,,,,,,,,,1,,,,1,,,,,,,,,,,,,,,,,,,,,,,,,,,,,,,,,,,,1,,,,1.136,3.38,4.483,3,,,,,,,,,,,,,,,,,,,,,,,,,,,,,,,,,,,2,complete,,,true,AT,1___6f32756bee56c502dd456c63f455a641_VWGSGGK
2026-09-29 21:09:56,2026-09-29 21:10:26,0,100,30,1,2026-09-29 21:10:27,R_82wkVarP7lJdwFH,anonymous,DE,1,FL_38,,3,4,2,6,6,5,-47,,,,,,,,,,,,,,,,,,,,,,,,,,,,,,,,,,,,,,,,,,,,,,,,,,,,,,,,,,,,,,,,,,,,,,,,,,,,,,,,,,,,,,,,,,,,,,,,,,,,,,,,,,,,complete,,,true,AT,1___460af1227526e3f69f4db66d11e71b14_VWGSGGK
2026-09-29 21:08:05,2026-09-29 21:16:39,0,100,514,1,2026-09-29 21:16:40,R_2rOOBdOCinPAWRP,anonymous,DE,0.8999999761581421,FL_EOS_ID,,3,5,2,1,3,2,100,"Balisto, Milka Schoko Erdbeerriegel, Lindt Wafer, Duplo, Bounty, Snickers,Knoppers",133.992,230.63,233.175,2,,1,,,,1,1,1,1,1,1,,1,1,,1,1,1,,1,,,1,,,,1,,1,1,,1,,,,,1,,1,,,,,,,,,1,,,1,,1,,,,,,,1,,,,2.022,77.497,78.559,65,,,,,,,,1,,,,70,60,25,77,-1,7,4,,,,,,,1,,,Guter Geschmack und gesunder als normales Naschen,6,5,1.87,35.613,37.105,13,5,complete,,,,AT,1___75862b054b4b51872658d3c35b692b0e_VWGSGGK
2026-09-29 21:21:17,2026-09-29 21:27:09,0,100,352,1,2026-09-29 21:27:10,R_2K1Ghw5YeilfHSh,anonymous,DE,1,FL_EOS_ID,,3,6,2,9,3,3,100,"Alnatura, Ovomaltine",24.484,24.484,42.294,1,,,,1,,1,,,,1,1,1,1,1,,1,,,,,,,,,1,,,,,,,,1,,,,1,,,,,,,,,,,,,,,,,,,,,,,,,,1,7.464,79.835,82.231,12,,,,,,,,1,,,,99,82,78,100,2,8,9,,,,,,,,,1,"Ein Riegel, der gesund ist UND schmeckt",5,7,2.212,40.031,41.326,3,3,complete,,,,AT,1___6b49c5f26f1ffea10ef1b1cc47b78236_VWGSGGK
2026-09-29 21:39:46,2026-09-29 21:43:20,0,100,214,1,2026-09-29 21:43:21,R_8CNE39XxEY62QuG,anonymous,DE,1,FL_EOS_ID,,6,4,2,2,6,2,100,"Mars, Twitter, Männer, Milka, Lindt ",2.276,29.213,30.694,2,,1,,1,1,1,,1,,1,1,1,1,1,1,1,,,,1,,,,,,,,,,,,,1,1,1,1,,,,,,,,,,,,,,,,,,,1,1,1,,,,,,,3.636,51.633,52.384,38,,,,,,,,,,,1,,,,,,,2,,,,,,,,,,,1,0,2.3,14.2,14.101,10,5,complete,,,,AT,1___033b7faa679e7763b17391a87e71c0f3_VWGSGGK
2026-09-29 21:43:03,2026-09-29 21:47:43,0,100,279,1,2026-09-29 21:47:43,R_8k7XwMAtuQq80vs,anonymous,DE,0.800000011920929,FL_EOS_ID,,4,3,2,2,4,3,100,"Kinder, Balisto, Milka",3.401,3.401,31.667,1,1,1,,1,1,1,1,1,,1,1,1,1,1,1,1,,,1,1,,,1,,,1,1,,1,,1,1,1,,1,,,,,1,,,,,,,,1,,,,1,1,,,1,,,,,1,,,4.801,69.781,70.96,44,,1,,,,,,1,,,,100,92,78,95,20,8,8,,,,,,,,,,Zuckerfreier leckerer Riegel,6,8,3.701,32.101,33.093,11,4,complete,,,true,AT,1___093dd11306d7e19245d98fa4ee0744e8_VWGSGGK
2026-09-29 22:16:20,2026-09-29 22:17:59,0,100,99,1,2026-09-29 22:18:00,R_8fYUtUnfXKBqZyk,anonymous,DE,1,FL_EOS_ID,,5,5,1,2,5,5,100,"kinder, milka",3.185,3.185,12.542,1,,1,,1,1,1,,,,1,1,1,1,1,,,,,,1,,,,,1,,,,,,1,,1,,1,,,,,,,,,,,,,,,,,,,1,,1,,,,,,,,3.847,41.459,42.804,16,,,,,,,,,,,,,,,,,,,,,,,,,,,,,,,,,,,4,complete,,,,AT,1___a769bac0c73aea25813d3ae71dd764f4_VWGSGGK
2026-09-29 23:34:48,2026-09-29 23:38:03,0,100,195,1,2026-09-29 23:38:04,R_2YPRAiIgu2LqlRS,anonymous,DE,0.8999999761581421,FL_EOS_ID,,4,5,1,2,4,2,100,Kinder,4.001,4.001,9.501,1,,1,,,,,,,,1,,,,1,,,,,,,,,1,,,,,,,,1,,1,,1,,,,,,,,,,,,,,,,,,,,,,,,,,,,1,2.988,54.67,55.57,26,,,,,,,,,,,,,,,,,,,,,,,,,,,,,,,,,,,3,complete,,,,AT,1___e9432e9a159cc355cde6bcc88fbe9d78_VWGSGGK
2026-09-30 00:00:43,2026-09-30 00:02:01,0,100,77,1,2026-09-30 00:02:01,R_8gNwH5GMJ1y35d3,anonymous,DE,1,FL_EOS_ID,,7,6,1,1,4,5,100,keine,3.205,3.205,9.142,1,,,,,,,,,,,,1,,1,,,,,,,,,,,,,,,,,,,,,,,,,,,,1,,,,,,,,,,,,,,,,,,,,,1,7.63,21.374,22.386,4,,,,,,,,,,,,,,,,,,,,,,,,,,,,,,,,,,,5,complete,,,,AT,1___621280fd49940df86d2b1c0d707d9ab2_VWGSGGK
2026-09-30 06:34:40,2026-09-30 06:36:36,0,100,116,1,2026-09-30 06:36:37,R_8LjOeeSFqKsXaOy,anonymous,DE,1,FL_EOS_ID,,7,4,1,1,5,3,100,milka,1.309,1.309,6.937,1,,,,1,1,1,,1,,1,1,1,1,1,,1,,,1,1,,,,,,,1,,,,1,,,,1,,,,,,,,,,,,,,,,,,,,,,,,,,,,1,5.134,34.386,35.274,17,,,,1,,,,,,,,4,2,-8,-2,-1,0,0,,,,,,,,,,.,1,0,2.096,6.033,7.038,3,5,complete,,,,AT,1___22b2d5d797030ca3ce1efa9882f69cdc_VWGSGGK
